lat,lon,first_year,last_year,first_richness,last_richness,delta,direction
-16.35,46.85,2010,2025,9.42,7.73,-1.69,down
13.45,-16.75,2018,2025,10.74,9.07,-1.67,down
0.05,32.45,2013,2025,19.49,12.33,-7.16,down
-24.95,31.55,2009,2025,9.87,10.73,0.86,up
-19.05,48.45,2017,2024,8.28,8.0,-0.28,flat
-3.35,39.95,2020,2025,11.92,16.74,4.81,up
10.85,19.75,2024,2025,10.43,12.3,1.87,up
-0.95,36.65,2018,2023,10.2,8.94,-1.26,down
0.85,30.05,2015,2025,10.36,8.23,-2.13,down
-3.35,29.35,2013,2025,10.48,15.26,4.78,up
-0.35,37.35,2018,2025,9.06,6.64,-2.42,down
-2.75,20.25,2022,2025,9.26,8.15,-1.11,down
-1.05,29.75,2012,2023,8.95,9.64,0.69,up
-3.15,29.55,2011,2025,11.03,12.73,1.69,up
0.25,34.85,2000,2025,5.82,8.82,3.0,up
6.25,-0.55,2010,2024,13.43,9.36,-4.07,down
-21.25,47.45,1993,2024,10.14,5.73,-4.41,down
-14.25,33.45,2015,2023,9.38,9.14,-0.23,flat
-3.25,39.95,2024,2025,6.57,11.82,5.25,up
-28.35,32.45,2014,2025,9.08,8.64,-0.44,flat
-3.15,40.15,2022,2024,11.17,7.12,-4.05,down
-3.15,37.25,2022,2025,6.73,9.38,2.65,up
-12.45,31.25,2016,2023,9.78,7.59,-2.19,down
-15.25,28.45,2021,2024,6.0,10.0,4.0,up
9.25,-1.85,2016,2024,12.3,9.11,-3.19,down
12.95,-16.75,2019,2023,18.4,10.97,-7.42,down
0.35,34.85,2012,2023,11.66,9.37,-2.29,down
-34.35,18.85,2017,2024,6.23,11.08,4.85,up
13.35,-13.35,2017,2024,7.87,7.65,-0.22,flat
-0.55,34.25,2017,2023,14.08,7.69,-6.39,down
5.25,-2.65,2013,2024,10.0,9.72,-0.28,flat
31.15,-7.85,2014,2024,7.55,7.55,0.0,flat
-18.95,48.45,2010,2024,8.88,13.95,5.07,up
31.25,-7.85,2014,2025,9.3,6.44,-2.86,down
-33.05,18.05,2017,2024,14.66,10.79,-3.87,down
2.25,31.55,2011,2025,20.13,10.98,-9.15,down
-2.65,38.35,2023,2024,14.6,12.91,-1.69,down
12.35,-1.45,2010,2025,10.0,14.05,4.05,up
-24.95,31.65,2023,2024,12.07,10.64,-1.43,down
0.15,32.55,2005,2025,6.0,12.44,6.44,up
-0.75,36.45,2015,2024,11.8,9.0,-2.8,down
0.45,30.35,2010,2025,7.85,9.38,1.53,up
-1.35,36.85,2015,2023,9.61,11.73,2.12,up
-14.85,35.25,2009,2024,15.73,12.27,-3.45,down
11.85,-15.85,2019,2023,10.32,7.14,-3.18,down
-25.15,31.25,2013,2025,9.34,8.3,-1.03,down
-3.35,36.55,2011,2024,7.64,26.53,18.89,up
7.55,-11.35,2022,2023,8.57,8.36,-0.21,flat
-3.25,36.75,2020,2023,4.65,8.36,3.71,up
-10.55,33.75,2015,2023,8.07,9.17,1.09,up
-33.95,18.45,2016,2025,12.47,9.33,-3.15,down
-2.95,37.55,2020,2023,12.08,10.18,-1.9,down
13.55,-14.75,2018,2025,9.11,9.4,0.29,flat
-12.45,27.65,2023,2024,7.55,8.64,1.09,up
-33.25,18.15,2019,2024,6.24,8.0,1.76,up
-25.15,28.15,2020,2025,8.5,9.0,0.5,up
-1.25,36.85,2008,2023,10.83,12.0,1.17,up
-12.95,28.35,2020,2023,9.88,8.56,-1.33,down
1.75,31.55,2015,2025,10.0,14.35,4.35,up
-34.05,18.45,2024,2025,9.46,9.9,0.44,flat
5.85,0.05,2018,2024,10.87,9.0,-1.87,down
-1.35,36.75,2018,2023,15.0,8.87,-6.13,down
6.25,-5.05,2017,2024,10.27,8.85,-1.42,down
-18.75,48.45,2008,2024,18.0,16.41,-1.59,down
-0.35,11.75,2022,2024,10.12,10.97,0.86,up
13.05,-16.75,2018,2023,8.14,8.62,0.47,flat
12.35,-12.35,2018,2024,17.69,8.94,-8.75,down
-3.35,36.85,2020,2023,7.79,10.0,2.21,up
6.15,-1.35,2016,2024,37.07,9.5,-27.58,down
0.05,32.35,2015,2025,8.95,8.19,-0.76,down
-15.85,27.25,2024,2025,7.17,6.96,-0.21,flat
-0.95,29.65,2005,2025,7.86,6.8,-1.06,down
-2.45,29.05,2010,2025,10.32,10.21,-0.12,flat
-15.95,35.65,2015,2023,5.77,8.77,2.99,up
9.05,38.75,2009,2025,13.33,8.38,-4.95,down
6.65,-1.35,2016,2024,9.67,8.52,-1.15,down
13.75,-16.45,2017,2024,17.79,9.31,-8.48,down
-19.15,32.75,2019,2024,9.89,10.38,0.5,flat
-15.45,28.45,2010,2025,13.0,9.0,-4.0,down
-29.85,30.95,2016,2025,12.15,8.33,-3.82,down
-3.35,38.35,2018,2024,7.15,7.27,0.12,flat
-0.15,34.75,2017,2023,10.83,8.99,-1.84,down
-23.15,43.65,2010,2024,9.95,7.86,-2.09,down
5.35,-1.45,2015,2023,11.09,10.55,-0.55,down
-12.55,30.25,2016,2025,9.85,8.92,-0.93,down
-1.05,31.55,2021,2023,11.48,8.36,-3.12,down
-24.15,30.95,2018,2024,8.46,10.47,2.01,up
0.65,36.05,2010,2024,9.85,8.38,-1.47,down
0.45,30.45,2015,2025,9.75,9.86,0.11,flat
-2.65,37.15,2017,2025,8.52,11.43,2.91,up
-1.25,36.75,1998,2023,8.35,12.17,3.83,up
-29.05,26.25,2018,2024,11.87,6.77,-5.1,down
-12.85,28.35,2021,2023,9.06,9.61,0.55,up
31.35,-5.95,2024,2025,4.5,5.76,1.26,up
-28.15,32.55,2019,2025,4.71,8.94,4.23,up
-0.85,36.35,2022,2023,11.01,10.3,-0.71,down
-2.75,37.35,2017,2023,7.71,6.3,-1.41,down
-1.55,35.35,2023,2024,7.53,5.64,-1.89,down
-0.55,36.45,2021,2024,5.65,7.0,1.35,up
5.35,-1.35,2001,2024,8.95,8.82,-0.12,flat
30.05,-9.65,1993,2024,11.21,9.36,-1.85,down
-0.15,11.65,2022,2024,9.27,9.97,0.69,up
-29.15,26.15,2019,2023,8.36,8.36,0.0,flat
-19.05,16.45,2016,2025,7.85,7.39,-0.46,flat
-28.75,26.05,2022,2025,7.65,6.55,-1.1,down
-17.95,25.85,2014,2025,11.44,10.0,-1.44,down
-26.05,32.95,2010,2024,15.88,10.0,-5.88,down
-33.95,20.85,2017,2024,8.03,8.6,0.57,up
-1.75,12.95,2021,2023,10.29,9.68,-0.61,down
-6.85,39.05,2021,2024,7.94,8.0,0.06,flat
2.95,16.25,2020,2025,14.0,4.58,-9.42,down
-3.35,29.25,2011,2025,16.35,9.3,-7.04,down
31.25,-3.95,2022,2024,4.94,7.8,2.86,up
-6.35,37.05,2017,2023,7.0,5.62,-1.38,down
13.25,-16.55,2018,2023,10.5,8.02,-2.48,down
-5.15,38.65,2017,2025,9.02,9.03,0.02,flat
-3.35,39.85,2009,2025,9.08,10.81,1.73,up
8.45,-13.25,2018,2023,8.38,7.0,-1.38,down
-20.45,57.45,2014,2025,9.38,6.79,-2.59,down
-0.65,30.95,2005,2025,10.92,8.75,-2.17,down
-1.35,29.65,2005,2015,8.66,9.6,0.95,up
7.15,39.75,2014,2015,7.45,7.22,-0.24,flat
12.65,-7.95,2015,2019,13.02,12.0,-1.02,down
-15.35,35.35,2009,2015,9.07,8.54,-0.53,down
36.55,8.35,2015,2016,17.12,10.94,-6.17,down
7.05,38.45,2015,2019,9.46,11.09,1.63,up
7.55,38.65,2014,2019,8.81,10.44,1.63,up
9.55,39.85,2014,2015,8.72,9.1,0.38,flat
-33.25,26.55,2015,2022,10.71,11.84,1.13,up
5.45,-7.25,2015,2018,11.2,11.03,-0.17,flat
-1.25,29.75,2005,2022,8.3,10.09,1.79,up
0.85,30.15,2015,2020,9.9,19.99,10.09,up
5.05,8.85,2012,2015,14.02,20.98,6.96,up
-25.15,28.25,2013,2021,9.27,21.59,12.32,up
-0.15,30.05,2015,2020,8.79,10.0,1.21,up
0.05,36.95,2015,2022,17.4,11.44,-5.96,down
-33.45,26.85,2014,2019,19.55,11.45,-8.09,down
15.85,-16.55,2015,2016,15.17,19.0,3.83,up
-25.35,27.45,2015,2016,20.61,17.55,-3.06,down
-0.45,36.25,2014,2015,15.71,12.6,-3.12,down
-33.35,26.55,2015,2021,9.9,8.37,-1.53,down
-10.55,33.65,2015,2017,8.69,8.73,0.04,flat
8.75,38.95,2013,2015,12.7,7.52,-5.18,down
-33.35,26.65,2015,2022,12.15,10.92,-1.23,down
7.95,38.75,2014,2019,7.14,7.95,0.82,up
-0.65,34.05,2015,2016,8.54,7.82,-0.72,down
-0.55,31.05,2015,2022,10.84,9.48,-1.37,down
5.35,-4.05,2015,2020,13.09,10.24,-2.85,down
-0.65,34.15,2012,2017,11.13,12.44,1.31,up
-15.95,29.05,2012,2015,17.4,11.27,-6.13,down
14.75,-17.55,2015,2016,12.1,16.09,3.99,up
7.05,38.65,2011,2015,9.78,14.74,4.96,up
3.35,11.45,2012,2015,15.36,14.5,-0.86,down
-10.75,33.65,2015,2017,6.65,8.74,2.1,up
-33.55,26.85,2010,2022,13.32,16.55,3.24,up
6.55,2.35,2014,2015,8.29,9.59,1.31,up
9.45,40.35,2014,2015,9.62,8.63,-0.99,down
-32.15,25.45,2015,2021,8.31,10.0,1.69,up
-25.15,27.85,2015,2016,8.0,12.18,4.18,up
-33.15,26.45,2015,2021,11.49,10.51,-0.98,down
6.35,-10.55,2015,2018,11.46,13.2,1.73,up
37.15,10.25,2015,2016,12.46,10.69,-1.77,down
-32.55,27.35,2015,2019,8.19,6.61,-1.58,down
9.85,38.95,2014,2015,8.45,8.51,0.06,flat
-23.65,43.65,2012,2015,3.83,8.47,4.64,up
0.35,33.05,2013,2022,13.95,10.04,-3.91,down
14.05,-16.75,2007,2017,7.53,21.09,13.56,up
-22.55,45.35,2013,2022,7.32,12.66,5.35,up
-18.85,48.45,2010,2015,8.71,10.85,2.14,up
-22.85,44.65,2012,2015,5.27,11.41,6.15,up
37.15,9.65,2015,2016,15.42,12.68,-2.73,down
-0.15,29.95,2015,2018,8.36,8.65,0.29,flat
-33.45,26.95,2016,2022,19.18,17.45,-1.73,down
-21.85,15.15,2016,2018,9.26,7.64,-1.62,down
12.45,-16.75,2016,2017,16.15,15.07,-1.08,down
14.75,-17.45,2013,2019,18.73,23.16,4.43,up
-33.55,27.05,2016,2017,18.76,13.0,-5.76,down
5.25,-4.85,2016,2017,12.72,9.45,-3.26,down
1.65,7.45,2013,2016,6.72,7.71,0.98,up
0.15,6.55,2013,2016,9.18,8.72,-0.46,flat
-20.95,55.45,2012,2019,5.52,4.95,-0.57,down
-1.05,37.25,2014,2016,11.0,9.81,-1.19,down
14.55,-17.05,2016,2017,18.28,24.07,5.79,up
-33.65,26.55,2016,2021,16.18,10.71,-5.46,down
-33.75,26.35,2014,2016,8.36,14.52,6.16,up
-21.45,15.85,2009,2016,9.87,9.41,-0.46,flat
-18.15,21.55,2009,2016,12.0,8.62,-3.38,down
-19.15,15.95,2009,2016,9.62,8.88,-0.74,down
-21.25,32.35,2016,2022,18.54,16.95,-1.58,down
6.45,0.35,2016,2017,10.0,10.71,0.71,up
-0.35,36.05,2016,2018,10.0,15.0,5.0,up
-25.35,31.75,2016,2018,18.83,8.85,-9.98,down
-9.55,28.75,2016,2021,7.0,6.02,-0.98,down
-33.75,20.15,2016,2017,10.62,13.7,3.08,up
-33.45,27.05,2016,2021,12.45,15.5,3.05,up
-4.65,55.45,2012,2025,6.66,6.64,-0.02,flat
-11.75,43.35,2012,2017,7.71,8.45,0.74,up
12.85,-14.95,2017,2019,16.85,17.41,0.56,up
-2.85,37.45,2017,2020,18.85,5.64,-13.21,down
-4.05,36.05,2011,2019,9.54,9.22,-0.32,flat
-3.25,36.85,2017,2022,9.16,7.0,-2.16,down
-23.85,29.95,2013,2019,8.18,16.05,7.86,up
-32.25,24.55,2014,2019,12.91,13.59,0.68,up
15.45,-16.65,2017,2019,10.47,17.7,7.22,up
-33.35,26.95,2017,2021,12.89,11.59,-1.3,down
-3.55,36.65,2017,2020,5.0,7.62,2.62,up
-3.45,35.85,2017,2018,9.1,10.62,1.51,up
-20.35,57.45,2017,2019,8.0,2.88,-5.12,down
-3.05,34.95,2011,2017,6.0,8.52,2.52,up
-3.35,35.85,2011,2017,9.56,4.73,-4.83,down
-4.95,39.75,2017,2021,6.03,8.02,1.99,up
-2.95,37.65,2017,2020,10.76,10.18,-0.58,down
-0.65,34.25,2014,2020,9.0,9.93,0.93,up
-13.65,29.35,2017,2021,9.0,7.6,-1.4,down
-3.05,36.75,2017,2022,6.39,8.98,2.59,up
-33.55,26.65,2017,2021,16.4,16.38,-0.02,flat
-33.55,26.75,2017,2021,10.62,19.06,8.44,up
-7.75,36.55,2011,2017,9.37,7.89,-1.48,down
-32.25,24.45,2017,2020,13.46,15.15,1.69,up
-30.45,20.55,2017,2018,8.04,8.45,0.42,flat
-33.65,26.75,2017,2021,21.13,13.18,-7.95,down
32.75,-9.05,2012,2017,9.23,9.13,-0.1,flat
-7.75,36.45,1991,2018,14.95,7.0,-7.95,down
-4.85,38.45,2011,2017,9.34,8.16,-1.18,down
22.65,-14.45,2014,2017,4.5,6.58,2.08,up
-32.85,19.75,2017,2019,7.64,4.63,-3.01,down
-4.25,55.65,2008,2025,6.0,6.07,0.07,flat
-3.25,35.45,2017,2022,5.7,7.45,1.75,up
-3.35,36.65,2011,2018,8.08,7.74,-0.34,flat
5.45,-1.45,2010,2017,12.98,11.99,-0.99,down
-34.35,18.95,2017,2019,6.0,6.14,0.14,flat
-26.65,26.45,2018,2021,18.44,21.14,2.7,up
-3.35,35.65,2011,2018,9.0,11.81,2.81,up
-7.85,36.45,2002,2018,8.0,16.88,8.88,up
-26.55,26.75,2018,2022,13.59,22.78,9.19,up
-33.45,24.85,2018,2022,8.98,11.29,2.31,up
-30.05,24.85,2018,2022,9.18,12.31,3.13,up
-6.75,39.25,2018,2020,6.44,4.61,-1.83,down
-26.85,26.65,2018,2022,13.2,16.69,3.48,up
-26.75,26.75,2018,2021,13.93,25.13,11.21,up
-26.75,26.65,2018,2022,17.6,23.66,6.07,up
-28.85,31.45,2014,2019,9.16,7.04,-2.12,down
13.35,-16.65,1977,2018,8.62,8.66,0.04,flat
-2.95,38.15,2018,2022,6.38,12.96,6.57,up
-6.45,38.95,2011,2018,6.45,10.97,4.52,up
-26.95,26.75,2018,2019,7.45,16.37,8.92,up
-26.75,26.55,2018,2021,17.62,21.33,3.71,up
-28.75,32.05,2018,2021,9.76,13.76,4.0,up
-4.75,38.35,2018,2025,8.7,4.91,-3.79,down
-1.05,29.65,2005,2020,10.02,9.89,-0.13,flat
6.45,-1.25,2010,2018,16.42,10.62,-5.8,down
-12.45,15.15,2018,2021,8.0,4.69,-3.31,down
-27.35,30.15,2010,2019,10.91,9.11,-1.8,down
-7.55,34.85,2011,2018,10.4,10.0,-0.4,flat
-11.35,25.15,2019,2020,9.55,12.82,3.27,up
-11.45,24.65,2019,2021,9.39,8.42,-0.98,down
-27.65,32.25,2010,2019,10.0,9.8,-0.2,flat
3.85,11.55,2014,2019,10.27,8.31,-1.96,down
-33.95,22.65,2011,2022,11.69,10.32,-1.37,down
-26.65,26.55,2019,2022,20.53,29.18,8.65,up
-23.95,29.45,2013,2019,9.3,8.39,-0.9,down
-3.35,36.25,2019,2020,8.49,6.76,-1.72,down
-14.35,48.55,2012,2020,8.78,22.02,13.24,up
-26.55,26.65,2019,2021,15.22,17.82,2.6,up
-24.35,30.95,2008,2021,12.89,17.45,4.57,up
-26.65,26.75,2019,2022,23.36,21.34,-2.02,down
-26.75,26.45,2019,2021,13.91,13.0,-0.91,down
-3.15,36.65,2019,2020,6.68,11.9,5.22,up
-0.65,36.35,2014,2019,16.53,11.03,-5.5,down
-13.15,31.75,2003,2019,13.98,3.5,-10.48,down
-26.85,26.45,2019,2021,15.78,19.43,3.65,up
-34.45,20.45,2010,2019,9.34,4.22,-5.12,down
7.65,38.75,2010,2019,11.99,7.95,-4.04,down
-16.25,46.85,2013,2023,8.6,13.59,4.98,up
-4.35,55.85,2019,2022,7.41,5.76,-1.65,down
-4.95,38.65,1999,2019,7.42,9.18,1.76,up
-2.85,37.55,2020,2022,9.85,12.0,2.15,up
7.45,-7.65,2020,2022,11.61,10.67,-0.94,down
-12.25,49.35,2020,2021,11.02,14.62,3.6,up
-15.95,28.85,2020,2025,9.32,11.14,1.82,up
9.05,7.45,2020,2021,11.89,11.62,-0.27,flat
13.25,-16.25,2020,2022,7.95,12.18,4.23,up
11.85,13.15,2020,2022,18.86,11.18,-7.68,down
-12.55,49.15,2012,2021,8.36,15.44,7.07,up
11.85,13.25,2020,2022,18.0,16.0,-2.0,down
-14.45,49.75,2020,2025,16.91,8.85,-8.06,down
-26.65,26.65,2020,2021,21.0,20.42,-0.58,down
-26.45,26.45,2020,2021,25.63,22.21,-3.42,down
-3.35,36.75,2020,2022,8.38,9.32,0.94,up
-16.25,25.95,2020,2022,7.0,16.22,9.22,up
5.65,-0.15,2013,2021,11.09,9.5,-1.59,down
-26.75,26.35,2021,2022,24.86,22.45,-2.4,down
-28.85,26.05,2021,2022,12.34,7.58,-4.75,down
-22.85,44.75,2021,2022,13.44,11.16,-2.28,down
-21.25,47.35,2007,2025,14.54,8.5,-6.04,down
-18.85,47.55,2012,2021,6.58,10.49,3.91,up
-20.75,44.15,2021,2022,13.95,13.81,-0.13,flat
-16.45,45.35,2021,2022,13.44,13.1,-0.34,flat
-16.05,45.25,2021,2022,11.3,13.28,1.98,up
-13.25,49.65,2021,2022,13.0,15.43,2.43,up
-24.75,46.85,2021,2022,12.03,12.67,0.64,up
-23.65,44.65,2021,2022,14.84,14.02,-0.82,down
-15.35,49.45,2021,2022,15.11,10.58,-4.53,down
-17.75,49.45,2021,2022,14.05,11.77,-2.28,down
-18.45,47.95,2012,2022,8.28,16.32,8.04,up
9.65,-1.75,2010,2025,13.53,2.47,-11.06,down
-12.95,49.05,2022,2023,15.28,15.28,0.0,flat
-16.65,27.05,2013,2022,16.67,7.55,-9.12,down
-5.05,38.65,2022,2024,8.58,10.9,2.32,up
-2.45,29.15,2014,2025,10.16,9.27,-0.89,down
0.25,32.55,2012,2014,14.01,11.22,-2.79,down
-7.85,36.35,1992,2003,11.98,10.17,-1.81,down
-21.45,47.35,2012,2013,9.23,9.0,-0.23,flat
-15.15,28.45,2012,2013,11.0,14.11,3.11,up
-25.05,46.35,2012,2013,8.85,8.38,-0.47,flat
4.05,-52.65,2021,2025,7.21,7.66,0.45,flat
4.65,-53.45,2009,2025,10.18,6.66,-3.52,down
41.15,-73.85,2010,2025,12.61,8.0,-4.61,down
27.25,-82.45,2024,2025,12.06,12.33,0.26,flat
-23.65,-45.75,2024,2025,33.39,22.75,-10.64,down
-23.45,-45.15,1994,2023,21.26,18.42,-2.84,down
8.65,-80.15,2006,2025,13.04,10.26,-2.78,down
8.65,-83.25,2010,2023,14.89,17.15,2.26,up
-23.55,-45.45,2014,2023,28.29,5.0,-23.29,down
-23.65,-45.65,2016,2025,30.65,15.84,-14.81,down
3.65,-53.25,2010,2024,9.95,8.86,-1.09,down
0.15,-78.65,2013,2025,9.97,8.85,-1.12,down
-23.55,-45.85,2023,2024,10.87,27.61,16.74,up
32.65,-80.05,2024,2025,10.45,10.55,0.09,flat
-0.55,-77.45,2014,2025,9.21,9.78,0.57,up
-23.35,-44.65,2001,2023,19.73,14.62,-5.11,down
-23.05,-45.95,2010,2023,10.0,7.36,-2.64,down
-15.55,-47.75,2022,2025,22.17,36.15,13.98,up
3.85,-51.85,2019,2024,10.24,8.53,-1.71,down
4.35,-52.35,2020,2025,16.0,13.25,-2.75,down
0.15,-78.85,2010,2025,13.29,9.07,-4.22,down
-23.35,-44.85,2022,2024,10.59,13.0,2.41,up
-32.85,-60.65,2017,2025,18.75,27.2,8.46,up
-22.45,-42.95,2001,2025,15.39,11.69,-3.7,down
-23.25,-44.85,2003,2023,19.09,10.75,-8.35,down
9.15,-79.75,2000,2025,10.0,17.55,7.55,up
5.05,-75.55,2007,2025,16.92,28.0,11.08,up
-0.05,-78.65,1993,2025,9.45,8.58,-0.87,down
-15.95,-47.95,2020,2024,18.5,16.04,-2.46,down
9.85,-83.55,2004,2025,10.05,10.45,0.41,flat
17.15,-96.65,2000,2024,15.64,13.55,-2.09,down
17.05,-96.45,2001,2025,8.36,17.17,8.81,up
17.15,-96.75,2016,2024,14.08,22.08,8.0,up
-0.65,-77.65,1996,2024,13.65,10.63,-3.03,down
-6.15,-50.35,2002,2023,12.81,15.02,2.22,up
15.95,-96.45,2001,2024,7.97,16.0,8.04,up
-6.05,-50.05,2015,2023,10.79,16.43,5.64,up
4.25,-58.95,2006,2025,18.52,14.89,-3.64,down
17.25,-89.65,2013,2024,12.5,10.94,-1.56,down
11.15,-74.05,1994,2025,9.12,9.79,0.67,up
-16.05,-50.25,2023,2024,15.55,18.32,2.77,up
-16.95,-49.25,2017,2023,12.62,20.22,7.59,up
-11.45,-69.25,2019,2025,14.42,13.07,-1.36,down
0.15,-79.15,1996,2025,12.0,21.0,9.0,up
-16.05,-49.65,2021,2025,14.16,24.2,10.04,up
-25.65,-54.55,2015,2025,12.76,9.27,-3.49,down
4.45,-72.65,2024,2025,9.47,10.99,1.52,up
-14.55,-40.35,2022,2023,32.32,28.47,-3.85,down
-5.85,-78.05,2006,2023,10.8,9.33,-1.48,down
0.05,-78.85,2008,2025,14.55,12.36,-2.18,down
-22.35,-42.45,2014,2025,16.81,11.77,-5.04,down
6.55,-57.75,2010,2023,13.18,10.15,-3.03,down
-15.35,-39.55,1999,2024,15.0,9.73,-5.27,down
10.85,-68.35,2009,2023,8.35,9.55,1.2,up
-0.05,-78.75,1990,2025,10.7,15.07,4.37,up
-25.65,-54.45,1992,2024,9.36,10.12,0.76,up
-25.75,-54.45,2003,2024,9.34,9.64,0.3,flat
-32.95,-60.75,2021,2025,20.18,28.39,8.21,up
-14.45,-40.15,2011,2023,9.32,31.06,21.74,up
0.05,-78.65,1993,2025,10.0,9.99,-0.01,flat
-6.05,-50.25,2002,2023,14.95,8.45,-6.5,down
-18.95,-51.65,2023,2024,20.75,22.06,1.31,up
-8.65,-63.85,2023,2025,13.12,16.97,3.85,up
-4.15,-78.95,1992,2024,10.09,8.14,-1.95,down
-14.65,-40.15,2020,2025,29.11,9.12,-19.99,down
1.45,-75.65,2020,2023,9.69,11.1,1.41,up
5.25,-76.05,2009,2025,10.0,8.11,-1.89,down
3.95,-52.55,2022,2025,8.9,8.9,0.01,flat
61.25,-149.95,2022,2023,5.54,7.29,1.74,up
0.05,-78.75,1999,2024,9.7,10.72,1.02,up
-6.75,-77.85,2008,2023,7.67,8.47,0.8,up
0.35,-79.65,2021,2024,32.5,28.69,-3.81,down
-14.15,-67.95,2017,2025,20.29,9.48,-10.81,down
-24.05,-47.55,2021,2023,10.0,12.22,2.22,up
-9.75,-76.25,2008,2025,7.53,8.7,1.17,up
-6.35,-47.45,2022,2023,20.49,22.19,1.7,up
-24.05,-47.35,2021,2023,18.64,11.18,-7.46,down
-0.55,-77.85,1995,2024,14.18,9.93,-4.25,down
-0.15,-78.55,1992,2024,4.2,11.43,7.24,up
19.35,-97.05,2021,2024,11.23,16.0,4.77,up
48.45,-123.35,2010,2023,17.9,6.77,-11.13,down
1.75,-75.75,2020,2025,8.88,9.79,0.91,up
5.15,-60.75,2008,2024,7.11,7.17,0.07,flat
4.15,-52.65,2023,2024,6.42,6.75,0.34,flat
-39.55,-62.45,2024,2025,9.82,9.53,-0.29,flat
-25.45,-48.85,2019,2025,10.9,10.38,-0.51,down
-6.05,-49.95,2002,2023,14.34,20.48,6.14,up
1.25,-70.25,2011,2023,9.7,7.8,-1.89,down
4.95,-75.45,2021,2024,12.66,11.0,-1.66,down
-11.05,-76.15,2009,2025,7.96,8.34,0.37,flat
-16.55,-49.25,2017,2025,12.4,23.93,11.53,up
-16.45,-49.35,2022,2025,13.92,22.65,8.74,up
-22.35,-42.35,2008,2025,15.0,9.47,-5.53,down
-16.55,-49.35,2017,2024,14.81,18.56,3.75,up
-6.05,-76.95,2008,2025,11.18,13.41,2.22,up
1.45,-60.95,2010,2024,12.35,15.38,3.03,up
11.25,-69.65,1995,2024,9.08,8.55,-0.53,down
4.75,-73.85,2011,2024,8.55,8.86,0.31,flat
0.05,-78.55,2007,2025,12.12,6.53,-5.59,down
8.75,-82.65,2009,2023,7.0,8.85,1.85,up
-14.65,-49.05,2017,2025,14.68,16.0,1.32,up
47.65,-122.25,2009,2024,20.0,19.18,-0.82,down
5.45,-55.25,2014,2023,12.01,9.33,-2.68,down
-22.35,-44.75,1997,2025,16.66,8.85,-7.81,down
4.35,-72.75,2024,2025,8.65,9.57,0.93,up
-25.45,-49.35,2017,2025,10.19,9.8,-0.39,flat
4.55,-75.35,1998,2023,8.37,16.32,7.95,up
-24.25,-48.45,1997,2023,24.72,18.25,-6.47,down
-10.65,-75.35,2008,2025,9.38,8.92,-0.46,flat
-0.05,-78.95,2023,2025,10.4,13.83,3.43,up
-29.45,-50.35,2018,2025,11.99,17.24,5.26,up
3.85,-76.85,2017,2024,8.71,8.38,-0.33,flat
-22.75,-44.35,1995,2025,8.79,12.0,3.21,up
5.85,-76.15,2013,2025,9.32,7.18,-2.14,down
-14.45,-67.95,2010,2023,7.45,21.64,14.18,up
31.35,-109.25,2008,2024,22.41,22.17,-0.24,flat
1.85,-61.15,2022,2024,12.04,12.86,0.82,up
5.15,-75.45,2011,2025,7.74,19.76,12.02,up
14.55,-91.15,2011,2024,12.35,9.98,-2.37,down
15.45,-90.35,2015,2025,13.79,22.89,9.1,up
4.85,-75.85,2018,2023,11.88,19.8,7.92,up
14.55,-90.75,2010,2024,7.0,12.1,5.1,up
47.45,-70.35,2014,2025,12.0,9.0,-3.0,down
-12.55,-69.05,2013,2024,32.92,19.92,-13.0,down
32.25,-110.85,2022,2025,17.08,15.43,-1.64,down
47.05,-70.75,2013,2025,9.18,8.9,-0.28,flat
18.55,-89.85,1999,2024,6.3,15.64,9.33,up
48.15,-123.15,2018,2025,12.34,14.96,2.62,up
32.65,-116.95,2012,2024,7.36,13.08,5.71,up
42.05,-82.45,2019,2023,8.0,10.47,2.47,up
39.25,-84.75,2022,2025,27.51,26.31,-1.2,down
34.15,-118.25,2022,2025,8.92,6.31,-2.61,down
10.35,-72.95,2015,2025,8.01,9.96,1.95,up
40.15,-75.05,2009,2025,8.3,11.48,3.17,up
41.65,-83.15,2007,2025,18.26,9.8,-8.46,down
46.15,-72.75,2013,2025,15.56,8.92,-6.65,down
35.35,-120.85,2017,2024,17.15,10.45,-6.69,down
46.75,-71.55,2017,2025,15.97,8.47,-7.5,down
39.15,-84.65,2023,2025,18.73,16.0,-2.73,down
-1.15,-77.55,1995,2025,11.79,10.97,-0.82,down
38.65,-78.45,2024,2025,15.25,6.88,-8.37,down
20.75,-104.85,2015,2025,7.91,11.99,4.08,up
44.25,-83.45,2016,2023,7.86,17.34,9.48,up
45.55,-73.15,2024,2025,4.18,8.39,4.21,up
41.95,-82.55,2019,2023,8.73,11.91,3.18,up
46.05,-74.15,2022,2025,7.11,10.0,2.89,up
32.85,-114.45,2020,2023,9.68,9.4,-0.27,flat
42.05,-79.25,2020,2025,13.03,17.94,4.91,up
17.15,-96.85,2021,2024,14.47,18.67,4.2,up
38.75,-78.35,2023,2024,15.63,17.67,2.04,up
4.95,-75.55,2021,2024,13.66,9.0,-4.66,down
-12.85,-69.25,1999,2024,11.87,24.3,12.43,up
38.55,-121.05,2017,2025,13.62,9.0,-4.62,down
10.35,-84.85,2012,2024,7.0,8.51,1.51,up
17.05,-96.65,2022,2025,15.68,17.3,1.62,up
42.05,-79.45,2016,2023,18.59,18.82,0.23,flat
31.55,-109.75,2007,2024,7.53,12.27,4.74,up
47.35,-71.15,2016,2025,14.72,7.92,-6.8,down
19.25,-99.05,2015,2024,7.96,8.54,0.59,up
17.05,-96.55,2007,2025,16.48,15.61,-0.87,down
15.75,-96.15,2022,2024,10.13,19.4,9.27,up
-22.65,-52.15,2021,2025,11.62,12.25,0.64,up
-14.65,-40.25,2022,2023,18.19,28.85,10.66,up
45.55,-73.55,2015,2023,8.95,7.68,-1.27,down
4.45,-72.75,2024,2025,8.3,12.2,3.9,up
-6.05,-77.85,2006,2023,8.48,9.47,0.99,up
44.85,-93.35,2013,2023,21.03,8.96,-12.07,down
10.75,-85.05,2010,2024,11.27,14.26,2.99,up
31.85,-110.55,2020,2023,20.4,26.59,6.19,up
17.05,-88.95,2016,2023,11.83,10.46,-1.36,down
-24.95,-51.75,2022,2023,8.36,8.5,0.14,flat
-11.45,-67.45,2019,2025,13.33,16.73,3.39,up
32.35,-110.85,2020,2025,15.99,11.76,-4.23,down
0.15,-78.95,1994,2023,8.65,10.37,1.72,up
23.05,-99.15,1983,2024,11.55,8.64,-2.91,down
17.15,-94.75,2021,2024,8.63,13.45,4.82,up
25.65,-100.35,2021,2024,6.45,6.94,0.49,flat
-11.75,-55.45,2022,2025,11.19,14.92,3.73,up
-6.95,-35.75,2014,2023,18.8,8.71,-10.09,down
-19.15,-46.85,2024,2025,10.87,11.25,0.37,flat
-11.75,-55.65,2016,2023,15.82,16.04,0.22,flat
31.95,-109.15,1990,2024,21.64,21.25,-0.39,flat
9.45,-84.05,2020,2024,8.52,9.06,0.54,up
4.45,-75.15,2016,2024,10.98,17.48,6.49,up
22.45,-78.15,2015,2025,5.0,7.21,2.21,up
-0.45,-76.25,2019,2023,14.18,9.53,-4.65,down
40.05,-75.15,2008,2025,4.91,7.9,2.99,up
9.55,-83.85,2010,2025,10.97,7.38,-3.59,down
42.45,-72.75,2008,2025,11.98,10.46,-1.52,down
-10.85,-65.95,1995,2023,24.76,18.61,-6.15,down
-32.05,-52.25,2022,2023,19.0,29.3,10.3,up
-13.45,-62.05,2021,2024,13.88,10.45,-3.43,down
-22.35,-43.15,2018,2025,14.35,12.64,-1.7,down
8.65,-83.45,2016,2023,6.61,8.85,2.24,up
14.75,-91.45,2024,2025,7.48,7.0,-0.48,flat
-30.25,-57.55,2019,2023,9.74,10.23,0.49,flat
19.25,-99.25,2015,2024,7.6,3.82,-3.78,down
-6.75,-46.95,2018,2024,11.0,18.79,7.79,up
4.85,-73.75,2016,2024,9.5,7.86,-1.64,down
-31.85,-58.25,1984,2024,10.19,12.09,1.9,up
25.65,-100.25,2018,2024,8.0,8.51,0.51,up
19.35,-99.05,2020,2023,11.07,14.3,3.23,up
17.05,-96.75,2001,2024,5.64,15.62,9.99,up
25.55,-100.25,2007,2024,10.0,7.53,-2.47,down
25.45,-100.15,2021,2024,8.0,8.46,0.46,flat
4.25,-74.25,2011,2024,6.37,6.97,0.6,up
9.85,-84.65,2018,2024,8.03,7.99,-0.03,flat
10.45,-84.75,2015,2024,8.69,9.61,0.92,up
4.65,-55.45,2017,2023,13.49,10.27,-3.23,down
38.75,-78.45,2023,2024,7.8,10.95,3.15,up
-4.95,-79.15,2002,2023,10.67,9.62,-1.05,down
15.25,-92.95,2018,2024,12.56,15.55,2.98,up
-0.65,-77.55,2004,2024,12.1,9.08,-3.02,down
32.25,-110.95,2011,2025,10.65,4.08,-6.57,down
17.65,-96.35,2001,2024,6.7,11.64,4.94,up
5.25,-75.45,2002,2024,9.36,14.67,5.3,up
32.25,-111.15,2007,2023,5.24,11.91,6.67,up
4.25,-73.75,2017,2024,6.0,8.52,2.52,up
4.65,-74.35,2000,2024,8.2,9.53,1.33,up
-16.25,-67.85,1993,2024,11.8,8.69,-3.11,down
3.55,-76.55,2003,2023,13.88,5.01,-8.87,down
11.45,-69.55,2019,2023,10.0,9.03,-0.97,down
31.55,-109.55,2020,2024,23.83,22.65,-1.18,down
-9.65,-76.05,1983,2025,9.46,6.64,-2.82,down
46.95,-120.85,2015,2025,7.55,10.39,2.84,up
40.85,-91.05,2013,2025,10.0,9.66,-0.34,flat
-11.55,-74.85,2008,2025,8.7,7.96,-0.74,down
-7.35,-76.25,2013,2025,11.24,9.14,-2.1,down
45.75,-87.05,2021,2024,18.3,20.2,1.89,up
3.55,-76.65,2022,2025,9.74,8.5,-1.24,down
40.25,-105.25,2016,2024,11.25,14.73,3.48,up
68.15,-149.45,2022,2023,5.23,8.27,3.04,up
22.65,-83.45,2015,2025,8.52,9.04,0.52,up
-33.05,-71.15,2018,2023,6.69,7.62,0.92,up
38.75,-120.35,2019,2024,8.36,10.0,1.64,up
3.55,-76.75,2017,2024,9.59,9.41,-0.18,flat
-15.85,-48.95,2013,2025,8.43,12.92,4.48,up
-16.45,-51.15,2011,2025,11.45,19.46,8.01,up
45.65,-111.05,2024,2025,9.85,9.59,-0.26,flat
4.85,-75.55,2004,2023,9.36,14.09,4.73,up
46.35,-62.55,2020,2024,10.77,19.82,9.05,up
-39.85,-73.25,2020,2023,7.0,12.05,5.05,up
31.45,-110.25,2009,2025,5.95,21.58,15.63,up
-27.35,-55.95,2020,2025,5.64,15.68,10.05,up
-15.45,-55.75,1998,2024,5.73,14.05,8.32,up
-17.75,-64.75,2022,2023,11.14,12.57,1.43,up
-17.85,-64.75,1996,2023,17.64,9.64,-8.0,down
46.05,-86.95,2023,2024,20.47,15.27,-5.2,down
35.25,-120.85,2014,2023,3.5,13.3,9.8,up
-16.35,-39.15,2001,2023,17.3,17.44,0.14,flat
-11.05,-66.05,1994,2023,22.55,14.88,-7.66,down
5.05,-75.45,2009,2025,9.72,19.3,9.58,up
-33.45,-70.55,2007,2024,10.08,8.33,-1.75,down
2.85,-60.65,2017,2024,9.14,17.52,8.37,up
-8.35,-63.85,2018,2023,11.78,17.65,5.88,up
-4.25,-79.25,2014,2024,10.32,6.64,-3.68,down
38.45,-122.05,2023,2025,7.87,8.68,0.82,up
-11.65,-76.45,2008,2025,6.75,8.87,2.13,up
-33.45,-70.65,2020,2025,8.97,8.29,-0.68,down
-17.85,-64.65,1994,2025,8.52,7.38,-1.14,down
-17.25,-65.85,2016,2023,14.77,8.8,-5.97,down
-33.25,-70.85,2007,2023,12.85,9.31,-3.54,down
38.65,-78.35,2023,2024,7.91,20.28,12.37,up
4.95,-52.35,2018,2025,9.01,6.23,-2.78,down
-4.45,-79.15,1997,2024,8.3,9.25,0.95,up
18.45,-66.55,2014,2023,9.28,3.0,-6.28,down
10.35,-84.75,2013,2024,7.86,7.54,-0.32,flat
10.45,-84.05,2008,2024,6.0,9.96,3.96,up
-22.95,-43.25,2005,2023,12.36,10.39,-1.97,down
17.75,-96.35,2017,2025,22.73,17.52,-5.21,down
0.05,-78.95,2000,2023,21.43,7.0,-14.43,down
-6.75,-47.05,2018,2023,12.0,19.95,7.95,up
19.15,-96.15,2023,2025,13.59,8.0,-5.59,down
11.45,-73.05,2016,2025,9.47,10.27,0.8,up
-32.85,-71.55,2022,2025,10.68,10.86,0.18,flat
4.75,-52.45,2018,2025,10.56,3.21,-7.34,down
1.45,-61.05,2014,2024,9.62,10.94,1.32,up
-33.25,-70.75,2019,2024,9.15,12.0,2.85,up
-16.55,-49.15,2021,2024,23.44,19.0,-4.44,down
-11.05,-65.75,1994,2023,12.0,15.19,3.19,up
-29.45,-50.55,2002,2025,19.13,21.19,2.07,up
0.85,-78.05,1997,2024,12.57,3.0,-9.57,down
4.75,-75.65,2007,2023,16.09,19.76,3.68,up
-13.75,-46.35,2014,2024,11.66,20.17,8.5,up
-22.25,-44.55,1997,2023,9.87,8.99,-0.88,down
-14.55,-40.25,2016,2025,13.51,16.96,3.45,up
9.65,-83.85,2010,2024,9.96,11.87,1.91,up
-0.15,-78.45,2020,2024,13.14,12.67,-0.47,flat
-9.05,-64.05,2023,2025,21.02,15.01,-6.01,down
-0.45,-78.15,2006,2023,5.47,4.65,-0.82,down
16.15,-96.55,2018,2024,22.25,13.92,-8.33,down
-30.95,-62.75,2013,2023,8.87,12.21,3.33,up
-13.25,-64.65,2022,2023,16.2,10.0,-6.2,down
8.95,-78.45,2009,2023,10.47,9.27,-1.19,down
-15.65,-47.85,2024,2025,14.94,17.45,2.51,up
-6.35,-47.15,2018,2024,11.32,19.25,7.93,up
5.15,-52.65,2018,2025,10.94,5.78,-5.16,down
46.25,-62.85,2020,2024,16.05,20.94,4.9,up
34.15,-118.35,2022,2023,7.74,6.55,-1.2,down
31.85,-109.25,2008,2023,8.12,14.45,6.33,up
10.25,-84.15,2018,2024,7.35,7.82,0.47,flat
-11.45,-74.85,2008,2025,7.05,6.0,-1.05,down
22.85,-83.05,2018,2025,9.04,11.66,2.62,up
10.05,-84.15,2014,2024,8.8,4.82,-3.98,down
5.55,-75.75,2004,2024,5.23,17.48,12.25,up
-0.75,-77.85,2023,2025,20.11,24.59,4.48,up
-8.95,-61.95,2014,2023,9.79,9.01,-0.77,down
-11.75,-55.35,2022,2025,16.41,17.48,1.07,up
-1.65,-80.75,1990,2023,11.4,9.43,-1.98,down
45.55,-73.85,2022,2024,12.92,15.65,2.73,up
-20.15,-55.95,2000,2023,21.57,9.18,-12.38,down
-0.65,-77.85,1990,2024,10.06,7.14,-2.93,down
-4.25,-38.95,2006,2023,20.95,11.2,-9.75,down
-22.95,-43.15,2016,2024,11.45,9.29,-2.16,down
18.75,-110.95,2022,2024,5.87,4.01,-1.86,down
22.25,-81.15,2015,2025,7.36,4.82,-2.54,down
5.25,-75.35,2002,2024,7.98,8.34,0.37,flat
19.35,-99.35,2014,2023,12.0,12.48,0.48,flat
-12.65,-69.15,2013,2024,8.72,23.66,14.93,up
9.05,-79.65,2002,2023,9.82,9.47,-0.35,flat
17.55,-96.45,2017,2024,7.82,9.94,2.12,up
-22.35,-42.55,2005,2025,17.5,9.14,-8.36,down
5.85,-76.25,2012,2023,8.85,10.0,1.15,up
-15.15,-39.35,2004,2024,10.1,6.98,-3.11,down
9.75,-84.65,1991,2024,7.0,8.68,1.68,up
35.35,-120.45,2013,2024,17.45,39.87,22.42,up
-14.45,-68.55,2021,2023,13.0,12.24,-0.76,down
-4.05,-79.95,1991,2024,14.02,11.0,-3.02,down
-3.25,-79.25,1998,2025,11.41,14.72,3.32,up
4.55,-52.45,2010,2024,24.82,6.39,-18.43,down
-0.15,-78.35,1993,2023,10.11,6.0,-4.11,down
40.75,-73.95,2014,2023,5.0,8.19,3.19,up
10.45,-66.85,2019,2023,17.35,12.09,-5.26,down
6.15,-75.55,2011,2024,6.42,11.09,4.67,up
-19.75,-42.75,2015,2024,21.27,8.0,-13.27,down
8.95,-79.55,2009,2023,11.27,8.45,-2.82,down
-8.65,-35.85,2012,2023,10.0,24.89,14.89,up
0.05,-79.05,1998,2023,15.87,11.09,-4.78,down
4.95,-52.55,2020,2024,9.11,11.15,2.05,up
9.55,-83.75,2001,2024,11.0,7.0,-4.0,down
5.45,-55.15,2009,2023,6.8,8.65,1.85,up
5.95,-74.85,2009,2023,10.1,10.0,-0.1,flat
-3.65,-79.75,1990,2025,8.12,12.5,4.38,up
10.15,-84.55,2019,2023,10.3,4.82,-5.48,down
31.95,-109.25,1990,2023,15.45,10.0,-5.46,down
31.35,-109.05,2020,2024,25.1,27.93,2.84,up
10.05,-84.95,2017,2024,9.1,7.21,-1.9,down
12.55,-81.75,2004,2025,2.13,8.11,5.99,up
-23.35,-45.05,1997,2025,9.32,13.0,3.68,up
4.85,-52.25,2017,2024,10.23,8.11,-2.12,down
31.75,-110.85,2007,2025,7.7,19.64,11.94,up
17.35,-96.45,2024,2025,13.0,10.0,-3.0,down
37.85,-83.65,2018,2023,14.09,26.86,12.77,up
-2.25,-80.95,2003,2023,12.4,5.16,-7.24,down
32.25,-111.05,2017,2024,6.95,8.73,1.77,up
-22.95,-43.05,2019,2025,16.63,14.0,-2.63,down
-0.05,-78.45,2020,2023,8.36,5.55,-2.82,down
-8.75,-35.85,2003,2023,9.26,17.0,7.74,up
18.45,-77.95,2016,2025,7.74,5.07,-2.67,down
21.45,-105.15,2002,2025,6.87,18.0,11.13,up
-33.65,-71.65,2018,2023,6.53,12.76,6.23,up
48.35,-69.35,2015,2025,5.79,4.95,-0.84,down
19.05,-69.45,2022,2023,4.35,5.73,1.38,up
32.55,-117.15,2007,2024,7.54,6.0,-1.54,down
-35.65,-71.05,2015,2023,6.38,6.73,0.35,flat
-16.55,-68.05,2024,2025,7.93,8.3,0.37,flat
11.15,-74.15,2003,2023,6.47,2.0,-4.47,down
71.25,-156.75,2013,2025,7.71,15.17,7.46,up
-14.95,-51.05,2018,2024,11.09,15.73,4.64,up
-0.75,-90.35,2011,2024,7.16,8.0,0.84,up
-17.25,-66.35,2013,2025,7.17,8.77,1.6,up
-36.85,-73.05,2022,2023,1.0,1.0,0.0,flat
-16.85,-67.15,1993,2025,24.94,10.0,-14.94,down
9.25,-83.85,2014,2025,9.18,8.17,-1.02,down
8.65,-83.05,2015,2023,4.83,1.0,-3.83,down
32.45,-93.75,2013,2015,16.45,28.37,11.91,up
44.35,-78.35,2015,2020,19.06,15.59,-3.47,down
48.75,-112.05,2014,2017,3.62,2.96,-0.65,down
51.75,-103.55,2013,2015,8.96,16.29,7.34,up
40.05,-105.15,2014,2015,13.28,18.8,5.52,up
32.75,-116.45,2013,2015,11.2,18.34,7.14,up
32.45,-93.65,2013,2015,15.42,33.35,17.93,up
48.45,-107.65,2014,2015,16.57,22.95,6.37,up
35.05,-113.85,2015,2020,14.18,11.15,-3.03,down
31.75,-109.35,2015,2020,24.45,19.39,-5.06,down
37.85,-84.35,2015,2016,9.62,11.06,1.44,up
34.45,-89.55,2015,2016,15.47,18.21,2.74,up
31.85,-109.05,2008,2020,15.59,16.58,1.0,up
15.05,-86.75,2015,2016,13.2,16.61,3.41,up
9.35,-78.95,2008,2019,12.01,9.29,-2.72,down
15.55,-87.05,2015,2016,9.72,12.23,2.51,up
-9.55,-65.35,2011,2015,10.0,16.44,6.44,up
-5.75,-67.75,2014,2015,9.72,10.0,0.28,flat
15.75,-92.95,2015,2022,8.67,11.53,2.86,up
-5.95,-50.45,2005,2015,9.66,10.85,1.19,up
-4.25,-78.65,2007,2025,17.76,10.37,-7.38,down
-22.45,-42.75,2011,2017,14.68,12.16,-2.52,down
-27.25,-55.55,2015,2017,15.37,16.32,0.94,up
-4.35,-79.95,1996,2022,7.55,8.52,0.97,up
-5.65,-77.75,2002,2022,16.61,8.54,-8.08,down
40.15,-75.35,2015,2016,22.74,26.86,4.12,up
10.95,-73.95,2015,2016,12.19,8.58,-3.61,down
-25.25,-65.85,2009,2015,9.5,13.36,3.87,up
31.65,-111.05,2015,2019,15.03,12.81,-2.23,down
13.85,-87.25,2015,2018,16.28,15.18,-1.1,down
8.85,-82.55,2009,2017,9.09,10.62,1.53,up
26.15,-98.35,2015,2016,16.32,9.79,-6.52,down
21.55,-105.25,2002,2019,6.45,19.06,12.61,up
16.85,-93.15,2000,2015,18.09,10.01,-8.08,down
31.55,-110.85,2012,2015,16.0,11.23,-4.77,down
34.15,-114.35,2014,2015,22.0,17.0,-5.0,down
5.95,-61.45,2007,2017,7.55,9.41,1.87,up
8.15,-81.85,2015,2017,5.27,27.73,22.46,up
26.55,-99.15,2015,2017,21.84,18.76,-3.08,down
-22.45,-42.85,2014,2015,15.0,10.88,-4.12,down
-22.95,-44.55,2001,2016,20.0,12.14,-7.86,down
31.45,-110.35,2015,2020,18.47,8.0,-10.47,down
9.25,-79.45,2015,2016,8.96,8.0,-0.96,down
13.75,-89.25,2013,2017,9.34,11.18,1.84,up
21.45,-104.95,2002,2019,8.48,27.13,18.65,up
31.85,-109.15,2008,2022,11.15,8.0,-3.15,down
13.95,-87.15,2012,2017,7.73,11.12,3.4,up
9.15,-79.65,2000,2020,13.99,17.03,3.05,up
-1.75,-77.85,2013,2015,11.5,15.04,3.54,up
31.55,-110.35,2013,2017,6.04,16.08,10.04,up
9.15,-79.45,2009,2020,11.91,12.77,0.86,up
1.65,-76.15,2000,2021,8.55,9.92,1.37,up
19.35,-99.15,2015,2022,9.0,5.38,-3.62,down
34.75,-76.95,2015,2021,14.36,2.77,-11.59,down
5.55,-72.95,2015,2020,11.02,4.14,-6.88,down
28.35,-109.05,2006,2022,23.0,19.0,-4.0,down
34.35,-89.55,2015,2016,22.48,16.69,-5.8,down
42.75,-83.05,2015,2016,9.74,11.75,2.01,up
40.85,-73.65,2013,2015,10.1,8.3,-1.79,down
38.85,-94.65,2015,2017,11.45,15.07,3.61,up
56.75,-111.35,2013,2018,18.89,2.62,-16.26,down
-24.15,-52.35,2015,2022,10.23,18.95,8.72,up
-34.65,-58.35,2015,2022,11.33,10.0,-1.33,down
19.35,-99.25,2013,2022,11.18,6.91,-4.27,down
23.65,-109.95,2007,2019,17.94,19.94,2.0,up
-9.75,-76.15,2009,2015,8.52,6.23,-2.29,down
34.25,-114.05,2013,2019,20.05,18.26,-1.79,down
45.05,-74.25,2015,2016,11.09,15.98,4.89,up
26.95,-108.95,2013,2019,16.9,28.05,11.16,up
33.35,-114.65,2015,2020,13.45,13.44,-0.01,flat
33.05,-117.05,2015,2016,20.06,19.96,-0.1,flat
15.55,-88.05,2014,2015,17.15,16.96,-0.19,flat
32.55,-93.75,2013,2015,10.0,24.9,14.9,up
14.65,-87.05,2015,2016,17.91,14.47,-3.44,down
28.25,-80.85,2013,2019,7.15,18.32,11.17,up
-24.25,-50.55,2011,2016,10.31,9.55,-0.76,down
7.55,-60.95,2010,2015,7.83,8.99,1.16,up
-24.65,-65.35,2015,2022,15.53,14.33,-1.2,down
4.35,-74.35,2015,2020,9.14,8.42,-0.71,down
-4.35,-79.75,1991,2018,10.43,7.69,-2.74,down
-3.25,-59.95,2001,2017,10.7,29.41,18.71,up
33.25,-115.55,2015,2018,10.35,8.55,-1.8,down
19.25,-99.45,2015,2017,10.7,9.74,-0.96,down
-13.75,-66.15,2014,2021,2.0,29.2,27.2,up
18.05,-94.55,2011,2016,16.76,13.07,-3.69,down
17.95,-94.55,2015,2019,9.53,11.44,1.91,up
-0.75,-80.15,2003,2015,12.37,14.0,1.63,up
13.75,-85.05,2015,2016,10.66,10.05,-0.6,down
42.75,-70.85,2015,2021,7.72,11.81,4.09,up
-26.75,-49.45,2012,2018,6.71,12.34,5.62,up
32.55,-117.05,2012,2022,10.18,15.38,5.2,up
-12.45,-76.75,2011,2015,8.14,5.45,-2.69,down
19.55,-96.95,2015,2021,10.98,8.93,-2.05,down
14.05,-87.25,2015,2016,8.65,12.0,3.35,up
34.25,-118.05,2012,2019,6.62,11.02,4.4,up
32.75,-117.15,2013,2015,6.74,18.0,11.26,up
18.05,-94.45,2015,2016,10.63,14.84,4.21,up
31.45,-110.85,2007,2021,7.51,13.92,6.41,up
34.35,-117.85,2015,2020,8.14,26.43,18.29,up
27.05,-108.95,2014,2019,16.18,32.61,16.44,up
40.55,-105.15,2012,2020,15.0,11.97,-3.03,down
40.05,-105.25,2015,2016,10.0,9.62,-0.38,flat
33.95,-111.45,2014,2015,12.15,12.51,0.36,flat
8.75,-82.25,2010,2017,8.27,14.87,6.6,up
-16.95,-65.45,1994,2015,13.8,8.88,-4.92,down
40.85,-73.55,2013,2016,8.16,5.73,-2.43,down
32.65,-109.85,2013,2020,15.0,20.73,5.73,up
-3.25,-72.95,2004,2015,8.85,12.95,4.1,up
-20.25,-46.45,2002,2017,15.39,10.36,-5.03,down
39.95,-105.15,2014,2017,10.0,10.01,0.01,flat
-4.05,-78.95,2007,2025,8.0,9.0,1.0,up
-24.05,-47.95,2011,2020,10.0,8.51,-1.49,down
-22.55,-43.45,2013,2021,10.83,12.08,1.24,up
-4.25,-80.35,2014,2019,15.89,9.0,-6.89,down
34.65,-82.85,2015,2016,22.0,21.88,-0.12,flat
23.55,-105.85,2005,2020,9.65,10.16,0.51,up
48.65,-112.35,2015,2017,7.32,10.17,2.85,up
57.15,-170.25,2012,2015,11.31,5.94,-5.37,down
22.15,-159.65,2000,2015,7.0,5.02,-1.98,down
19.65,-155.35,2010,2017,9.0,8.17,-0.83,down
41.95,-71.65,2014,2015,17.46,22.1,4.64,up
21.55,-105.15,2002,2015,8.44,8.23,-0.21,flat
-18.15,-63.55,2015,2021,9.87,21.03,11.16,up
26.15,-97.95,2015,2022,18.18,9.0,-9.18,down
-4.35,-73.25,2010,2015,10.63,9.52,-1.11,down
-17.75,-63.05,1995,2015,24.94,9.57,-15.37,down
-17.95,-63.15,2015,2021,9.0,17.75,8.75,up
14.95,-88.05,2014,2016,16.76,16.0,-0.76,down
10.25,-68.65,2015,2016,16.54,9.18,-7.36,down
-2.05,-59.95,2010,2020,18.1,10.0,-8.1,down
-22.45,-42.05,2014,2020,6.95,6.62,-0.33,flat
34.35,-117.95,2014,2019,14.63,2.58,-12.05,down
34.75,-114.55,2014,2015,24.76,21.91,-2.85,down
9.15,-79.85,2014,2015,19.0,12.02,-6.98,down
-8.75,-68.95,2015,2017,8.32,9.85,1.53,up
-22.35,-42.75,2015,2017,16.81,9.27,-7.54,down
5.05,-75.65,2014,2016,7.42,23.82,16.4,up
-10.75,-75.25,2008,2015,17.93,8.36,-9.56,down
-9.65,-65.05,2015,2018,15.71,14.23,-1.48,down
13.15,-85.85,2015,2016,10.45,14.59,4.13,up
-21.85,-42.55,2004,2015,8.92,12.46,3.54,up
19.55,-103.55,2001,2015,20.82,8.5,-12.31,down
33.65,-114.55,2015,2020,16.61,10.65,-5.96,down
-24.65,-65.45,2000,2022,9.23,16.09,6.86,up
-19.25,-42.45,2013,2015,9.14,17.68,8.53,up
32.05,-109.05,2012,2022,12.97,20.59,7.62,up
-16.45,-39.25,2012,2018,10.61,10.0,-0.61,down
-3.95,-79.25,2015,2017,12.19,13.85,1.66,up
15.35,-85.25,2015,2019,9.81,8.36,-1.45,down
43.75,-103.45,2012,2015,9.73,8.82,-0.91,down
-3.95,-73.45,2010,2015,9.09,17.06,7.97,up
-6.75,-76.35,2003,2022,18.82,9.81,-9.01,down
45.35,-73.75,2015,2022,9.39,6.64,-2.75,down
63.75,-148.95,2015,2016,5.39,6.0,0.61,up
-5.75,-79.75,2007,2015,10.24,8.8,-1.44,down
-10.55,-75.35,2008,2015,8.77,5.32,-3.45,down
0.25,-78.85,1991,2019,9.45,7.55,-1.91,down
15.55,-88.25,2012,2021,16.37,7.0,-9.37,down
42.45,-76.45,2014,2022,26.95,13.48,-13.47,down
16.75,-92.65,2010,2015,11.0,7.64,-3.36,down
51.75,-103.25,2013,2015,24.68,9.95,-14.74,down
28.25,-80.75,2013,2018,9.39,16.22,6.84,up
28.65,-80.75,2013,2018,8.6,11.14,2.54,up
-0.45,-76.45,1992,2022,9.54,10.29,0.75,up
-22.45,-43.05,1999,2017,8.92,15.4,6.48,up
-3.45,-72.85,2008,2015,14.0,12.0,-2.0,down
-7.65,-35.45,2012,2016,6.0,8.8,2.8,up
5.55,-75.85,2007,2025,13.0,8.12,-4.88,down
35.05,-120.65,1998,2020,12.76,6.73,-6.03,down
6.85,-73.35,2003,2017,9.96,15.01,5.05,up
27.05,-108.75,2013,2018,8.85,22.13,13.28,up
14.15,-87.85,2012,2015,13.08,11.13,-1.94,down
26.05,-98.15,2012,2022,6.48,12.14,5.66,up
32.35,-110.75,2015,2022,14.0,19.97,5.97,up
32.15,-93.45,2013,2015,19.32,18.19,-1.12,down
19.15,-103.65,2002,2015,5.0,5.65,0.65,up
71.25,-156.55,2015,2016,6.96,4.91,-2.05,down
-27.55,-55.75,2015,2022,15.44,8.47,-6.97,down
-26.45,-52.25,2013,2015,10.0,9.42,-0.58,down
33.05,-115.75,2013,2018,4.46,4.44,-0.03,flat
39.15,-75.55,2015,2016,9.8,13.04,3.24,up
-31.75,-52.25,2007,2015,14.99,1.11,-13.88,down
-41.25,-71.25,2012,2015,5.16,1.0,-4.16,down
64.45,-164.75,2013,2017,6.32,4.0,-2.32,down
4.75,-76.25,2008,2015,4.65,1.91,-2.74,down
9.05,-79.55,2009,2021,11.78,22.58,10.8,up
17.25,-96.75,2013,2022,8.0,15.76,7.76,up
-38.05,-62.05,2015,2016,1.87,1.0,-0.87,down
31.45,-111.25,2009,2015,6.33,4.0,-2.33,down
44.95,-109.45,2013,2015,1.0,4.5,3.5,up
15.65,-96.55,2001,2021,5.96,12.79,6.82,up
-19.95,-40.55,2004,2016,8.64,12.75,4.11,up
6.95,-75.15,2007,2020,12.21,10.23,-1.98,down
31.95,-81.05,2013,2021,14.25,10.57,-3.68,down
41.85,-88.15,2016,2020,21.48,11.06,-10.42,down
-20.45,-43.35,1997,2016,9.51,17.82,8.31,up
-20.75,-51.75,2011,2019,9.67,8.24,-1.43,down
-23.95,-52.15,2016,2017,9.81,15.81,6.0,up
-10.75,-49.85,2010,2016,12.09,16.6,4.51,up
-22.45,-44.65,1995,2019,9.35,11.92,2.58,up
19.15,-98.95,2016,2021,13.79,9.02,-4.77,down
-16.25,-67.75,2005,2025,9.73,9.47,-0.26,flat
-15.65,-57.15,2016,2017,10.0,9.96,-0.04,flat
14.95,-87.85,2016,2019,12.17,9.97,-2.2,down
-16.65,-49.25,2009,2022,9.61,17.44,7.83,up
5.95,-55.25,2011,2016,15.0,8.21,-6.79,down
-15.95,-39.35,2012,2018,10.73,8.35,-2.38,down
-4.55,-79.15,2004,2016,10.6,11.09,0.49,flat
-11.85,-55.65,2016,2022,16.56,11.55,-5.02,down
-16.35,-50.95,2016,2017,15.9,15.84,-0.07,flat
27.15,-108.75,2016,2018,18.83,22.52,3.69,up
6.05,-74.25,2011,2021,11.59,8.78,-2.81,down
17.85,-97.05,2016,2017,12.27,9.86,-2.41,down
0.25,-51.05,1996,2016,9.35,10.0,0.65,up
32.75,-117.25,2001,2017,12.36,5.0,-7.36,down
31.75,-110.95,2016,2022,15.38,7.0,-8.38,down
37.15,-103.05,2013,2016,12.27,13.12,0.84,up
40.65,-115.35,2016,2022,9.53,12.0,2.47,up
34.25,-117.65,2016,2017,19.42,11.86,-7.57,down
35.45,-120.75,2013,2020,15.51,18.5,2.99,up
0.65,-77.05,2016,2020,10.57,12.63,2.06,up
-14.45,-39.05,2016,2021,9.0,10.0,1.0,up
47.05,-110.45,2016,2017,4.28,3.67,-0.61,down
64.55,-165.45,2016,2017,8.71,9.43,0.71,up
26.55,-98.05,2013,2017,7.27,23.65,16.38,up
14.05,-87.05,2011,2016,8.4,17.5,9.1,up
13.75,-86.35,2016,2021,16.43,6.02,-10.41,down
48.75,-113.65,2016,2017,4.0,4.0,0.0,flat
18.25,-71.75,2012,2016,8.36,8.89,0.53,up
33.55,-117.25,2016,2025,17.7,1.0,-16.7,down
40.65,-105.35,2016,2022,22.69,7.47,-15.22,down
18.35,-71.55,2016,2022,6.52,6.34,-0.18,flat
41.85,-88.35,2016,2020,11.65,7.57,-4.08,down
31.55,-110.15,2016,2017,10.0,10.79,0.79,up
50.95,-118.15,2016,2017,9.08,14.81,5.73,up
-27.55,-56.65,2016,2017,8.0,11.0,3.0,up
-23.45,-45.05,2004,2016,9.14,25.22,16.08,up
-23.45,-46.55,2016,2020,17.88,21.74,3.87,up
9.95,-84.15,2014,2017,7.92,15.3,7.37,up
32.75,-114.65,2016,2020,17.05,9.3,-7.75,down
19.45,-98.95,2016,2019,10.75,12.36,1.61,up
-26.75,-59.65,1998,2016,9.0,10.62,1.62,up
29.95,-93.05,2016,2017,13.13,12.55,-0.58,down
7.95,-77.75,2013,2016,4.55,9.85,5.3,up
-26.35,-48.85,2016,2017,10.0,10.3,0.3,flat
46.85,-114.05,2016,2018,7.19,14.31,7.12,up
4.75,-75.55,2001,2022,9.65,7.24,-2.41,down
0.75,-77.15,2016,2020,8.52,6.0,-2.52,down
4.75,-74.15,2011,2022,6.96,4.73,-2.23,down
6.25,-75.65,2016,2017,3.67,9.41,5.74,up
4.45,-75.25,2005,2022,11.96,12.08,0.12,flat
4.65,-74.05,2000,2021,6.84,8.64,1.81,up
31.75,-110.75,2016,2019,17.82,11.23,-6.58,down
-26.55,-53.95,1989,2019,8.0,19.78,11.78,up
19.65,-103.55,2016,2017,4.65,6.77,2.12,up
14.95,-87.95,2016,2019,13.74,9.47,-4.27,down
27.05,-109.05,2014,2019,21.13,28.56,7.44,up
18.05,-76.35,2016,2025,8.26,8.11,-0.15,flat
-2.65,-60.75,2001,2020,14.41,10.0,-4.41,down
-2.65,-57.95,2016,2017,10.0,10.0,0.0,flat
20.75,-105.35,2016,2017,10.45,11.27,0.82,up
-0.95,-77.85,1990,2016,10.0,11.91,1.91,up
-4.55,-56.35,2000,2016,19.17,9.79,-9.39,down
10.15,-83.95,2010,2019,11.75,9.14,-2.6,down
1.35,-78.05,2004,2018,8.51,11.38,2.87,up
-22.85,-48.45,2016,2019,10.78,8.8,-1.98,down
-3.15,-60.35,2016,2017,10.0,27.45,17.45,up
-9.65,-76.15,1983,2016,10.32,7.06,-3.26,down
-4.65,-78.95,2006,2016,13.69,8.71,-4.98,down
40.45,-105.05,2016,2017,12.18,15.8,3.62,up
-13.15,-72.55,1983,2019,8.82,5.44,-3.37,down
13.65,-89.25,2014,2016,10.61,7.64,-2.98,down
20.75,-156.25,2010,2016,6.49,5.82,-0.67,down
-12.85,-71.35,2003,2018,20.17,10.87,-9.3,down
7.45,-81.75,2016,2018,8.71,11.0,2.29,up
-22.85,-45.65,2012,2017,18.57,27.31,8.74,up
16.45,-85.85,2016,2017,9.0,7.59,-1.41,down
-24.05,-47.85,2005,2021,18.18,10.0,-8.18,down
4.95,-75.35,2014,2022,7.0,7.71,0.71,up
-17.15,-65.75,1992,2025,23.56,8.68,-14.88,down
-20.45,-41.85,2013,2017,11.27,15.11,3.83,up
-24.05,-47.05,2016,2018,14.14,15.6,1.46,up
-4.85,-79.15,2002,2017,11.0,9.0,-2.0,down
18.15,-66.95,2009,2022,16.66,7.33,-9.32,down
-29.15,-50.05,2011,2016,10.0,14.0,4.0,up
15.75,-87.45,2014,2018,19.18,14.07,-5.11,down
-22.75,-45.65,2002,2020,18.43,8.0,-10.43,down
9.75,-83.75,2016,2019,8.79,10.88,2.09,up
60.15,-149.45,2016,2017,8.63,5.0,-3.63,down
-13.05,-71.55,2001,2019,10.19,8.0,-2.19,down
18.85,-99.25,2016,2021,10.3,8.88,-1.42,down
36.45,-121.15,2016,2019,24.9,11.1,-13.79,down
32.25,-110.75,2016,2018,4.49,8.0,3.51,up
34.25,-118.15,2016,2020,5.78,20.32,14.53,up
42.15,-84.25,2016,2017,6.91,5.91,-0.99,down
38.85,-75.25,2011,2016,5.46,13.0,7.54,up
-22.65,-47.65,2011,2016,8.64,7.0,-1.64,down
-17.95,-64.55,2012,2016,28.3,11.79,-16.51,down
6.45,-75.55,2007,2019,10.58,12.45,1.87,up
35.25,-120.65,2016,2020,14.36,12.35,-2.02,down
18.35,-71.65,2012,2022,9.0,7.29,-1.71,down
48.55,-112.15,2016,2017,3.52,6.08,2.56,up
32.85,-117.05,1995,2016,18.99,18.64,-0.36,flat
34.15,-118.15,2012,2020,11.77,19.68,7.91,up
-16.45,-49.15,2017,2020,11.97,20.05,8.08,up
10.95,-84.35,2014,2017,18.95,15.66,-3.29,down
-7.05,-40.05,2017,2019,16.96,15.04,-1.92,down
-2.75,-60.15,2017,2020,11.0,10.0,-1.0,down
-9.15,-35.85,2017,2018,9.28,15.15,5.87,up
-25.55,-54.55,2017,2022,12.47,28.23,15.76,up
5.85,-74.85,2008,2025,12.11,9.1,-3.01,down
-24.85,-65.15,2017,2022,9.58,21.47,11.89,up
39.25,-75.45,2012,2017,4.91,9.42,4.51,up
4.95,-55.15,2012,2019,8.71,8.44,-0.28,flat
-9.55,-55.95,1996,2020,12.75,23.19,10.44,up
-3.85,-46.85,2013,2019,15.67,9.84,-5.83,down
4.75,-75.45,2001,2017,7.21,9.68,2.46,up
3.85,-67.95,2014,2022,8.3,8.93,0.62,up
4.75,-52.35,2017,2022,11.08,9.32,-1.76,down
32.85,-116.45,2007,2022,5.62,14.38,8.76,up
30.65,-104.15,2008,2017,14.22,8.27,-5.95,down
13.25,-86.05,2014,2017,9.37,14.31,4.94,up
39.95,-105.25,2014,2018,21.59,7.45,-14.14,down
9.05,-79.15,2017,2018,29.05,34.36,5.31,up
31.85,-109.35,2017,2020,12.99,19.87,6.89,up
40.65,-74.25,2017,2022,14.09,10.0,-4.09,down
33.95,-112.65,2017,2019,18.52,20.24,1.72,up
45.35,-75.75,2017,2019,15.03,13.1,-1.93,down
-16.35,-56.65,2011,2020,32.3,8.91,-23.39,down
-16.55,-56.75,1992,2017,7.44,9.51,2.07,up
31.45,-111.05,2017,2018,9.59,12.09,2.51,up
33.15,-115.65,2014,2020,2.0,11.62,9.62,up
30.45,-91.15,2010,2018,11.14,18.0,6.86,up
28.55,-80.95,2013,2018,9.07,17.22,8.16,up
-0.45,-76.85,2002,2017,18.79,10.28,-8.51,down
8.55,-77.95,2017,2018,27.08,19.0,-8.08,down
9.95,-75.15,1996,2017,8.49,8.22,-0.26,flat
-9.25,-35.85,2002,2022,15.7,14.74,-0.96,down
33.85,-106.85,2017,2021,14.0,11.64,-2.36,down
-15.85,-38.95,2014,2017,9.71,9.23,-0.48,flat
4.15,-73.65,2017,2022,10.64,9.07,-1.58,down
3.45,-60.85,2013,2017,7.92,9.41,1.49,up
6.05,-77.35,1991,2018,9.85,10.3,0.45,flat
-28.55,-57.15,2017,2022,17.93,9.78,-8.15,down
-9.95,-67.85,2014,2018,16.4,19.0,2.6,up
40.05,-75.45,2017,2022,9.67,11.2,1.52,up
45.05,-73.05,2014,2017,9.96,18.53,8.56,up
34.05,-116.15,2010,2017,13.0,7.71,-5.29,down
-23.75,-64.85,2000,2017,10.32,9.38,-0.94,down
-15.75,-48.85,2017,2019,11.09,9.92,-1.17,down
4.55,-73.95,2017,2020,9.64,10.27,0.64,up
-1.65,-80.85,2017,2021,8.55,10.09,1.54,up
9.05,-79.45,2017,2020,19.55,19.3,-0.24,flat
-4.15,-79.15,1991,2017,8.82,10.56,1.74,up
11.35,-73.95,2001,2017,3.82,8.74,4.92,up
5.65,-77.45,2017,2018,11.65,13.67,2.02,up
9.55,-75.35,2011,2017,13.96,15.16,1.21,up
3.95,-67.95,2017,2021,15.09,8.16,-6.93,down
11.05,-74.05,2017,2019,10.0,8.01,-1.99,down
-3.75,-46.75,2017,2018,10.79,14.44,3.65,up
4.55,-74.55,2017,2019,15.83,14.23,-1.6,down
-25.25,-48.75,2017,2019,11.22,12.88,1.66,up
-31.25,-51.05,2011,2017,14.53,9.81,-4.72,down
3.85,-67.85,2014,2022,10.03,9.04,-0.99,down
3.65,-76.85,2017,2020,11.77,8.0,-3.77,down
4.35,-74.65,2010,2020,13.76,15.21,1.45,up
-17.75,-39.45,2017,2021,9.14,8.0,-1.14,down
-2.65,-60.95,2009,2020,19.14,9.81,-9.34,down
-49.35,-72.95,2017,2020,4.82,9.34,4.52,up
-0.35,-78.15,2000,2021,8.37,8.12,-0.26,flat
1.05,-76.45,2017,2021,11.15,10.0,-1.15,down
-7.25,-39.55,2004,2017,8.59,8.11,-0.48,flat
4.65,-52.25,2012,2017,8.35,8.57,0.22,flat
-16.75,-56.85,1993,2020,9.18,9.21,0.03,flat
-23.25,-47.05,2017,2020,10.23,9.42,-0.81,down
-33.35,-70.55,2017,2022,7.36,14.0,6.64,up
-20.35,-41.35,2004,2017,10.0,15.77,5.77,up
36.25,-84.25,2011,2017,13.67,13.0,-0.67,down
-14.55,-61.65,2017,2019,9.29,9.04,-0.25,flat
6.15,-77.45,2014,2017,9.0,8.87,-0.13,flat
-11.95,-71.25,2017,2019,4.48,9.01,4.53,up
32.65,-117.15,2017,2020,6.02,7.47,1.46,up
-11.85,-71.35,2001,2017,10.86,3.59,-7.27,down
-3.05,-59.95,2017,2020,33.73,9.25,-24.48,down
11.25,-74.15,1996,2017,6.37,11.22,4.85,up
6.15,-75.65,2013,2017,9.56,4.44,-5.12,down
3.45,-76.65,2008,2020,10.25,7.0,-3.25,down
-20.65,-40.95,2017,2020,13.54,9.58,-3.95,down
-12.75,-71.35,2011,2017,20.11,3.82,-16.29,down
-46.75,-71.55,2017,2018,6.02,7.39,1.37,up
5.95,-75.85,2011,2017,5.08,3.02,-2.05,down
45.65,-73.65,2017,2018,1.0,1.0,0.0,flat
4.65,-75.55,2012,2018,10.29,10.82,0.52,up
10.35,-73.05,2018,2021,9.0,5.46,-3.54,down
-4.25,-70.25,2003,2020,14.05,10.66,-3.39,down
-12.55,-70.05,2007,2018,87.73,12.19,-75.53,down
-2.05,-60.05,2018,2019,8.34,14.74,6.4,up
-2.45,-59.85,1992,2018,12.17,21.35,9.18,up
20.35,-87.35,2018,2019,13.19,11.75,-1.45,down
9.25,-79.95,2018,2021,21.0,10.73,-10.27,down
-16.65,-48.65,2018,2022,14.05,18.97,4.92,up
4.65,-52.35,2018,2019,9.11,9.41,0.3,flat
4.75,-74.05,2008,2018,9.45,11.0,1.55,up
-25.85,-54.15,2002,2022,16.0,9.09,-6.91,down
-16.75,-47.65,2009,2018,9.03,12.25,3.22,up
-26.95,-54.25,2005,2018,9.09,14.64,5.55,up
-13.15,-71.55,2008,2018,12.27,8.82,-3.45,down
4.45,-74.65,2018,2022,11.62,10.59,-1.03,down
-16.75,-43.95,2018,2022,10.57,9.01,-1.57,down
39.25,-117.15,2018,2022,12.7,6.97,-5.73,down
-4.35,-79.15,1993,2018,8.0,7.36,-0.64,down
-8.95,-62.05,2014,2018,10.36,9.53,-0.83,down
-15.25,-51.15,2018,2019,17.55,14.47,-3.08,down
-9.65,-55.95,1996,2018,13.46,14.46,1.0,up
-27.75,-48.55,2010,2018,9.0,9.19,0.19,flat
-18.05,-40.35,2018,2020,9.38,9.18,-0.2,flat
40.65,-115.45,2018,2022,7.05,11.38,4.34,up
43.65,-79.45,2018,2022,9.28,9.32,0.04,flat
-32.95,-71.15,2007,2022,10.97,6.77,-4.2,down
-3.95,-78.65,1990,2018,9.0,16.18,7.18,up
-3.25,-58.95,2018,2019,9.85,10.0,0.15,flat
45.55,-122.65,2018,2021,9.18,13.47,4.3,up
27.75,-109.95,2018,2019,22.92,25.34,2.42,up
31.75,-110.65,2018,2022,15.09,19.23,4.14,up
42.35,-76.35,2018,2022,12.04,8.32,-3.72,down
-6.05,-77.05,2005,2018,11.69,10.15,-1.54,down
4.85,-75.75,2018,2019,9.0,7.29,-1.71,down
28.45,-109.15,2006,2018,23.0,25.19,2.19,up
42.15,-71.15,2018,2019,13.8,14.56,0.75,up
27.55,-81.05,2013,2018,7.86,17.07,9.21,up
-3.55,-78.45,2018,2021,11.39,7.03,-4.35,down
-9.85,-56.05,2000,2018,19.0,7.12,-11.88,down
-29.35,-50.85,2013,2018,9.76,11.54,1.78,up
-3.45,-80.05,2002,2018,6.19,12.0,5.81,up
45.85,-68.65,2018,2021,12.64,28.0,15.37,up
28.35,-80.65,2014,2018,8.41,8.84,0.43,flat
-24.35,-47.05,2007,2021,13.12,8.73,-4.39,down
-27.95,-49.95,2018,2022,7.29,11.16,3.87,up
8.65,-83.65,2013,2020,5.82,16.42,10.6,up
42.75,-71.65,2018,2021,21.69,29.59,7.9,up
14.05,-60.95,1994,2018,3.96,7.81,3.84,up
19.15,-99.15,2018,2021,11.33,14.66,3.33,up
38.55,-121.75,2018,2020,15.0,14.73,-0.27,flat
40.55,-105.05,2012,2020,15.29,13.34,-1.96,down
32.65,-117.05,2018,2019,10.0,20.0,10.0,up
-7.35,-39.35,2004,2018,12.8,3.73,-9.08,down
4.85,-73.95,2018,2021,5.0,8.05,3.05,up
38.25,-121.45,2018,2022,8.0,9.0,1.0,up
10.55,-73.35,2002,2021,6.94,8.48,1.54,up
-3.85,-32.45,2003,2018,4.38,5.69,1.31,up
-26.55,-49.35,2018,2022,8.65,11.53,2.88,up
28.75,-80.75,2014,2018,12.0,13.35,1.35,up
35.95,-87.15,2019,2021,9.5,5.3,-4.2,down
40.55,-74.25,2019,2022,15.95,8.55,-7.4,down
42.75,-71.55,2019,2021,12.32,21.77,9.46,up
9.75,-83.95,1992,2019,10.79,7.0,-3.79,down
40.65,-74.35,2019,2020,12.62,14.4,1.77,up
-3.65,-60.35,2019,2020,10.57,10.0,-0.57,down
5.75,-55.15,2007,2019,13.83,11.19,-2.64,down
-19.15,-40.05,2001,2024,20.56,10.33,-10.23,down
17.55,-89.15,2014,2019,12.57,9.46,-3.1,down
-9.35,-69.95,2008,2019,18.37,10.69,-7.68,down
0.85,-78.75,1996,2019,20.91,14.26,-6.65,down
-12.65,-71.25,2001,2019,10.21,8.91,-1.3,down
-2.65,-59.95,2011,2019,14.73,13.5,-1.23,down
10.75,-61.25,1989,2019,6.2,24.25,18.05,up
8.75,-82.95,1994,2021,9.0,3.0,-6.0,down
5.85,-55.25,2014,2019,11.72,8.78,-2.94,down
9.45,-83.65,2012,2019,12.55,16.93,4.39,up
8.55,-83.45,2012,2019,9.22,9.37,0.15,flat
40.45,-73.95,2019,2022,12.02,9.03,-2.99,down
23.45,-105.95,2002,2019,3.0,26.62,23.62,up
-2.65,-60.25,2012,2019,15.2,10.3,-4.89,down
4.95,-74.25,2011,2019,5.33,15.48,10.14,up
1.15,-76.35,2019,2020,5.73,7.15,1.43,up
-19.85,-40.25,2013,2019,9.42,14.18,4.76,up
-26.65,-54.05,2019,2023,19.29,9.0,-10.29,down
-0.45,-72.35,2019,2022,9.62,8.12,-1.5,down
-26.05,-48.65,2000,2021,8.0,7.14,-0.86,down
8.15,-77.75,1995,2019,8.98,20.62,11.64,up
49.05,-122.65,2019,2020,5.63,7.6,1.97,up
14.35,-87.65,2019,2020,10.22,15.42,5.2,up
4.95,-73.95,2019,2020,9.5,8.51,-0.99,down
-27.25,-49.75,2008,2019,9.79,10.0,0.21,flat
-12.45,-70.65,2009,2019,9.11,7.86,-1.25,down
-0.35,-78.05,2008,2019,8.61,9.64,1.03,up
-32.25,-58.15,2019,2021,11.45,10.0,-1.45,down
25.65,-109.05,2019,2020,12.37,11.76,-0.61,down
42.75,-71.75,2019,2021,14.69,24.16,9.47,up
43.35,-70.55,2012,2019,10.27,13.27,3.0,up
49.25,-123.25,2009,2019,11.28,11.3,0.02,flat
45.65,-122.75,2019,2021,13.03,13.99,0.97,up
31.55,-111.45,2011,2019,11.45,11.27,-0.18,flat
10.15,-85.05,2006,2022,14.8,8.65,-6.15,down
40.45,-74.25,2019,2020,13.89,14.42,0.53,up
-22.25,-48.15,2019,2020,9.71,10.0,0.29,flat
-26.45,-66.05,2007,2019,7.21,11.76,4.55,up
-31.25,-50.95,2011,2019,7.73,9.74,2.02,up
48.55,-123.45,2013,2019,6.16,10.17,4.0,up
-6.95,-78.15,2014,2019,10.0,11.43,1.43,up
-9.95,-50.05,2009,2019,11.35,12.0,0.65,up
7.85,-77.65,1995,2019,9.79,27.09,17.3,up
6.35,-72.75,2005,2019,7.65,9.94,2.29,up
25.75,-109.05,2019,2020,13.19,11.24,-1.95,down
23.35,-105.95,2002,2019,7.73,21.28,13.55,up
-0.65,-72.45,2019,2022,8.68,7.68,-1.0,down
-7.45,-73.65,2019,2021,9.62,9.1,-0.52,down
47.05,-122.95,2014,2019,10.09,16.67,6.58,up
-13.35,-62.05,2019,2020,8.82,11.0,2.19,up
-16.75,-49.65,2019,2021,5.0,19.0,14.0,up
33.55,-109.35,2019,2020,17.73,11.18,-6.55,down
35.15,-119.85,2019,2020,11.13,10.58,-0.55,down
49.25,-123.15,2019,2020,8.72,9.43,0.71,up
41.65,-118.75,2019,2020,13.62,9.5,-4.12,down
-3.55,-79.45,2013,2020,9.1,4.5,-4.6,down
41.95,-119.45,2019,2020,8.0,8.53,0.53,up
34.35,-117.75,2019,2020,8.2,9.36,1.16,up
-41.55,-72.55,2006,2020,9.27,7.12,-2.15,down
-3.65,-79.25,1992,2020,16.96,7.0,-9.96,down
68.65,-149.55,2020,2022,8.87,8.17,-0.7,down
-4.35,-78.65,2002,2020,11.09,8.64,-2.45,down
5.15,-75.95,2011,2020,7.57,9.73,2.15,up
-6.15,-50.25,2011,2020,13.34,9.71,-3.62,down
8.65,-82.25,2012,2020,8.53,8.68,0.15,flat
-12.55,-41.45,2001,2020,18.37,8.36,-10.0,down
4.65,-75.65,2007,2022,14.69,9.48,-5.22,down
-23.75,-53.85,2020,2021,9.24,10.67,1.43,up
-12.55,-41.35,1997,2020,20.81,19.28,-1.53,down
-4.35,-79.85,2020,2024,12.43,18.91,6.49,up
-6.15,-50.15,2005,2020,14.82,10.0,-4.82,down
32.45,-110.75,2011,2020,10.0,15.19,5.19,up
-6.05,-50.35,2012,2020,13.5,10.42,-3.08,down
48.15,-122.75,2020,2021,14.4,20.25,5.86,up
45.25,-75.65,2020,2021,8.75,12.91,4.15,up
32.65,-116.85,2012,2020,15.44,15.73,0.3,flat
40.75,-74.45,2020,2022,10.48,8.06,-2.43,down
46.35,-62.75,2020,2022,14.17,15.96,1.79,up
40.45,-74.35,2020,2022,6.0,7.45,1.45,up
46.35,-62.45,2020,2021,13.98,18.63,4.65,up
-33.05,-71.55,2020,2025,5.82,10.0,4.18,up
5.05,-52.55,2013,2020,13.0,11.2,-1.8,down
-4.05,-60.65,2009,2020,12.75,9.67,-3.08,down
46.35,-62.95,2020,2021,12.76,14.04,1.28,up
31.55,-111.35,2009,2020,5.73,20.0,14.27,up
-24.55,-65.35,2013,2020,9.22,1.0,-8.22,down
32.75,-109.95,2013,2020,17.0,14.29,-2.71,down
-2.55,-60.15,2020,2022,9.12,6.0,-3.12,down
10.25,-84.55,2002,2020,10.19,9.36,-0.83,down
46.35,-62.65,2020,2022,8.2,16.95,8.75,up
-26.15,-48.65,2020,2022,14.29,13.08,-1.21,down
-23.55,-45.25,2012,2020,14.0,9.75,-4.25,down
-4.05,-78.55,1990,2020,8.41,5.0,-3.41,down
2.25,-75.65,2020,2021,7.26,5.48,-1.77,down
-15.45,-55.65,2011,2020,22.03,8.36,-13.66,down
-14.35,-40.15,1999,2020,19.82,10.15,-9.67,down
19.35,-99.65,2020,2022,11.64,12.4,0.75,up
-2.15,-80.05,1992,2020,12.11,8.93,-3.18,down
-22.85,-45.95,2011,2022,12.5,10.0,-2.5,down
35.55,-121.05,2020,2022,13.0,14.64,1.64,up
-23.05,-43.55,2007,2020,10.55,27.82,17.27,up
-42.75,-65.05,2003,2020,7.24,9.23,1.99,up
29.65,-100.45,2012,2020,12.42,9.64,-2.78,down
45.15,-121.05,2020,2021,7.69,12.58,4.89,up
38.55,-121.45,2020,2022,9.0,7.68,-1.32,down
31.75,-97.55,2020,2021,1.0,1.0,0.0,flat
-31.15,-50.95,2005,2021,7.54,13.44,5.9,up
40.75,-74.15,2021,2022,9.04,7.94,-1.09,down
47.15,-92.75,2014,2021,13.31,10.04,-3.27,down
43.55,-79.95,2021,2022,8.72,8.65,-0.07,flat
44.35,-73.85,2012,2021,17.77,11.57,-6.2,down
-18.15,-63.85,1992,2021,22.37,9.26,-13.11,down
29.35,-108.25,2013,2021,7.5,7.13,-0.37,flat
-10.25,-65.35,2021,2022,8.36,11.18,2.82,up
4.45,-75.05,2021,2022,12.18,8.81,-3.37,down
-18.95,-46.95,2011,2022,9.51,9.64,0.14,flat
-4.25,-69.95,2021,2022,15.18,20.23,5.05,up
-30.15,-57.45,2004,2021,16.11,20.45,4.34,up
-21.75,-43.35,2011,2021,11.73,11.62,-0.11,flat
-25.35,-48.95,2002,2021,23.38,12.69,-10.69,down
-3.75,-78.65,2013,2021,13.06,11.57,-1.49,down
-19.95,-62.55,2001,2021,26.81,11.0,-15.81,down
-1.05,-77.75,1990,2021,10.62,10.64,0.01,flat
-23.75,-46.25,2021,2022,12.86,10.0,-2.86,down
-23.05,-44.55,2001,2021,23.24,9.45,-13.79,down
-22.45,-44.55,1999,2021,9.6,12.8,3.2,up
-4.95,-79.05,1997,2021,11.62,9.14,-2.48,down
-23.65,-46.65,2012,2021,8.5,8.2,-0.3,flat
12.25,-68.35,2021,2022,8.53,5.12,-3.41,down
-1.95,-80.45,2021,2022,14.61,12.42,-2.19,down
0.05,-77.25,2011,2021,10.42,13.74,3.32,up
-12.45,-64.45,2021,2022,13.47,12.33,-1.13,down
29.25,-108.15,2006,2021,8.57,8.7,0.13,flat
-0.95,-80.75,2021,2022,7.35,9.01,1.66,up
44.25,-68.35,2010,2021,7.74,2.0,-5.74,down
19.25,-103.75,2021,2022,15.73,18.38,2.65,up
48.45,-123.45,2012,2021,7.38,16.13,8.76,up
0.55,-79.25,2004,2024,9.42,2.56,-6.87,down
18.55,-95.15,2007,2021,11.57,8.36,-3.21,down
12.15,-68.25,2021,2022,7.73,6.26,-1.47,down
-23.65,-64.85,2000,2022,10.27,8.62,-1.65,down
-6.75,-76.45,2007,2022,7.31,10.88,3.57,up
-14.45,-40.25,2004,2022,8.35,10.0,1.65,up
39.65,-120.45,2010,2022,22.69,9.82,-12.87,down
-26.75,-65.35,2022,2023,12.79,11.18,-1.61,down
-25.15,-65.85,2013,2022,6.61,8.64,2.02,up
-4.75,-76.55,2013,2022,15.21,9.63,-5.58,down
1.15,-70.15,2014,2022,7.0,8.36,1.36,up
-5.65,-77.65,2007,2022,9.43,8.85,-0.58,down
-9.25,-36.45,2014,2022,9.12,11.67,2.55,up
-15.15,-44.25,2003,2022,8.25,9.01,0.76,up
-34.25,-58.85,2001,2022,9.2,7.0,-2.2,down
-26.75,-65.75,2013,2022,8.65,7.46,-1.2,down
-5.65,-78.85,2007,2022,7.66,8.87,1.21,up
-14.35,-40.25,2002,2022,13.87,8.0,-5.87,down
28.25,-177.35,1997,2022,4.93,10.61,5.69,up
5.05,-74.35,2009,2022,10.0,10.62,0.62,up
9.75,-84.55,2010,2022,11.06,9.01,-2.05,down
-1.55,-80.75,2012,2022,8.46,22.14,13.67,up
-22.15,-65.45,2012,2022,7.67,7.36,-0.31,flat
-0.45,-76.35,1988,2022,15.58,8.8,-6.77,down
-0.55,-76.35,1992,2022,8.71,13.3,4.58,up
-6.45,-76.35,2014,2022,9.18,7.63,-1.55,down
10.45,-66.75,1997,2022,7.0,8.0,1.0,up
71.25,-156.65,2013,2022,6.73,7.23,0.5,flat
-23.65,-45.85,1993,2022,6.73,10.42,3.69,up
-26.75,-49.05,2009,2022,25.0,20.0,-5.0,down
5.35,-75.85,2014,2022,8.52,7.0,-1.52,down
5.35,-74.95,2009,2022,8.57,11.69,3.12,up
18.15,-76.45,2022,2025,7.29,7.2,-0.09,flat
-25.85,-53.95,2006,2022,18.19,10.36,-7.82,down
-24.05,-63.35,2023,2024,20.3,18.28,-2.02,down
-19.05,-40.15,1998,2024,20.65,9.0,-11.65,down
5.75,-53.95,2007,2024,15.44,4.16,-11.28,down
-27.45,-63.25,2024,2025,25.42,19.73,-5.69,down
-16.35,-67.95,2006,2025,8.27,7.53,-0.74,down
5.25,-75.95,2013,2025,9.48,7.14,-2.34,down
-17.15,-65.85,2001,2025,16.0,8.0,-8.0,down
-3.65,-78.35,2003,2011,9.08,7.14,-1.94,down
-0.75,-77.75,1992,2005,9.85,9.82,-0.03,flat
0.75,-78.95,1996,2001,21.48,17.66,-3.82,down
-0.65,-77.75,1992,2001,8.88,15.18,6.29,up
-4.25,-80.05,1999,2002,13.42,15.09,1.67,up
-4.45,-79.85,1991,2011,16.87,11.5,-5.37,down
-2.05,-80.75,1998,2003,7.82,9.82,2.0,up
-6.45,-79.75,2007,2014,9.44,8.84,-0.6,down
-2.85,-79.15,1995,2014,10.15,9.0,-1.15,down
13.95,-87.25,2012,2014,12.13,11.77,-0.36,flat
-5.75,-77.85,2003,2014,18.0,11.0,-7.0,down
-4.75,-79.45,1992,2004,12.41,6.64,-5.77,down
-0.55,-79.35,1992,2005,11.0,9.27,-1.73,down
-17.15,-65.55,1996,1997,22.89,19.32,-3.57,down
-1.85,-80.55,1992,2006,9.32,8.41,-0.91,down
-0.25,-78.05,1996,1997,12.36,10.4,-1.95,down
-0.15,-77.45,1990,2013,9.38,13.73,4.35,up
-1.45,-80.75,1993,2001,8.85,14.0,5.15,up
48.55,-123.35,2012,2013,7.46,7.97,0.51,up
48.35,-123.55,2010,2014,19.59,9.25,-10.34,down
23.15,-99.15,1989,2000,18.78,9.5,-9.29,down
-3.85,-80.15,2007,2009,9.04,22.17,13.13,up
-3.85,-80.25,2007,2009,9.62,20.48,10.86,up
-6.35,-79.45,2001,2014,8.17,9.05,0.88,up
-23.85,-54.25,2007,2012,11.97,22.26,10.29,up
10.85,-68.55,1996,1997,9.57,7.47,-2.1,down
10.35,-68.15,1995,2003,9.26,7.36,-1.89,down
-6.45,-76.25,2008,2014,6.88,9.16,2.28,up
-4.25,-49.45,2005,2007,23.27,24.0,0.73,up
-23.85,-45.35,2012,2013,8.11,10.7,2.59,up
-27.15,-49.25,2007,2009,16.91,16.8,-0.12,flat
-23.95,-46.65,2009,2012,14.86,9.42,-5.44,down
-27.25,-49.15,2010,2013,10.49,10.0,-0.49,flat
-24.55,-48.75,2008,2012,9.14,8.97,-0.17,flat
-2.55,-76.85,1996,2001,16.23,12.1,-4.13,down
1.15,-78.85,2002,2008,15.23,9.92,-5.31,down
0.65,-78.95,1999,2007,13.11,14.45,1.34,up
7.25,-64.95,1992,1997,8.27,9.48,1.21,up
-12.85,-69.35,2000,2003,14.09,15.6,1.51,up
8.05,-61.65,1994,2003,9.49,9.18,-0.31,flat
-1.05,-77.35,2003,2007,15.16,19.72,4.56,up
4.85,-56.75,2010,2014,11.87,13.71,1.84,up
1.05,-78.65,1991,2009,10.0,12.76,2.76,up
4.65,-61.45,2002,2010,8.77,12.47,3.7,up
1.85,-76.25,1990,2011,10.25,8.71,-1.53,down
-0.15,-67.05,1998,2004,16.39,15.15,-1.24,down
5.95,-74.15,2007,2009,13.86,9.47,-4.39,down
8.25,-73.45,2002,2005,8.15,10.06,1.91,up
-3.85,-73.25,2006,2011,10.95,20.5,9.55,up
-17.05,-65.55,1996,2000,21.48,3.95,-17.52,down
-16.25,-39.35,2011,2014,9.6,9.0,-0.6,down
-19.15,-39.95,2001,2004,12.6,12.59,-0.01,flat
6.15,-73.45,2003,2014,11.18,10.26,-0.91,down
10.25,-63.55,1994,2003,7.64,8.48,0.84,up
9.95,-62.95,1994,1995,9.56,9.34,-0.22,flat
8.55,-83.35,2012,2014,13.77,9.7,-4.07,down
9.75,-69.65,2006,2011,17.6,9.83,-7.77,down
0.45,-79.25,2003,2012,10.0,11.74,1.74,up
-9.25,-55.95,2007,2008,28.24,32.56,4.32,up
-17.15,-64.75,1994,1996,20.69,20.36,-0.32,flat
-0.65,-76.45,1994,1995,12.61,15.38,2.77,up
4.15,-72.95,2010,2013,10.33,10.18,-0.15,flat
-0.45,-76.15,2006,2012,9.12,11.17,2.05,up
4.95,-75.05,2013,2014,10.06,11.77,1.72,up
3.95,-73.95,1993,1994,9.62,9.21,-0.4,flat
-0.85,-77.25,1996,2011,13.0,10.72,-2.28,down
-12.35,-70.75,2000,2011,11.69,26.74,15.05,up
-1.15,-76.75,2005,2012,6.99,10.02,3.02,up
-12.25,-69.35,2009,2013,21.55,9.1,-12.45,down
-12.05,-69.65,2009,2013,26.69,10.0,-16.69,down
-3.65,-72.25,1996,2009,10.0,18.69,8.69,up
-0.65,-76.35,2008,2011,10.62,10.93,0.31,flat
-0.55,-76.45,1993,2005,12.0,16.67,4.67,up
-3.85,-80.05,2013,2014,8.65,9.85,1.2,up
-5.95,-50.15,2005,2012,8.65,12.61,3.96,up
10.85,-68.25,1996,2000,9.11,6.43,-2.68,down
-15.05,-44.25,1999,2002,23.8,24.26,0.46,flat
-19.05,-40.05,1997,1999,14.0,21.99,7.99,up
-12.85,-71.25,1995,2009,9.21,9.11,-0.11,flat
-11.35,-69.55,2009,2011,8.67,45.62,36.95,up
-17.45,-63.65,1994,1998,21.24,9.13,-12.11,down
-27.35,-49.35,2010,2012,14.28,10.0,-4.28,down
-23.05,-46.05,2011,2014,12.81,25.91,13.1,up
-22.55,-42.75,2005,2011,21.72,18.65,-3.07,down
-12.55,-41.55,1999,2010,16.26,10.15,-6.11,down
-27.25,-49.05,2009,2010,15.55,12.52,-3.04,down
-20.75,-42.85,2011,2013,10.8,10.67,-0.13,flat
-9.75,-37.45,2012,2013,8.21,9.62,1.41,up
-35.25,-59.25,1978,1979,9.61,8.64,-0.97,down
-32.35,-52.45,2005,2012,8.02,14.11,6.08,up
-13.55,-61.05,1993,2002,21.35,12.4,-8.95,down
-35.65,-59.75,1984,1987,8.3,4.0,-4.3,down
-31.75,-52.35,2006,2007,10.96,10.85,-0.11,flat
-28.65,-49.45,2012,2014,10.59,11.43,0.84,up
7.55,-69.45,2010,2012,9.51,8.36,-1.14,down
-26.95,-50.05,2010,2011,10.0,10.0,-0.0,flat
-20.15,-44.25,2008,2009,10.26,10.0,-0.26,flat
-23.35,-51.15,2009,2014,11.0,10.0,-1.0,down
-23.75,-46.75,2008,2011,13.9,9.27,-4.63,down
-9.25,-50.05,1999,2000,9.12,8.01,-1.12,down
7.05,-69.45,2007,2009,9.3,6.3,-3.0,down
-32.15,-52.75,2008,2014,11.45,11.0,-0.45,flat
40.65,-73.85,2013,2014,13.24,8.33,-4.91,down
19.75,-155.35,2007,2014,8.0,9.64,1.64,up
44.95,-93.25,2011,2014,15.05,13.0,-2.05,down
35.45,-94.95,1998,1999,9.02,8.0,-1.02,down
52.15,-105.05,2013,2014,7.59,9.32,1.73,up
-42.15,-71.65,1992,2006,9.15,5.82,-3.33,down
-9.25,-49.95,2002,2004,21.25,7.12,-14.13,down
7.45,-69.35,1992,2009,14.05,10.0,-4.05,down
5.75,-73.45,2001,2011,8.64,6.91,-1.73,down
35.65,-84.15,2009,2011,16.72,14.0,-2.72,down
41.25,-73.85,2010,2013,10.5,14.71,4.21,up
-13.65,-71.75,2007,2011,8.27,9.39,1.12,up
44.75,-93.35,2011,2014,15.58,24.13,8.55,up
26.45,-80.15,2013,2014,11.3,12.29,0.99,up
42.35,-76.25,2012,2013,6.93,9.24,2.31,up
-13.45,-71.95,2008,2009,7.83,6.83,-1.0,down
-0.65,-78.45,1991,2000,5.5,7.36,1.86,up
8.85,-70.85,1997,2007,5.86,5.0,-0.86,down
16.15,-91.65,2003,2007,8.23,8.36,0.13,flat
17.05,-93.05,1998,2003,7.05,8.42,1.36,up
10.45,-84.15,2012,2014,10.57,9.74,-0.83,down
8.85,-70.55,1995,2011,6.88,10.82,3.95,up
10.35,-67.65,1993,2009,7.77,9.51,1.74,up
-3.65,-79.65,1990,1993,9.46,9.32,-0.14,flat
19.45,-105.05,2010,2011,9.37,8.0,-1.37,down
-19.25,-57.05,2000,2014,23.53,9.47,-14.06,down
9.15,-70.15,1992,1997,9.18,7.72,-1.46,down
5.65,-73.45,1997,2002,7.5,7.0,-0.5,flat
8.65,-71.05,1997,2009,6.82,10.0,3.18,up
7.45,-72.85,1996,2002,7.11,8.13,1.02,up
6.25,-61.35,1994,2009,9.56,9.67,0.11,flat
-24.25,-48.35,1999,2004,10.0,14.01,4.01,up
-22.35,-44.65,1997,2010,12.05,32.67,20.62,up
-23.25,-46.55,2012,2013,19.62,16.69,-2.94,down
-26.75,-49.65,2007,2008,20.42,14.16,-6.26,down
-0.55,-76.05,1995,2003,14.8,12.29,-2.51,down
-0.65,-76.15,1996,2003,15.35,22.76,7.4,up
2.75,-74.85,1996,1997,5.13,8.94,3.81,up
6.95,-73.45,2003,2004,12.51,9.14,-3.37,down
9.65,-83.75,2010,2011,12.11,7.74,-4.37,down
9.75,-69.55,1993,1997,8.85,9.24,0.4,flat
5.05,-66.25,1997,2009,9.0,9.69,0.69,up
-18.05,-52.85,2001,2009,9.27,9.08,-0.19,flat
39.65,-120.35,2000,2012,10.51,14.92,4.41,up
30.95,-115.55,2001,2012,14.11,8.16,-5.96,down
39.65,-120.55,2012,2013,17.06,11.55,-5.52,down
30.95,-115.65,2001,2010,8.0,8.82,0.82,up
27.95,-81.05,2013,2014,6.55,20.18,13.63,up
-6.15,-50.45,2011,2012,13.18,10.62,-2.56,down
-2.95,-59.95,2002,2014,8.64,9.76,1.12,up
-15.15,-67.15,1997,1998,21.11,14.75,-6.35,down
-0.35,-76.35,1990,1996,9.81,9.98,0.18,flat
0.15,-79.25,2006,2014,8.49,9.92,1.43,up
0.85,-78.55,1992,2010,8.52,3.0,-5.52,down
8.25,-73.35,2007,2008,9.29,8.37,-0.92,down
7.35,-72.85,2009,2012,10.0,10.34,0.34,flat
4.15,-75.75,2007,2009,9.67,9.89,0.22,flat
5.75,-76.25,2011,2012,8.25,8.53,0.28,flat
-11.45,-74.75,2003,2013,7.2,8.11,0.91,up
-18.75,-63.85,1993,1996,16.01,12.0,-4.01,down
-12.55,-70.15,2006,2010,14.3,14.68,0.38,flat
0.95,-78.55,2008,2012,8.89,8.64,-0.25,flat
35.75,-83.85,2011,2013,14.61,6.67,-7.94,down
42.35,-84.15,2007,2008,22.98,23.22,0.24,flat
51.75,-103.35,2013,2014,18.5,5.73,-12.77,down
43.05,-96.15,2012,2013,9.5,14.57,5.07,up
35.85,-84.05,2008,2014,11.48,12.33,0.84,up
24.65,-81.35,2012,2014,4.65,9.0,4.35,up
10.35,-68.25,1996,2003,8.68,8.59,-0.09,flat
-9.35,-35.95,1993,2004,8.27,14.36,6.09,up
1.85,-76.35,2004,2005,7.64,9.62,1.98,up
-17.35,-44.85,1999,2002,22.49,20.92,-1.56,down
-20.85,-42.85,2011,2012,8.48,11.26,2.79,up
-26.35,-58.25,2011,2012,8.05,14.0,5.95,up
-28.15,-55.85,2010,2011,7.55,8.22,0.67,up
9.05,-62.05,1994,2003,7.82,7.89,0.07,flat
-8.05,-34.95,2004,2005,16.87,17.91,1.04,up
-9.95,-39.15,2004,2012,8.1,10.19,2.1,up
-3.25,-78.95,1992,1996,9.91,15.83,5.92,up
9.75,-70.05,1997,2000,6.75,7.42,0.67,up
-13.15,-71.45,1995,2009,8.89,8.61,-0.28,flat
-23.45,-51.25,2008,2014,12.52,8.71,-3.81,down
41.45,-109.35,2008,2013,7.19,6.76,-0.43,flat
-23.55,-64.95,1997,2006,16.71,17.0,0.29,flat
-27.95,-50.75,2011,2012,12.64,13.52,0.88,up
-3.35,-72.25,2006,2009,9.48,11.75,2.27,up
-4.25,-77.25,2001,2013,15.27,11.54,-3.74,down
-22.35,-43.05,2006,2007,13.52,15.39,1.87,up
-23.35,-45.15,1997,2011,26.0,14.56,-11.44,down
-0.65,-75.25,1991,1992,15.08,13.92,-1.16,down
-0.35,-79.05,1995,1998,10.09,16.82,6.73,up
5.45,-75.85,2012,2013,9.89,8.0,-1.89,down
-24.15,-46.95,1990,2001,10.0,23.38,13.38,up
6.15,-61.45,1994,2008,9.64,12.23,2.59,up
33.85,-80.75,2005,2006,9.0,19.35,10.35,up
40.05,-76.35,2012,2014,28.69,25.9,-2.79,down
40.05,-75.05,2006,2013,7.67,5.5,-2.17,down
-4.35,-59.55,2004,2009,15.27,18.73,3.46,up
5.95,-61.35,1994,2010,9.55,11.59,2.04,up
-23.35,-46.45,1994,2010,10.83,16.91,6.08,up
-23.95,-46.75,2010,2011,10.02,10.0,-0.02,flat
4.65,-75.85,2010,2013,13.2,21.09,7.89,up
-0.95,-77.75,2000,2011,17.94,8.44,-9.5,down
-0.85,-77.75,1999,2004,17.64,13.19,-4.45,down
4.55,-73.45,2007,2011,5.53,5.44,-0.08,flat
-20.65,-42.55,2012,2013,14.0,11.19,-2.81,down
0.35,-79.75,1997,1999,9.01,11.31,2.3,up
-3.95,-79.05,1999,2011,8.65,8.31,-0.34,flat
6.05,-61.35,1994,2002,8.11,8.61,0.5,flat
19.65,-101.15,2012,2013,14.08,15.12,1.04,up
-0.55,-79.05,1995,2005,2.67,12.01,9.34,up
-4.05,-79.15,2012,2014,12.88,16.2,3.31,up
-7.35,-78.15,2008,2010,7.14,5.38,-1.76,down
-14.05,-65.05,1998,1999,16.45,14.38,-2.07,down
-9.75,-76.05,1997,2009,8.27,16.43,8.16,up
5.45,-75.95,2004,2014,7.53,6.6,-0.93,down
-13.05,-71.45,2003,2009,9.4,14.87,5.47,up
-6.25,-79.45,2006,2010,17.4,7.82,-9.58,down
6.45,-76.05,2004,2011,17.35,6.75,-10.59,down
-0.45,-78.55,1991,1993,5.21,11.32,6.11,up
-13.55,-71.95,2007,2011,7.15,8.0,0.85,up
-13.15,-72.35,2008,2011,7.45,10.09,2.64,up
10.65,-62.65,1994,2009,8.85,10.0,1.15,up
14.35,-89.35,2011,2013,10.79,15.0,4.21,up
-11.45,-77.35,2010,2013,6.7,5.3,-1.4,down
29.25,-103.35,2009,2011,7.43,8.03,0.6,up
29.85,-99.55,2012,2013,16.4,11.74,-4.65,down
47.55,-122.05,2009,2011,15.33,5.27,-10.06,down
41.75,-111.85,2010,2011,14.0,17.45,3.45,up
-28.65,-49.55,2012,2014,12.12,15.57,3.45,up
-3.65,-73.15,2006,2010,9.44,9.29,-0.15,flat
-27.15,-49.15,2007,2009,14.93,19.23,4.3,up
-23.65,-64.95,2000,2013,11.5,7.72,-3.78,down
8.15,-61.65,1984,2009,12.76,9.12,-3.64,down
-23.55,-45.35,2000,2001,19.0,16.0,-3.0,down
-31.35,-57.95,2011,2012,9.32,9.0,-0.32,flat
-30.85,-62.95,2004,2013,8.0,8.64,0.64,up
-27.15,-52.75,2008,2010,17.58,7.0,-10.58,down
-8.65,-35.05,2003,2006,10.67,12.38,1.72,up
-15.35,-38.95,2011,2013,8.36,9.05,0.69,up
-9.55,-50.15,1999,2000,9.0,4.85,-4.16,down
-23.45,-51.05,2010,2014,10.0,8.64,-1.36,down
7.95,-61.95,2002,2003,9.32,8.85,-0.47,flat
30.45,-91.65,1996,2013,25.46,23.58,-1.88,down
30.35,-91.25,2012,2014,26.89,17.26,-9.63,down
36.05,-83.25,2010,2012,13.8,7.56,-6.24,down
35.25,-85.95,2007,2008,14.38,12.78,-1.59,down
-23.55,-46.65,2012,2013,10.0,8.36,-1.64,down
32.95,-116.55,2007,2012,7.14,7.98,0.85,up
21.05,-77.75,2010,2014,2.0,8.29,6.29,up
-23.55,-45.55,2013,2014,10.0,8.36,-1.64,down
14.95,-85.85,2012,2014,10.0,22.87,12.87,up
-30.55,-59.95,2005,2006,9.47,6.93,-2.54,down
-5.65,-78.55,2007,2010,6.32,4.91,-1.41,down
35.85,-84.15,2009,2011,20.41,14.58,-5.82,down
39.75,-120.35,2012,2013,15.92,9.04,-6.88,down
28.65,-80.65,2013,2014,7.84,6.95,-0.89,down
41.65,-69.95,2001,2010,7.42,10.18,2.76,up
47.75,-92.05,2011,2012,15.88,13.46,-2.42,down
48.35,-123.65,2011,2012,9.0,7.62,-1.38,down
24.75,-81.05,2013,2014,1.68,4.37,2.69,up
-2.85,-54.95,2000,2010,14.66,22.42,7.76,up
-35.55,-71.05,2003,2008,8.65,8.64,-0.01,flat
35.65,-83.75,2008,2012,8.29,14.17,5.88,up
35.35,-83.95,2010,2011,6.82,9.95,3.13,up
35.95,-84.35,2012,2013,14.24,5.91,-8.33,down
35.65,-83.45,2011,2013,4.82,9.25,4.44,up
-4.65,-59.55,2004,2006,15.0,16.66,1.66,up
-20.55,-41.05,2004,2006,9.41,16.82,7.41,up
-10.95,-66.05,1995,2005,20.44,8.54,-11.9,down
-23.45,-46.65,2007,2013,13.47,9.0,-4.47,down
35.35,-84.15,2011,2012,14.89,9.15,-5.74,down
36.35,-84.25,2011,2012,14.04,17.66,3.62,up
45.15,-71.15,2008,2011,14.36,9.93,-4.44,down
44.75,-92.95,2011,2013,10.89,23.99,13.1,up
35.35,-84.05,2011,2012,15.93,11.64,-4.29,down
36.05,-83.95,2009,2014,19.0,9.58,-9.42,down
31.05,-115.45,2001,2010,13.59,8.88,-4.71,down
-6.85,-78.05,2008,2010,6.58,7.05,0.48,flat
0.95,-78.65,1983,1984,7.73,5.84,-1.89,down
47.55,-91.45,2007,2012,13.88,4.67,-9.22,down
43.05,-82.55,2007,2008,17.31,27.98,10.67,up
36.55,-117.45,1995,2000,14.96,13.45,-1.51,down
36.25,-118.05,1995,2000,13.12,8.64,-4.49,down
18.75,108.85,2013,2025,3.61,8.79,5.18,up
1.85,103.85,2012,2023,12.17,6.47,-5.7,down
39.85,116.35,2022,2025,11.65,7.86,-3.79,down
43.55,123.55,2023,2025,10.02,12.28,2.26,up
30.25,120.15,2013,2025,7.64,11.23,3.59,up
39.85,116.05,2022,2025,7.15,5.01,-2.15,down
19.35,109.65,2023,2025,20.06,9.06,-11.0,down
19.95,110.45,2022,2025,11.23,10.82,-0.41,flat
31.15,121.45,2018,2025,10.77,10.43,-0.35,flat
7.25,80.65,2007,2025,16.4,8.23,-8.17,down
39.95,116.35,2021,2025,13.44,8.31,-5.14,down
39.85,116.15,2022,2025,9.01,9.17,0.16,flat
23.75,120.65,2009,2025,6.29,13.13,6.84,up
31.05,110.95,2023,2025,13.15,8.96,-4.18,down
1.35,103.85,2009,2025,10.55,11.75,1.2,up
25.05,101.45,2022,2025,10.55,15.03,4.48,up
30.35,119.45,2019,2023,8.87,9.88,1.0,up
18.65,110.25,2023,2025,12.33,13.0,0.67,up
30.85,121.75,2018,2025,7.15,10.55,3.39,up
23.65,120.75,1983,2025,14.61,9.0,-5.61,down
43.45,123.45,2024,2025,14.4,9.12,-5.27,down
24.25,120.95,2015,2025,9.42,10.4,0.98,up
28.55,81.25,2012,2023,10.18,11.61,1.43,up
13.75,100.55,2017,2025,5.17,9.54,4.37,up
3.75,101.75,1988,2025,9.87,11.58,1.71,up
25.25,98.75,2008,2025,9.8,10.0,0.2,flat
27.15,92.45,2006,2025,10.06,8.71,-1.35,down
29.85,102.25,2015,2024,9.45,7.61,-1.83,down
25.65,100.15,2021,2025,9.83,15.18,5.35,up
25.75,100.05,2021,2023,8.77,8.4,-0.37,flat
28.25,95.85,2013,2025,10.08,8.46,-1.63,down
30.85,121.55,2023,2024,10.03,10.49,0.46,flat
6.05,116.55,1982,2025,14.12,9.23,-4.89,down
20.05,99.05,2014,2025,13.93,10.24,-3.69,down
18.55,98.45,1986,2024,17.1,9.01,-8.09,down
19.15,103.75,2021,2024,12.25,9.79,-2.46,down
27.95,85.45,2013,2023,10.82,7.89,-2.94,down
22.75,100.95,2023,2024,14.27,10.18,-4.08,down
-1.05,136.25,2009,2025,8.43,10.95,2.52,up
31.05,103.15,2015,2025,6.14,8.49,2.35,up
49.65,121.55,2023,2024,14.7,11.3,-3.4,down
29.65,102.95,2006,2025,13.24,10.78,-2.46,down
17.55,98.85,2014,2024,14.01,18.23,4.22,up
-6.35,155.55,2024,2025,8.71,15.94,7.24,up
4.95,117.85,2001,2025,10.97,10.3,-0.66,down
29.65,102.85,2013,2024,8.95,8.32,-0.63,down
6.35,100.95,2023,2025,13.2,8.27,-4.93,down
11.45,108.05,2014,2024,5.64,10.27,4.63,up
19.45,102.45,2022,2023,8.0,13.0,5.0,up
11.95,108.35,2013,2025,7.34,15.69,8.34,up
-6.15,106.75,2019,2025,7.42,9.6,2.18,up
21.95,101.25,2021,2025,9.26,11.8,2.53,up
18.15,104.45,2019,2024,9.65,11.96,2.31,up
17.45,53.35,2023,2025,7.91,6.87,-1.03,down
25.35,56.15,2021,2025,5.46,7.36,1.9,up
16.95,53.75,2024,2025,7.87,5.0,-2.87,down
20.65,102.15,2020,2024,10.89,16.49,5.6,up
47.85,106.65,2023,2025,10.98,14.59,3.61,up
31.55,121.95,2021,2024,9.62,8.17,-1.46,down
11.95,108.45,2013,2025,8.81,9.21,0.4,flat
30.45,120.95,2024,2025,8.52,7.07,-1.45,down
11.85,108.45,2014,2025,10.08,9.55,-0.52,down
19.95,99.05,2011,2023,11.26,10.05,-1.21,down
24.45,97.55,2017,2025,9.32,9.23,-0.09,flat
19.15,103.85,2021,2024,11.84,10.87,-0.97,down
19.45,102.15,2022,2023,10.54,9.47,-1.07,down
24.25,121.05,2009,2025,8.74,11.27,2.53,up
19.85,100.45,2022,2024,9.87,8.61,-1.26,down
8.95,98.55,1984,2024,12.64,10.0,-2.64,down
31.55,120.15,2023,2025,8.27,9.18,0.91,up
17.05,42.65,2022,2024,4.76,6.36,1.6,up
43.05,76.95,2007,2025,11.55,8.08,-3.47,down
44.95,101.55,2017,2024,6.66,6.47,-0.19,flat
30.85,102.95,2012,2025,7.86,10.07,2.21,up
31.55,110.35,2021,2023,9.56,7.64,-1.92,down
33.65,103.25,2015,2024,8.81,9.0,0.19,flat
1.35,124.85,2013,2025,8.52,8.26,-0.26,flat
12.85,99.55,2012,2025,6.07,9.14,3.06,up
-5.75,143.95,2007,2025,10.75,8.86,-1.89,down
28.45,81.25,2015,2023,8.13,9.42,1.29,up
26.55,93.45,2011,2024,6.83,12.35,5.52,up
12.75,99.45,2012,2025,10.75,10.53,-0.21,flat
28.15,95.85,2013,2024,9.37,10.75,1.38,up
18.05,102.35,2020,2024,11.01,11.59,0.57,up
13.75,100.85,2019,2025,8.53,9.07,0.53,up
28.25,83.95,2017,2023,8.01,10.47,2.46,up
14.75,106.05,2008,2024,8.97,9.14,0.17,flat
12.85,99.65,2012,2023,11.22,9.24,-1.99,down
13.85,100.45,2017,2025,12.61,8.12,-4.49,down
1.45,103.75,2016,2025,11.87,11.04,-0.83,down
17.95,102.65,2019,2024,9.0,15.02,6.02,up
14.05,100.65,2024,2025,10.35,9.3,-1.06,down
12.85,99.45,2012,2025,13.13,10.18,-2.95,down
17.85,102.65,2020,2024,13.76,16.33,2.57,up
3.55,101.15,2020,2023,8.88,9.61,0.73,up
13.85,100.55,2023,2025,10.66,9.12,-1.53,down
18.35,103.05,2020,2023,9.45,11.09,1.64,up
13.95,100.45,2018,2024,9.57,9.54,-0.03,flat
43.25,145.45,2013,2025,8.27,15.47,7.2,up
48.25,110.45,2018,2024,12.5,8.81,-3.7,down
39.95,115.45,2010,2024,3.82,7.4,3.58,up
40.05,115.55,2022,2024,8.97,10.52,1.55,up
1.85,103.95,2010,2025,12.59,10.19,-2.4,down
2.25,103.75,2017,2025,11.18,10.21,-0.98,down
8.75,99.65,2014,2025,9.06,8.92,-0.14,flat
25.05,121.95,2022,2023,10.0,11.61,1.61,up
4.35,102.45,1984,2025,16.28,9.95,-6.34,down
4.65,102.05,2013,2025,8.66,10.06,1.39,up
12.85,99.35,2012,2025,12.79,11.3,-1.49,down
14.15,121.25,1985,2025,13.47,9.22,-4.25,down
5.65,116.45,2022,2025,9.36,9.58,0.23,flat
29.45,79.35,2011,2025,10.54,7.22,-3.32,down
19.85,100.35,2023,2024,8.57,7.64,-0.93,down
43.05,141.65,2023,2024,11.0,15.42,4.42,up
28.15,85.35,2013,2023,6.91,8.52,1.61,up
12.05,108.45,2008,2025,9.17,10.36,1.19,up
18.55,98.55,1986,2024,15.27,9.08,-6.19,down
27.05,92.45,2013,2025,10.87,8.89,-1.98,down
18.25,102.15,2018,2024,9.33,17.64,8.31,up
20.15,100.55,2022,2024,11.0,9.62,-1.38,down
27.35,91.15,2012,2023,7.05,6.0,-1.05,down
12.15,108.65,2014,2023,7.21,7.97,0.76,up
47.55,98.55,2013,2025,13.4,12.68,-0.72,down
23.45,120.65,2017,2025,5.35,12.27,6.92,up
31.75,102.35,2013,2025,6.0,8.02,2.02,up
19.85,99.05,1991,2024,9.9,11.05,1.15,up
23.45,120.85,2021,2025,7.65,10.98,3.34,up
10.65,104.05,2022,2023,8.84,15.6,6.76,up
31.75,102.25,2014,2025,3.98,8.05,4.07,up
34.05,74.85,2019,2025,12.77,8.03,-4.74,down
39.65,68.45,2021,2025,7.03,5.81,-1.22,down
26.45,117.55,2023,2024,8.76,11.24,2.48,up
22.75,88.45,2021,2023,12.0,13.77,1.77,up
1.65,110.15,2014,2024,8.92,8.79,-0.14,flat
48.15,107.25,2019,2024,7.42,10.6,3.17,up
29.45,79.45,2011,2023,11.89,11.54,-0.35,flat
8.95,98.45,2016,2024,10.29,8.52,-1.77,down
-2.55,140.05,2008,2025,7.14,8.88,1.74,up
17.05,54.25,2014,2024,8.49,7.96,-0.52,down
44.35,75.45,2023,2025,6.18,4.77,-1.41,down
44.35,75.55,2009,2023,8.0,7.31,-0.69,down
17.05,54.15,2023,2025,10.5,9.3,-1.2,down
-9.45,147.35,1990,2025,8.71,9.2,0.48,flat
3.65,101.75,2013,2024,11.18,9.71,-1.47,down
30.95,121.95,2019,2025,11.29,7.24,-4.05,down
47.85,106.85,2022,2023,5.21,8.3,3.09,up
27.55,85.35,1986,2023,11.26,11.06,-0.2,flat
14.75,120.25,2017,2024,8.36,10.46,2.09,up
1.25,103.85,2019,2025,8.8,9.89,1.09,up
1.55,125.15,2007,2025,9.18,12.21,3.03,up
14.75,120.35,2014,2024,7.64,11.4,3.76,up
13.05,100.05,2012,2024,12.97,8.36,-4.61,down
13.45,103.85,2013,2023,7.83,10.7,2.87,up
17.95,102.75,2020,2024,13.54,17.21,3.67,up
13.55,100.65,2024,2025,11.52,12.15,0.62,up
11.55,104.95,2018,2024,8.55,8.27,-0.28,flat
2.35,103.65,2022,2023,9.43,8.81,-0.62,down
13.75,100.35,2024,2025,9.16,7.88,-1.28,down
11.75,92.75,2017,2025,8.77,8.77,0.0,flat
47.75,105.85,2017,2025,5.16,8.92,3.76,up
40.05,116.35,2021,2024,8.75,13.99,5.24,up
3.45,101.75,2018,2024,6.0,7.86,1.86,up
13.75,100.05,2024,2025,11.04,9.14,-1.91,down
-0.45,130.75,2015,2025,11.0,8.64,-2.36,down
5.35,115.65,2014,2024,8.35,9.47,1.12,up
30.95,121.35,2020,2024,8.52,8.81,0.28,flat
8.05,98.25,2011,2023,11.42,15.01,3.58,up
1.35,103.75,2014,2025,12.18,10.54,-1.64,down
1.45,103.95,2017,2025,6.99,8.64,1.64,up
1.25,103.75,2020,2024,8.67,5.0,-3.67,down
11.55,92.75,2015,2025,10.32,9.78,-0.54,down
39.25,66.95,2015,2025,8.31,6.88,-1.43,down
-6.75,106.95,1996,2024,12.98,10.19,-2.8,down
-5.95,144.25,2024,2025,5.47,7.21,1.74,up
12.55,99.95,2016,2025,10.48,4.22,-6.26,down
30.25,120.05,2024,2025,9.64,10.2,0.56,up
9.65,118.75,2016,2024,7.58,8.78,1.2,up
45.65,99.25,2019,2025,5.14,11.26,6.12,up
27.15,77.55,1986,2025,18.22,8.41,-9.81,down
47.95,107.45,2017,2025,5.31,12.53,7.22,up
39.85,116.25,2022,2023,15.35,16.13,0.79,up
26.15,119.25,2023,2025,9.19,9.42,0.23,flat
16.25,107.85,2000,2024,13.16,9.73,-3.43,down
43.65,76.55,2022,2023,10.27,4.65,-5.62,down
47.75,102.75,2022,2024,6.95,9.33,2.39,up
21.45,105.65,2000,2024,7.73,7.64,-0.09,flat
24.45,118.15,2020,2023,7.67,5.95,-1.72,down
22.45,114.15,2016,2025,13.52,12.47,-1.05,down
5.95,116.05,2022,2023,9.0,9.17,0.17,flat
13.45,100.35,2024,2025,8.19,6.98,-1.21,down
3.35,101.25,1983,2024,15.87,8.46,-7.41,down
11.65,104.85,2015,2025,6.0,8.31,2.31,up
13.45,100.95,2024,2025,8.66,10.03,1.37,up
29.25,95.15,2024,2025,9.77,6.64,-3.14,down
13.85,100.85,2024,2025,12.05,9.67,-2.38,down
17.15,54.45,2014,2025,9.86,9.42,-0.43,flat
17.05,54.45,2024,2025,4.46,3.98,-0.48,flat
17.15,54.25,2010,2025,8.69,7.19,-1.5,down
5.85,117.95,1982,2025,15.17,7.87,-7.3,down
17.05,54.35,2023,2024,6.0,7.37,1.37,up
3.55,102.15,2009,2024,8.63,8.4,-0.23,flat
26.35,120.45,2020,2024,6.59,10.79,4.2,up
25.25,98.65,2022,2024,15.14,10.44,-4.7,down
24.45,54.35,2014,2024,12.74,8.93,-3.81,down
3.45,101.25,2024,2025,7.41,4.17,-3.23,down
19.15,102.35,2022,2023,14.17,18.21,4.05,up
25.35,98.75,2002,2025,6.0,9.58,3.58,up
8.25,126.15,2001,2025,7.32,13.82,6.5,up
-1.75,101.25,2009,2024,10.0,12.0,2.0,up
26.95,92.85,2012,2024,10.14,10.98,0.84,up
31.05,121.45,2024,2025,8.07,4.25,-3.82,down
36.35,138.55,2015,2023,8.42,8.59,0.17,flat
20.25,100.05,2016,2023,9.81,8.95,-0.86,down
25.15,102.75,2023,2025,8.97,8.68,-0.29,flat
15.05,98.95,2015,2025,10.84,8.85,-1.99,down
18.95,102.45,2020,2023,12.26,13.75,1.49,up
31.35,122.05,2018,2024,8.35,6.15,-2.19,down
14.65,100.95,2014,2024,8.91,13.62,4.71,up
5.55,116.45,2016,2025,9.36,11.15,1.79,up
9.75,118.55,2024,2025,8.68,8.95,0.27,flat
15.15,106.15,2021,2024,9.74,15.99,6.25,up
27.35,92.25,2009,2024,6.0,10.32,4.32,up
45.05,75.05,2008,2023,7.8,2.91,-4.89,down
30.85,121.95,2019,2025,6.12,6.93,0.81,up
32.45,35.55,2013,2023,6.25,8.95,2.7,up
28.75,116.35,2023,2025,6.73,3.9,-2.82,down
11.65,92.65,2017,2025,7.0,9.18,2.18,up
31.05,121.15,2020,2024,16.0,11.71,-4.29,down
31.15,121.35,2019,2023,9.18,9.49,0.31,flat
31.45,121.35,2020,2023,7.87,7.58,-0.29,flat
0.75,124.45,2011,2023,8.12,9.35,1.23,up
25.05,121.55,2011,2025,10.81,8.46,-2.35,down
31.95,114.25,2012,2025,8.36,8.11,-0.25,flat
12.05,75.55,2022,2024,10.0,11.0,1.0,up
16.75,95.25,2023,2025,15.23,10.0,-5.23,down
14.45,101.35,1983,2024,15.85,9.55,-6.29,down
5.45,118.25,2008,2024,8.0,10.35,2.35,up
3.95,115.65,2014,2024,9.07,9.48,0.41,flat
47.85,104.35,2017,2025,8.36,12.45,4.09,up
50.75,69.95,2023,2025,8.1,6.41,-1.69,down
27.75,85.35,2019,2023,13.82,8.84,-4.97,down
25.15,55.15,2021,2023,5.93,7.67,1.74,up
31.35,121.55,2022,2025,7.16,7.39,0.23,flat
3.25,101.85,2022,2025,11.96,5.23,-6.73,down
11.45,107.45,2000,2023,16.31,9.84,-6.47,down
31.45,121.95,2019,2023,9.2,8.8,-0.4,flat
25.65,56.25,2017,2025,12.14,7.53,-4.61,down
20.05,99.35,2016,2024,8.94,7.21,-1.73,down
24.35,121.25,2020,2024,6.92,8.36,1.44,up
22.55,114.15,2013,2025,6.61,19.0,12.39,up
26.75,128.25,2003,2025,5.0,10.66,5.66,up
-2.55,140.15,2014,2025,9.18,5.56,-3.62,down
6.05,116.75,2008,2025,7.55,9.32,1.77,up
22.45,106.95,2017,2023,9.27,9.18,-0.09,flat
29.45,79.15,2011,2023,10.96,5.0,-5.96,down
27.25,92.25,2011,2025,8.93,7.69,-1.24,down
27.05,117.05,2014,2025,8.54,8.62,0.08,flat
16.05,99.15,2014,2024,12.99,9.0,-3.99,down
26.75,128.35,2015,2025,5.74,11.5,5.76,up
16.15,99.15,2015,2024,7.1,9.28,2.18,up
0.55,124.15,2023,2025,8.79,12.37,3.58,up
3.15,101.55,2022,2025,13.89,7.7,-6.19,down
33.95,102.85,2012,2024,6.89,4.88,-2.01,down
17.05,42.95,2014,2024,10.0,8.14,-1.86,down
26.65,77.95,2024,2025,3.42,5.0,1.58,up
29.55,34.95,2016,2023,11.29,13.0,1.71,up
17.15,54.55,2018,2024,4.67,6.28,1.61,up
24.75,55.35,2022,2023,4.37,5.7,1.33,up
40.05,115.45,2016,2023,7.31,15.74,8.43,up
26.05,91.75,2019,2023,9.79,8.0,-1.79,down
1.35,103.95,2020,2025,5.79,9.46,3.66,up
22.45,114.05,2012,2025,8.12,8.97,0.86,up
3.45,101.85,2022,2024,15.0,9.27,-5.73,down
2.45,103.85,2017,2024,11.31,6.48,-4.83,down
-1.05,133.95,2009,2025,8.64,9.46,0.82,up
7.05,122.05,2009,2024,8.09,8.28,0.19,flat
18.95,42.15,2014,2024,9.87,3.0,-6.87,down
27.35,95.65,2011,2024,6.86,8.48,1.63,up
7.45,126.15,2016,2024,6.82,8.12,1.3,up
-1.15,133.95,2013,2025,8.75,9.54,0.79,up
28.25,95.95,2013,2025,8.84,7.14,-1.71,down
-5.85,144.25,2007,2024,8.29,3.69,-4.59,down
25.65,94.05,2018,2025,8.69,7.97,-0.72,down
8.15,124.95,2001,2024,7.36,8.6,1.24,up
-9.75,119.95,2015,2016,8.25,11.29,3.04,up
43.75,132.55,2015,2016,12.77,9.7,-3.08,down
5.05,117.75,1996,2015,10.96,10.24,-0.72,down
4.65,117.55,2010,2019,9.0,9.66,0.65,up
-4.95,105.75,2002,2016,6.36,9.65,3.29,up
2.55,103.75,2015,2019,10.92,9.48,-1.44,down
4.75,116.95,2015,2019,11.43,10.09,-1.34,down
12.95,80.25,2015,2020,11.09,10.13,-0.95,down
13.95,104.85,2008,2016,9.48,10.25,0.77,up
0.75,127.85,2015,2025,13.19,17.08,3.88,up
-6.05,141.55,2007,2017,9.68,10.18,0.5,flat
30.45,79.25,2013,2019,10.0,9.89,-0.11,flat
10.35,77.25,2015,2022,8.55,8.68,0.13,flat
7.95,80.75,2014,2015,8.91,11.0,2.09,up
42.55,130.65,2015,2016,13.45,14.0,0.55,up
-8.65,120.55,1997,2017,7.39,7.86,0.47,flat
-8.75,115.25,2013,2017,13.15,9.65,-3.5,down
24.25,54.65,2014,2015,14.0,16.58,2.58,up
11.25,76.25,2014,2015,11.02,9.7,-1.32,down
-10.55,123.35,2004,2015,16.66,9.0,-7.66,down
26.65,93.35,2009,2015,7.15,14.91,7.76,up
15.35,74.15,2010,2015,9.22,10.92,1.7,up
33.55,107.55,2012,2015,7.28,8.27,0.99,up
34.05,139.55,2013,2018,7.78,7.14,-0.64,down
35.35,138.75,2013,2015,3.82,8.16,4.34,up
33.25,103.95,1999,2015,8.11,8.78,0.67,up
33.65,107.85,2009,2015,8.36,8.65,0.28,flat
25.85,94.95,2015,2016,14.05,11.5,-2.56,down
22.05,121.55,2009,2020,4.0,5.03,1.03,up
-2.05,101.35,2015,2016,8.69,7.42,-1.26,down
15.35,73.85,2014,2020,10.42,9.59,-0.83,down
4.45,115.45,2014,2015,8.84,9.64,0.8,up
13.35,74.75,2011,2018,19.3,9.53,-9.78,down
24.45,92.35,2015,2016,11.0,7.31,-3.69,down
10.15,118.95,1985,2015,16.35,8.85,-7.5,down
-6.75,106.55,2014,2019,9.2,9.24,0.05,flat
23.45,120.95,2011,2022,11.99,20.0,8.01,up
30.95,102.85,2012,2015,7.17,8.51,1.33,up
32.15,130.25,2013,2015,3.84,8.8,4.96,up
29.55,102.85,2015,2022,9.0,12.84,3.84,up
0.45,127.95,2013,2019,10.02,12.43,2.41,up
-10.05,123.95,2009,2017,5.76,6.38,0.62,up
24.35,124.15,2013,2015,7.37,6.77,-0.6,down
6.45,80.45,2007,2016,16.49,9.16,-7.33,down
33.05,103.75,2012,2016,7.14,8.0,0.86,up
14.45,101.45,2011,2016,7.0,10.79,3.79,up
-8.85,120.65,1997,2017,6.0,8.0,2.0,up
-8.25,115.15,1997,2018,7.53,9.46,1.92,up
28.45,129.55,2015,2018,4.86,8.18,3.32,up
25.65,93.95,2015,2016,11.0,10.86,-0.14,flat
-1.55,120.25,1997,2015,13.23,9.51,-3.72,down
5.75,116.35,2009,2017,12.09,9.0,-3.09,down
22.45,114.35,2013,2021,7.71,9.44,1.74,up
29.35,79.55,2011,2019,11.93,9.9,-2.03,down
9.75,118.65,2010,2015,5.0,8.12,3.12,up
13.05,77.55,2015,2019,9.87,8.94,-0.93,down
6.35,81.45,2014,2016,9.2,9.08,-0.12,flat
-6.25,105.85,1996,2016,12.01,6.98,-5.02,down
20.15,99.15,2014,2021,12.38,7.84,-4.54,down
6.95,80.45,2014,2016,6.66,9.21,2.55,up
9.65,124.15,2001,2016,7.55,8.4,0.85,up
27.35,88.15,2016,2017,6.4,10.35,3.94,up
6.45,80.85,2016,2018,8.92,13.73,4.81,up
10.45,123.85,2014,2025,11.46,9.91,-1.55,down
6.15,81.25,2014,2016,9.07,9.25,0.19,flat
10.15,76.75,2016,2018,9.04,8.36,-0.68,down
10.15,118.85,2010,2016,7.8,6.15,-1.65,down
15.55,73.85,2009,2019,7.0,10.0,3.0,up
23.55,87.35,2013,2016,12.1,12.0,-0.1,flat
2.25,128.55,2014,2017,9.73,5.89,-3.84,down
13.65,100.55,2016,2017,10.57,9.27,-1.3,down
20.15,99.25,2016,2021,10.93,6.0,-4.93,down
21.05,75.85,2016,2018,13.21,4.91,-8.3,down
10.65,99.25,2016,2017,7.65,6.0,-1.65,down
12.05,79.85,2014,2016,11.66,9.11,-2.55,down
11.85,125.25,2016,2020,10.0,8.27,-1.73,down
24.45,118.45,2016,2017,13.71,8.36,-5.35,down
0.45,127.85,2014,2017,7.61,7.4,-0.21,flat
32.65,104.85,2012,2016,7.91,9.62,1.71,up
27.35,88.25,2016,2022,10.13,9.52,-0.61,down
10.15,76.65,2016,2018,8.32,10.48,2.16,up
10.05,77.05,2006,2017,18.51,8.48,-10.03,down
21.25,93.95,2011,2020,7.88,7.5,-0.38,flat
20.05,99.15,2014,2021,13.31,7.82,-5.49,down
-9.65,119.85,2012,2016,7.34,11.33,3.99,up
20.65,96.55,2011,2019,6.02,16.93,10.91,up
-1.15,116.85,2001,2016,5.35,6.73,1.38,up
31.55,77.85,2012,2016,8.71,9.95,1.24,up
21.25,94.05,2016,2020,9.62,9.22,-0.4,flat
27.15,88.55,2016,2017,6.18,10.9,4.72,up
21.55,77.35,2013,2016,8.3,7.31,-0.99,down
16.95,121.05,1985,2016,11.05,9.0,-2.05,down
-8.05,114.25,2017,2019,7.53,8.72,1.19,up
15.55,73.75,2010,2017,8.65,6.64,-2.01,down
11.45,76.65,2010,2017,8.64,4.64,-4.0,down
-0.85,131.65,2017,2025,7.14,10.6,3.46,up
-4.15,138.75,2002,2017,8.77,8.44,-0.33,flat
23.85,120.85,2017,2021,17.76,17.21,-0.55,down
12.95,99.65,2012,2017,9.25,7.95,-1.3,down
11.55,76.65,1998,2017,9.73,9.19,-0.54,down
36.35,127.35,2011,2018,12.37,19.55,7.18,up
30.15,110.75,2010,2017,7.55,7.04,-0.51,down
35.95,53.45,2017,2019,9.08,6.66,-2.42,down
10.25,77.45,2017,2019,12.82,5.29,-7.53,down
48.55,108.25,2013,2018,4.74,4.0,-0.74,down
6.15,100.95,2011,2018,10.18,15.59,5.41,up
2.25,103.65,2017,2022,12.68,13.72,1.03,up
0.55,123.95,2013,2025,8.39,16.88,8.49,up
36.75,55.65,2017,2019,9.83,8.23,-1.59,down
17.25,101.55,2017,2022,8.95,8.36,-0.59,down
2.45,96.35,2001,2019,7.15,5.8,-1.36,down
1.25,128.15,2007,2017,10.25,9.21,-1.04,down
-8.15,114.45,2017,2019,7.55,9.46,1.91,up
5.85,116.35,2009,2017,11.14,7.0,-4.14,down
12.85,80.05,2017,2019,15.35,19.61,4.26,up
14.65,108.25,2013,2017,7.57,8.0,0.43,flat
25.65,55.95,2017,2021,5.65,3.88,-1.77,down
9.35,76.75,2017,2019,13.44,13.0,-0.44,flat
27.55,84.55,2012,2017,9.76,7.91,-1.85,down
45.35,100.75,2017,2018,8.72,6.57,-2.15,down
62.05,129.65,2017,2021,4.0,7.81,3.81,up
47.85,106.75,2013,2017,7.9,7.96,0.06,flat
48.05,99.55,2017,2018,7.39,6.51,-0.89,down
52.35,106.45,2017,2018,5.0,23.83,18.83,up
-8.25,124.75,2009,2017,10.94,8.09,-2.86,down
27.15,57.05,2017,2019,7.96,10.51,2.55,up
-1.35,120.35,2000,2025,7.95,15.31,7.36,up
37.55,112.05,2012,2017,6.62,9.38,2.76,up
27.45,56.25,2017,2019,5.0,6.91,1.91,up
1.55,110.35,2018,2021,12.19,10.87,-1.32,down
51.65,105.55,2018,2019,8.46,9.03,0.57,up
24.35,38.85,2018,2019,2.92,1.0,-1.92,down
24.05,121.15,2014,2018,9.67,12.14,2.47,up
29.55,78.85,2011,2018,12.06,11.0,-1.06,down
4.35,96.55,2018,2019,6.77,8.52,1.75,up
27.45,92.15,2018,2019,8.81,7.87,-0.93,down
27.35,89.35,2012,2019,8.79,7.97,-0.82,down
18.85,98.85,1983,2022,12.97,9.58,-3.39,down
6.35,101.05,2003,2018,10.0,12.0,2.0,up
-1.15,98.95,2018,2019,8.14,8.16,0.02,flat
21.15,94.85,2018,2020,6.78,11.19,4.41,up
18.85,98.95,1983,2018,12.09,7.53,-4.56,down
66.45,143.25,2018,2021,7.11,10.64,3.54,up
66.45,143.15,2018,2021,5.0,5.91,0.91,up
4.95,117.75,1990,2018,6.95,10.39,3.44,up
24.95,56.35,2010,2018,7.45,6.32,-1.14,down
22.55,114.05,2018,2021,8.64,8.0,-0.64,down
24.45,118.35,2018,2020,17.0,12.27,-4.73,down
23.85,120.75,2018,2021,13.47,12.97,-0.5,flat
24.15,121.25,2018,2022,12.0,8.79,-3.21,down
23.25,58.95,2012,2018,8.0,9.55,1.55,up
28.45,76.85,2012,2019,9.79,8.51,-1.28,down
30.25,77.95,2013,2019,8.97,13.66,4.69,up
29.55,78.95,1974,2019,8.64,9.3,0.66,up
3.15,101.75,2019,2020,8.35,9.09,0.74,up
36.65,101.85,2014,2019,5.91,9.14,3.23,up
31.85,96.55,2014,2019,8.41,7.95,-0.46,flat
36.75,54.45,2019,2022,16.3,22.88,6.58,up
36.55,100.75,2014,2019,7.17,5.55,-1.62,down
27.35,91.05,2012,2019,8.84,8.45,-0.38,flat
27.15,90.65,2010,2019,5.27,9.0,3.73,up
4.65,114.55,2019,2021,1.0,11.0,10.0,up
23.05,120.35,2012,2020,18.45,21.38,2.92,up
47.85,106.95,2019,2022,7.2,7.36,0.16,flat
32.35,96.55,2014,2019,8.01,6.97,-1.04,down
-1.35,122.85,2011,2019,5.0,5.8,0.8,up
36.95,54.05,2019,2022,13.44,9.0,-4.44,down
27.45,90.95,2012,2019,3.82,7.0,3.18,up
4.55,115.15,2019,2021,3.78,11.09,7.31,up
10.45,76.85,2010,2019,9.04,10.53,1.49,up
27.55,90.25,1994,2019,27.09,5.82,-21.27,down
19.85,102.15,2020,2021,13.53,14.79,1.26,up
25.45,49.75,2020,2021,5.0,6.81,1.81,up
35.85,126.45,2020,2021,9.27,9.07,-0.21,flat
35.95,126.75,2020,2021,10.93,14.23,3.3,up
23.25,120.85,2020,2021,12.52,17.57,5.05,up
23.25,120.95,2020,2021,13.79,18.57,4.79,up
25.55,49.85,2020,2021,7.61,14.89,7.28,up
12.85,80.15,2010,2021,11.64,22.52,10.88,up
18.05,102.45,2020,2021,12.09,9.52,-2.58,down
22.25,114.15,2020,2022,10.74,4.88,-5.87,down
18.65,42.25,2020,2022,4.77,3.43,-1.34,down
15.65,99.35,2014,2020,9.1,7.45,-1.65,down
-7.55,110.45,1995,2021,12.0,23.0,11.0,up
18.95,42.25,2021,2022,7.11,8.58,1.47,up
25.25,56.25,2021,2022,2.91,9.66,6.75,up
39.65,141.15,2021,2022,6.64,3.0,-3.64,down
19.35,98.85,2014,2022,9.36,9.25,-0.11,flat
24.85,55.25,2022,2025,7.25,6.5,-0.75,down
6.75,116.35,2013,2022,6.23,6.27,0.04,flat
5.55,118.25,2013,2022,9.5,9.28,-0.22,flat
-5.95,155.05,2014,2025,10.44,12.65,2.21,up
1.05,128.25,2014,2025,8.26,17.4,9.14,up
0.95,127.55,1987,2025,6.45,14.92,8.47,up
2.95,102.35,1984,1986,14.32,11.22,-3.1,down
-7.75,131.45,2012,2013,9.86,8.59,-1.27,down
-7.15,128.65,2001,2014,11.06,7.04,-4.02,down
-8.35,124.15,2013,2014,8.78,7.75,-1.03,down
23.25,69.25,2012,2013,5.74,6.26,0.52,up
10.45,123.15,2010,2012,9.2,8.15,-1.05,down
-1.35,116.15,2005,2007,20.78,9.57,-11.21,down
-5.95,143.05,1993,2013,13.0,10.36,-2.64,down
-7.75,126.25,2013,2014,8.85,8.71,-0.13,flat
15.45,74.25,2011,2014,9.32,10.0,0.68,up
-5.95,143.15,1993,2014,15.39,11.92,-3.47,down
-4.05,137.05,1997,2002,8.5,8.31,-0.19,flat
-5.65,142.95,2007,2008,9.5,7.95,-1.55,down
13.85,103.35,2008,2013,9.36,7.41,-1.96,down
21.55,71.35,2011,2014,10.2,10.0,-0.2,flat
39.15,118.85,2005,2010,9.53,8.31,-1.22,down
-1.05,133.75,2002,2014,9.01,10.03,1.02,up
-4.45,136.85,1997,2002,9.62,8.85,-0.77,down
-4.65,141.75,2009,2010,13.96,14.27,0.31,flat
27.55,85.45,1986,1999,9.47,6.81,-2.66,down
11.55,108.15,2008,2013,8.25,8.8,0.55,up
20.95,106.35,2000,2010,9.23,7.69,-1.54,down
-6.65,106.55,2009,2012,8.71,7.97,-0.74,down
15.45,74.15,2010,2014,8.11,10.0,1.89,up
11.35,107.15,2000,2013,9.29,11.15,1.87,up
13.15,102.15,1984,2014,11.59,9.23,-2.36,down
-8.45,127.05,2005,2013,7.89,14.14,6.25,up
3.05,102.35,1984,1986,17.39,14.64,-2.76,down
7.05,125.35,1985,2014,13.42,12.33,-1.1,down
15.45,74.05,2009,2014,6.64,10.23,3.59,up
0.55,123.65,1989,1997,10.36,9.36,-0.99,down
-0.85,130.65,2009,2013,10.37,7.42,-2.96,down
-5.95,141.25,1996,2007,8.0,9.34,1.34,up
-5.25,141.25,1993,2013,12.96,9.71,-3.26,down
-6.05,141.25,1996,2009,10.02,8.5,-1.52,down
26.95,92.75,2009,2011,8.53,7.99,-0.54,down
-5.35,141.25,2007,2008,10.69,7.77,-2.92,down
-7.05,120.65,2013,2014,7.14,8.58,1.45,up
20.35,105.65,2010,2013,8.58,8.36,-0.22,flat
-6.45,107.35,1998,2012,7.36,7.55,0.18,flat
-6.75,107.05,1997,2014,8.97,4.82,-4.15,down
27.25,90.65,1994,2012,20.94,10.36,-10.58,down
27.05,88.75,2003,2009,11.54,6.8,-4.74,down
22.35,103.85,2009,2011,12.22,6.97,-5.25,down
27.55,84.45,1987,2012,9.67,8.15,-1.52,down
18.35,73.75,2011,2014,10.13,13.0,2.87,up
6.85,80.85,2007,2014,10.3,6.87,-3.44,down
29.55,103.35,2006,2014,10.66,7.17,-3.49,down
-4.85,136.85,1997,2002,7.74,9.03,1.29,up
27.85,117.75,2002,2011,9.05,8.79,-0.26,flat
23.55,120.85,2009,2010,6.49,10.25,3.76,up
27.15,88.05,1989,2009,6.47,6.61,0.14,flat
-43.45,147.25,2009,2023,16.0,8.4,-7.6,down
-12.35,130.95,2021,2024,18.42,24.22,5.8,up
-17.45,145.45,2013,2025,8.0,6.45,-1.55,down
-36.65,174.85,2005,2024,8.0,9.69,1.69,up
-12.45,130.95,2022,2023,14.64,21.37,6.73,up
-38.05,144.55,2012,2024,13.0,13.58,0.58,up
-12.45,130.85,2017,2023,12.0,12.92,0.92,up
-37.85,145.35,2012,2023,8.17,9.35,1.18,up
-16.55,145.35,2011,2025,8.76,10.4,1.64,up
-37.85,144.95,2022,2024,11.79,3.86,-7.93,down
-44.05,-176.65,2018,2025,9.52,7.38,-2.14,down
-35.25,149.05,2024,2025,19.45,21.82,2.37,up
-32.15,151.35,2019,2025,11.83,9.98,-1.85,down
-16.75,145.65,2022,2023,7.0,8.38,1.38,up
-35.15,149.15,2024,2025,12.0,11.86,-0.14,flat
-31.35,138.55,2016,2023,14.99,7.65,-7.33,down
-34.75,142.35,2016,2023,6.45,7.87,1.41,up
-12.35,130.85,2021,2024,18.89,8.17,-10.72,down
-27.55,153.15,2022,2023,6.2,9.0,2.8,up
-28.25,153.15,2011,2025,10.38,10.19,-0.19,flat
-32.75,116.95,2017,2024,10.7,15.0,4.3,up
-12.55,131.35,2012,2023,10.32,13.87,3.56,up
-33.95,151.15,2016,2023,19.0,13.55,-5.45,down
-16.65,145.35,2011,2025,11.51,8.97,-2.54,down
-37.15,175.35,2020,2023,7.39,5.95,-1.45,down
-34.85,118.45,2017,2024,8.74,6.99,-1.75,down
-35.55,144.95,2000,2023,8.35,8.85,0.5,up
-38.45,144.15,2011,2023,7.0,5.0,-2.0,down
-36.85,144.75,2015,2023,6.0,5.64,-0.36,flat
-16.95,145.75,2015,2025,10.3,7.13,-3.17,down
-21.65,165.75,2009,2024,10.07,8.05,-2.02,down
-13.85,131.85,2022,2023,16.07,11.15,-4.91,down
-17.25,145.65,2011,2025,10.65,8.71,-1.94,down
-17.35,145.75,2018,2024,19.45,6.84,-12.61,down
-12.75,143.25,2013,2025,16.66,10.43,-6.24,down
-27.95,145.55,2015,2018,16.09,10.74,-5.34,down
-35.75,144.95,2011,2015,11.59,8.82,-2.77,down
-17.95,122.35,2015,2022,13.99,9.18,-4.81,down
-33.35,151.05,2012,2015,12.09,14.65,2.56,up
-16.85,145.65,2013,2019,13.51,11.31,-2.2,down
-16.95,145.35,2009,2015,10.38,10.18,-0.2,flat
-17.35,145.55,2010,2024,9.06,10.74,1.68,up
-37.75,144.95,2015,2022,16.42,17.1,0.68,up
-9.45,159.95,2006,2015,9.4,7.11,-2.28,down
-16.25,145.45,2013,2017,12.07,10.45,-1.62,down
-28.15,153.55,2014,2021,18.88,19.73,0.84,up
-28.25,153.45,2016,2021,14.0,19.35,5.35,up
-32.85,150.25,1988,2020,9.57,10.39,0.82,up
-46.85,168.15,2014,2016,4.67,5.37,0.71,up
-26.75,152.85,2016,2017,25.36,19.5,-5.86,down
-32.95,146.15,2016,2021,13.09,12.31,-0.78,down
-34.65,150.75,2012,2017,11.33,11.91,0.58,up
-34.05,151.05,2011,2020,7.82,9.82,2.0,up
-34.15,151.05,2013,2017,11.65,13.73,2.08,up
-17.75,145.55,2017,2020,16.93,9.97,-6.96,down
-16.85,145.75,2011,2025,9.18,7.48,-1.71,down
-13.05,130.95,2012,2017,8.09,11.91,3.82,up
-16.55,145.25,2010,2021,9.01,12.43,3.42,up
-18.05,178.45,2010,2017,10.99,10.29,-0.7,down
-41.25,146.35,2017,2020,9.25,9.01,-0.24,flat
-15.15,144.45,2018,2025,16.36,10.42,-5.94,down
-14.65,143.85,2010,2025,8.79,8.27,-0.51,down
-46.95,168.15,2010,2018,8.36,7.33,-1.03,down
-12.95,132.55,2012,2018,8.79,23.84,15.05,up
-21.15,148.45,2018,2025,17.27,9.26,-8.02,down
-29.55,151.35,2013,2018,9.38,13.15,3.77,up
-27.35,153.05,2019,2021,21.36,17.9,-3.46,down
-41.25,146.45,2019,2020,8.74,7.69,-1.05,down
-44.35,-176.15,2019,2025,7.9,8.82,0.92,up
-28.45,153.15,2019,2020,13.18,13.05,-0.14,flat
-40.85,147.65,2019,2020,7.14,6.0,-1.14,down
-30.75,143.55,2020,2021,10.5,12.66,2.16,up
-29.45,142.25,2012,2020,21.0,11.32,-9.68,down
-31.95,115.85,2020,2022,11.16,10.03,-1.14,down
-17.45,145.25,2020,2021,3.14,3.82,0.68,up
-35.85,174.75,2020,2021,5.91,7.21,1.3,up
-33.05,146.15,2013,2021,11.16,4.85,-6.32,down
-17.85,146.05,2021,2025,9.92,6.6,-3.32,down
-18.35,143.35,2022,2025,9.76,10.58,0.83,up
-17.45,140.85,2022,2025,9.52,8.13,-1.39,down
-36.55,174.65,2023,2025,8.72,7.75,-0.98,down
-12.85,132.55,2012,2013,11.09,10.77,-0.32,flat
-33.05,150.15,2013,2014,16.1,14.76,-1.35,down
-16.25,145.35,1999,2013,8.88,7.84,-1.04,down
-17.25,145.55,2010,2011,14.09,7.21,-6.88,down
-19.05,178.15,2009,2012,7.97,10.96,2.99,up
-23.65,144.15,2013,2014,10.0,7.17,-2.83,down
7.35,134.45,1993,2002,7.79,6.62,-1.18,down
42.45,1.95,2020,2024,6.69,16.31,9.63,up
56.15,47.35,2013,2025,13.45,14.97,1.51,up
56.05,47.25,2013,2025,10.83,8.65,-2.18,down
37.95,-4.95,2017,2025,34.67,13.79,-20.88,down
42.75,-0.55,2020,2024,12.57,8.53,-4.04,down
40.05,20.75,2023,2025,6.31,7.7,1.39,up
37.95,-4.55,2018,2025,8.5,8.6,0.1,flat
41.55,41.55,2024,2025,8.08,7.54,-0.53,down
37.05,-6.55,2015,2025,9.0,5.26,-3.74,down
35.95,14.45,2022,2024,5.33,4.82,-0.52,down
43.55,3.65,2017,2023,7.38,3.67,-3.71,down
39.05,-7.85,2015,2025,7.87,8.8,0.93,up
37.85,-4.75,2017,2025,16.51,6.19,-10.32,down
52.75,0.45,2020,2025,26.1,13.54,-12.55,down
54.95,47.95,2023,2024,11.15,9.9,-1.24,down
48.95,8.95,2016,2023,9.25,13.58,4.33,up
44.05,1.95,2016,2025,19.37,13.14,-6.23,down
45.45,10.95,2012,2024,7.14,7.14,0.0,flat
56.05,47.35,2013,2025,9.45,10.94,1.49,up
37.95,-5.05,2024,2025,23.43,12.42,-11.01,down
55.25,47.65,2013,2025,8.45,8.18,-0.28,flat
48.85,8.95,2016,2025,4.41,5.3,0.89,up
47.15,9.75,2021,2024,17.0,6.04,-10.96,down
59.45,17.35,2017,2025,21.0,16.02,-4.98,down
42.75,13.65,2016,2025,13.54,10.97,-2.56,down
55.85,47.45,2023,2025,7.12,4.85,-2.27,down
39.85,-6.05,2017,2025,9.18,10.4,1.22,up
45.35,1.65,2019,2023,4.86,5.21,0.35,flat
37.15,-3.45,2024,2025,8.82,5.22,-3.6,down
42.85,13.55,2017,2024,10.09,7.42,-2.67,down
46.15,3.65,2023,2025,10.61,8.45,-2.15,down
55.95,47.35,2013,2025,11.37,2.0,-9.37,down
42.95,13.95,2016,2025,15.82,8.3,-7.52,down
45.05,-1.15,2023,2024,19.52,8.82,-10.7,down
37.05,-7.95,2018,2025,12.3,7.42,-4.88,down
46.15,45.35,2023,2024,9.56,10.61,1.05,up
44.05,7.65,2017,2023,5.86,5.76,-0.1,flat
36.05,-5.65,2020,2023,9.63,7.0,-2.63,down
52.65,13.35,2013,2025,15.91,20.54,4.63,up
42.95,9.45,2019,2024,8.89,8.78,-0.11,flat
42.75,2.45,2019,2023,19.12,12.3,-6.82,down
42.75,13.55,2016,2025,15.45,9.4,-6.05,down
50.95,11.55,2023,2024,11.15,10.32,-0.83,down
42.65,9.45,2021,2024,10.0,7.1,-2.9,down
46.75,5.45,2023,2025,10.36,18.84,8.48,up
43.55,4.85,2011,2025,7.24,9.5,2.26,up
51.05,3.75,2015,2025,7.14,9.13,2.0,up
45.65,11.05,2012,2024,11.88,4.76,-7.12,down
42.75,0.65,2022,2025,18.49,20.71,2.22,up
55.85,46.95,2020,2025,7.81,11.39,3.58,up
51.55,-3.05,2021,2025,14.59,18.11,3.52,up
37.95,-4.85,2017,2025,38.91,6.14,-32.77,down
37.35,-2.95,2017,2025,3.82,8.86,5.04,up
47.55,7.55,2020,2024,9.68,10.0,0.32,flat
42.55,-8.85,2020,2025,16.0,17.59,1.59,up
42.95,2.25,2016,2023,7.8,25.7,17.9,up
51.55,-2.95,2021,2023,13.16,19.5,6.34,up
51.65,5.65,2013,2024,19.62,12.05,-7.57,down
42.75,11.85,2022,2025,15.14,11.75,-3.39,down
44.25,3.55,1992,2023,10.18,3.35,-6.83,down
42.85,13.65,2021,2025,7.42,10.17,2.75,up
42.25,1.05,2024,2025,14.84,20.06,5.22,up
46.75,1.15,2017,2025,14.0,12.93,-1.07,down
51.35,12.35,2021,2025,7.67,9.45,1.78,up
43.35,2.75,2021,2024,3.66,24.62,20.97,up
41.05,-5.65,2024,2025,10.44,15.38,4.94,up
47.35,8.75,2024,2025,11.45,9.27,-2.18,down
38.15,-4.85,2021,2025,9.05,6.59,-2.46,down
41.25,1.75,2020,2025,9.3,9.56,0.26,flat
42.85,-8.65,2020,2025,15.14,18.38,3.23,up
44.05,1.85,2016,2024,13.1,10.5,-2.6,down
37.05,-3.35,2022,2025,4.26,4.61,0.36,flat
48.05,-4.75,2022,2025,16.43,9.23,-7.2,down
42.45,1.85,2020,2024,5.23,16.35,11.12,up
41.55,1.85,2009,2025,11.82,11.96,0.14,flat
48.05,0.15,2020,2025,9.42,9.56,0.14,flat
41.85,-8.55,2023,2024,13.79,9.5,-4.29,down
42.45,0.95,2020,2024,7.35,8.61,1.27,up
41.55,0.55,2013,2025,14.0,14.8,0.8,up
41.55,-8.45,2017,2025,15.85,17.13,1.28,up
50.05,8.65,2022,2024,12.2,8.35,-3.85,down
40.75,0.85,2020,2024,9.0,6.3,-2.7,down
42.75,-5.75,2023,2025,13.74,10.98,-2.75,down
48.25,9.85,2023,2024,14.69,15.05,0.36,flat
47.45,4.45,2018,2023,7.27,9.19,1.92,up
43.65,1.35,2018,2023,17.44,19.63,2.19,up
39.85,-5.95,2011,2024,26.68,7.37,-19.31,down
43.25,0.15,2019,2024,17.93,21.88,3.94,up
59.35,18.05,2020,2025,10.03,9.35,-0.68,down
48.75,-1.55,2019,2025,8.36,9.35,0.98,up
41.55,1.95,2017,2025,12.7,14.56,1.86,up
37.05,-7.75,2019,2025,9.73,10.0,0.28,flat
47.25,-1.95,2017,2025,10.7,14.47,3.77,up
56.25,16.45,2018,2025,11.1,13.19,2.1,up
51.45,-0.25,2019,2024,8.0,2.18,-5.82,down
48.25,16.95,2022,2025,17.49,15.82,-1.66,down
49.05,5.85,2017,2024,7.95,6.45,-1.5,down
57.65,11.95,2017,2025,9.51,16.55,7.05,up
48.05,0.25,2023,2025,8.68,8.04,-0.63,down
43.65,3.85,2017,2025,8.25,11.55,3.3,up
53.65,0.15,2017,2025,8.87,9.12,0.24,flat
50.85,4.35,2018,2025,12.49,10.4,-2.09,down
42.25,3.05,2014,2025,12.0,8.19,-3.81,down
52.15,5.35,2017,2025,8.61,5.33,-3.28,down
52.75,23.85,1988,2025,10.66,11.54,0.88,up
50.45,3.65,2015,2025,8.98,11.62,2.63,up
49.25,-0.15,2021,2025,9.33,7.04,-2.29,down
50.35,26.65,2023,2025,12.55,15.16,2.61,up
47.95,10.95,2011,2025,16.5,15.0,-1.5,down
63.75,20.85,2021,2024,9.77,8.5,-1.27,down
39.25,16.75,2020,2025,14.0,10.66,-3.34,down
45.85,0.85,2023,2025,4.85,3.63,-1.22,down
43.15,0.35,2017,2025,13.59,21.84,8.25,up
60.15,25.05,2020,2025,23.59,11.8,-11.79,down
45.75,16.05,2022,2025,23.48,9.18,-14.3,down
43.55,3.95,2019,2025,8.98,9.17,0.19,flat
40.95,-1.65,2024,2025,21.79,25.85,4.05,up
58.05,26.65,2023,2025,11.12,16.7,5.59,up
50.85,4.65,2018,2025,5.82,21.19,15.38,up
52.15,14.05,2016,2024,19.53,22.73,3.2,up
44.95,0.95,2023,2025,9.34,10.96,1.62,up
43.25,3.15,2015,2023,11.36,6.24,-5.11,down
44.35,15.15,2022,2024,12.38,9.26,-3.12,down
52.15,4.35,2009,2025,8.48,15.56,7.08,up
43.55,-1.45,2017,2025,8.34,15.04,6.71,up
58.35,26.65,2018,2025,12.34,11.21,-1.13,down
45.75,15.95,2022,2025,16.81,11.15,-5.65,down
52.25,20.55,2018,2024,10.64,4.0,-6.64,down
45.75,16.15,2023,2024,10.09,5.51,-4.58,down
47.75,16.75,2023,2025,2.82,18.55,15.73,up
37.15,-7.65,2018,2025,9.54,12.28,2.75,up
51.45,23.15,2020,2024,8.02,13.15,5.13,up
46.65,0.15,2017,2025,17.91,15.21,-2.7,down
51.85,23.85,2016,2023,12.17,16.32,4.15,up
50.65,-1.15,2020,2025,19.96,20.92,0.96,up
42.95,3.05,2013,2025,11.18,8.89,-2.28,down
47.85,2.05,2022,2025,10.26,15.13,4.87,up
47.35,9.65,2021,2025,10.21,7.65,-2.55,down
52.25,13.85,2014,2024,15.74,27.82,12.08,up
49.85,8.45,2019,2024,6.3,26.4,20.09,up
52.85,6.65,2024,2025,17.35,10.98,-6.36,down
51.45,0.25,2015,2025,6.32,8.26,1.94,up
54.25,-0.25,2020,2024,8.7,8.09,-0.61,down
54.15,-0.15,2009,2025,4.97,10.76,5.79,up
54.15,-0.55,2007,2025,18.46,21.18,2.72,up
51.85,5.95,2020,2023,9.36,3.17,-6.2,down
48.85,2.65,2024,2025,8.56,8.46,-0.1,flat
52.25,-6.35,2022,2025,9.63,10.42,0.79,up
49.85,19.25,2019,2025,8.64,10.85,2.21,up
52.25,21.05,2013,2024,11.12,12.61,1.5,up
51.75,5.25,2023,2025,8.76,8.62,-0.14,flat
52.25,-6.45,2021,2025,9.18,11.05,1.87,up
62.85,12.75,2022,2023,7.28,10.07,2.79,up
52.25,1.55,2020,2023,5.84,8.0,2.16,up
53.55,8.65,2019,2025,9.05,9.51,0.46,flat
58.75,17.05,2020,2025,8.36,12.32,3.95,up
53.85,8.55,2023,2024,9.71,9.72,0.01,flat
51.35,-0.15,2020,2025,10.68,9.43,-1.25,down
52.15,-6.45,2021,2025,11.44,13.54,2.1,up
41.45,2.35,2020,2024,10.43,10.15,-0.28,flat
45.35,10.25,2021,2025,6.68,8.27,1.6,up
53.65,-1.75,2021,2025,8.35,10.39,2.04,up
48.65,9.25,2023,2025,13.3,7.55,-5.74,down
52.05,4.85,2021,2025,11.71,7.54,-4.17,down
51.55,6.15,2019,2025,10.0,10.0,-0.0,flat
51.75,5.65,2012,2025,9.0,4.99,-4.01,down
52.35,16.95,2020,2024,10.65,16.87,6.22,up
48.95,4.35,2018,2024,8.75,11.23,2.47,up
48.85,3.05,2020,2025,9.32,9.03,-0.28,flat
69.55,18.65,2008,2025,9.0,13.77,4.77,up
50.75,4.55,2020,2025,8.46,12.36,3.91,up
51.25,3.25,2007,2025,9.24,8.61,-0.63,down
48.35,10.85,2016,2024,14.3,6.16,-8.15,down
37.35,-6.25,2014,2024,7.33,9.2,1.87,up
59.95,17.95,2015,2025,14.0,8.92,-5.08,down
63.75,20.35,2017,2025,14.83,8.2,-6.64,down
50.25,18.95,2023,2024,9.42,9.27,-0.16,flat
50.85,3.35,2014,2025,12.31,9.39,-2.92,down
49.55,23.95,2021,2024,10.32,15.91,5.59,up
52.45,13.45,2017,2025,18.79,5.0,-13.78,down
50.55,5.65,2022,2024,9.45,8.41,-1.04,down
45.95,-0.95,2019,2025,7.85,9.18,1.33,up
53.25,5.55,2021,2025,8.76,10.54,1.78,up
50.95,1.85,2024,2025,9.39,9.25,-0.15,flat
51.65,16.05,2022,2025,13.66,9.0,-4.66,down
53.55,-6.35,2022,2025,11.66,9.5,-2.16,down
48.95,2.35,2022,2025,8.69,6.45,-2.23,down
48.85,2.35,2019,2025,6.42,8.14,1.72,up
44.15,5.35,2022,2025,4.2,8.35,4.15,up
51.85,16.65,2019,2025,11.25,17.79,6.54,up
59.35,-2.45,2022,2024,10.83,13.72,2.89,up
53.25,-6.15,2024,2025,8.63,13.01,4.37,up
60.25,5.35,2020,2025,11.18,10.0,-1.18,down
45.85,6.45,2020,2024,4.9,8.52,3.62,up
51.25,-2.95,2020,2025,12.18,13.47,1.29,up
47.25,9.85,2021,2024,14.5,16.07,1.57,up
47.65,9.55,2013,2025,10.79,13.61,2.82,up
54.05,-1.05,2024,2025,8.13,8.06,-0.07,flat
50.15,8.65,2015,2025,11.62,10.75,-0.87,down
46.95,9.95,2021,2025,10.12,8.12,-2.0,down
48.25,14.45,2022,2025,33.76,29.0,-4.76,down
48.05,-4.65,2024,2025,8.98,6.3,-2.67,down
52.45,10.05,2024,2025,9.21,7.5,-1.71,down
59.85,17.65,2011,2025,15.19,14.35,-0.83,down
48.85,2.75,2023,2025,8.68,11.05,2.36,up
63.95,20.65,2020,2025,10.3,4.64,-5.67,down
63.85,20.15,2017,2025,15.48,10.0,-5.47,down
63.65,19.95,2022,2023,10.74,12.04,1.3,up
52.35,-1.75,2019,2025,10.29,8.6,-1.69,down
63.95,20.85,2018,2024,13.21,9.57,-3.64,down
63.45,19.65,2021,2025,13.41,10.58,-2.83,down
53.85,-0.95,2021,2023,13.0,19.55,6.55,up
64.25,20.05,2020,2025,7.51,5.64,-1.88,down
63.95,20.35,2017,2025,13.72,9.76,-3.96,down
44.55,6.25,2020,2024,13.0,17.97,4.97,up
58.15,25.95,2017,2024,14.36,8.23,-6.13,down
60.25,17.25,2013,2025,14.67,14.9,0.22,flat
56.75,37.15,2023,2024,13.16,10.49,-2.66,down
44.75,6.85,2022,2025,8.0,9.1,1.1,up
52.95,10.25,1993,2025,3.75,8.34,4.59,up
47.25,9.75,2014,2025,14.0,8.29,-5.71,down
52.35,13.85,2014,2024,15.28,16.0,0.72,up
46.55,6.15,2019,2025,8.46,6.0,-2.46,down
51.75,16.45,2021,2023,8.88,11.05,2.17,up
52.35,5.05,2019,2024,10.12,23.92,13.8,up
53.55,-1.75,2020,2025,7.9,16.56,8.66,up
52.05,5.95,1992,2024,1.53,24.63,23.1,up
63.85,20.75,2017,2025,15.15,9.51,-5.64,down
50.45,16.35,2014,2025,14.1,9.48,-4.62,down
64.65,26.95,2022,2023,15.05,12.8,-2.25,down
51.95,5.95,2015,2025,10.64,12.36,1.72,up
49.45,0.35,2017,2024,5.24,9.46,4.22,up
43.45,4.45,2017,2024,9.47,8.68,-0.79,down
47.85,-4.35,2022,2025,13.91,9.95,-3.96,down
56.15,10.05,2023,2024,5.38,13.8,8.43,up
51.35,0.85,2020,2023,7.24,12.82,5.58,up
49.45,8.65,2018,2025,6.59,15.45,8.86,up
58.75,17.85,2012,2025,11.75,9.0,-2.75,down
48.65,-4.25,2021,2024,9.69,11.91,2.22,up
51.45,0.15,2016,2025,6.39,9.36,2.96,up
58.75,17.15,2021,2025,9.27,9.95,0.67,up
59.45,17.25,2024,2025,19.53,17.22,-2.31,down
47.85,11.05,2019,2024,22.61,18.14,-4.47,down
49.35,-1.15,2020,2024,8.45,8.53,0.08,flat
39.85,-4.25,2021,2024,7.2,8.36,1.17,up
59.55,17.45,2017,2025,15.38,16.36,0.98,up
51.25,4.25,2007,2025,9.18,14.15,4.97,up
48.45,-5.05,2017,2025,7.28,8.08,0.81,up
48.05,-4.85,2019,2025,7.25,8.97,1.72,up
43.35,4.85,2022,2023,7.22,7.67,0.45,flat
39.25,16.65,2020,2025,14.0,9.92,-4.09,down
39.55,16.65,2022,2025,18.0,13.52,-4.48,down
44.15,5.25,2021,2025,4.77,10.19,5.42,up
37.85,35.05,2007,2023,11.0,8.68,-2.32,down
41.65,0.95,2018,2025,16.38,12.42,-3.96,down
37.85,35.15,2000,2024,9.47,12.12,2.65,up
48.85,-3.05,2021,2024,7.0,8.36,1.36,up
42.45,-5.55,2023,2024,15.62,21.67,6.06,up
42.65,-9.05,2022,2023,12.42,6.73,-5.69,down
41.85,-8.85,2020,2025,14.0,15.61,1.61,up
52.05,4.25,2011,2025,24.56,15.0,-9.56,down
42.35,1.05,2023,2024,11.0,13.98,2.98,up
48.45,-5.15,2017,2024,11.14,11.58,0.43,flat
51.45,4.45,2007,2023,8.58,9.25,0.67,up
48.65,-4.45,2023,2024,13.16,9.49,-3.66,down
41.35,0.75,2011,2025,10.06,9.33,-0.74,down
51.95,-8.45,2020,2025,10.97,8.74,-2.23,down
48.05,-4.55,2021,2025,5.0,8.43,3.43,up
39.35,16.65,2019,2025,12.31,16.33,4.02,up
48.25,-3.05,2021,2025,11.27,15.16,3.9,up
48.65,-1.45,2019,2025,6.55,9.61,3.06,up
39.05,16.45,2024,2025,15.43,16.66,1.23,up
49.35,0.55,2023,2025,12.76,21.58,8.82,up
51.45,0.45,2024,2025,9.03,5.64,-3.4,down
42.55,9.25,2024,2025,3.0,8.09,5.09,up
44.45,8.95,2021,2025,11.93,12.73,0.8,up
52.35,13.75,2013,2024,13.58,17.0,3.42,up
53.05,-4.15,2023,2024,7.85,7.61,-0.25,flat
51.15,-0.75,2020,2025,9.46,5.83,-3.63,down
45.15,1.85,2020,2025,7.26,7.86,0.59,up
41.65,1.75,2011,2025,12.34,9.77,-2.57,down
47.95,11.15,2015,2023,17.0,21.94,4.94,up
40.95,-1.75,2024,2025,14.03,5.5,-8.53,down
41.75,-5.95,2023,2025,26.7,14.22,-12.49,down
56.15,47.45,2013,2024,10.16,9.21,-0.95,down
46.35,-1.25,2021,2023,7.41,15.36,7.95,up
57.45,12.15,2022,2025,10.61,8.26,-2.34,down
63.85,19.85,2018,2024,17.26,15.2,-2.06,down
56.15,10.15,2023,2025,10.0,9.42,-0.58,down
62.75,12.75,2018,2025,13.0,9.75,-3.25,down
60.25,17.15,2012,2025,19.76,14.32,-5.44,down
41.55,-8.35,2017,2025,15.5,15.71,0.21,flat
41.35,23.15,2022,2023,9.94,8.7,-1.24,down
51.75,-0.15,2010,2025,8.19,8.1,-0.09,flat
39.45,16.75,2012,2025,8.7,16.08,7.38,up
52.65,-0.55,2019,2025,11.25,13.54,2.29,up
51.55,-0.05,2009,2025,15.57,11.26,-4.31,down
63.85,20.25,2017,2025,18.14,7.81,-10.33,down
52.45,-2.35,2021,2025,15.0,9.3,-5.7,down
41.95,1.75,2021,2024,14.72,13.0,-1.72,down
49.15,-0.45,2021,2025,8.13,13.0,4.87,up
49.15,-0.35,2024,2025,11.22,8.5,-2.72,down
48.05,-2.25,2021,2023,11.56,21.83,10.27,up
56.35,9.35,2021,2023,15.0,12.83,-2.17,down
49.95,19.45,2022,2025,9.45,9.49,0.05,flat
51.95,16.75,2019,2024,11.77,13.41,1.64,up
46.55,0.25,2015,2025,13.52,6.91,-6.61,down
38.55,-9.15,2023,2024,13.89,7.22,-6.67,down
51.05,4.25,2022,2025,11.29,8.44,-2.85,down
52.65,12.05,2022,2025,6.0,9.48,3.48,up
50.65,3.15,2018,2024,10.39,11.26,0.87,up
46.15,8.85,2017,2025,8.02,9.64,1.61,up
51.55,22.85,2024,2025,14.3,12.79,-1.51,down
38.65,-9.05,2022,2023,8.48,3.91,-4.57,down
48.25,17.05,2023,2025,17.82,20.87,3.05,up
60.15,17.65,2012,2025,23.64,17.91,-5.73,down
54.15,-2.35,2019,2024,8.0,8.8,0.8,up
44.05,1.75,2017,2024,15.09,7.62,-7.47,down
55.55,14.35,2024,2025,16.55,14.97,-1.58,down
51.45,-3.15,2017,2023,2.0,16.27,14.27,up
56.15,14.85,2020,2025,14.0,16.46,2.46,up
55.45,14.25,2024,2025,18.09,21.07,2.98,up
47.95,11.05,2017,2024,11.63,21.25,9.63,up
57.15,12.25,2017,2023,9.01,8.04,-0.98,down
51.75,-0.05,2016,2025,8.76,7.77,-0.99,down
59.25,17.95,2023,2024,9.27,14.66,5.39,up
60.35,5.35,2021,2025,11.12,9.62,-1.51,down
43.15,-2.55,2023,2025,8.81,9.33,0.52,up
51.15,3.45,2011,2023,6.0,9.06,3.06,up
54.25,-0.45,2020,2023,9.37,9.14,-0.22,flat
50.85,5.65,2023,2025,10.0,6.0,-4.0,down
51.65,0.45,2015,2025,12.69,19.03,6.34,up
48.45,17.25,2023,2024,8.55,5.14,-3.41,down
48.25,17.15,2023,2024,13.16,6.15,-7.01,down
42.75,2.15,2021,2024,20.15,21.6,1.45,up
59.55,17.25,2017,2025,15.13,13.53,-1.6,down
47.65,9.15,2021,2025,18.82,9.23,-9.58,down
51.45,23.35,2020,2025,15.69,7.58,-8.11,down
47.85,3.15,2024,2025,8.7,9.47,0.77,up
58.75,16.75,2022,2025,4.73,5.6,0.87,up
51.55,-0.15,2015,2025,7.27,8.57,1.3,up
49.25,-0.25,2020,2025,6.05,13.86,7.81,up
47.75,0.75,2022,2025,6.45,5.0,-1.45,down
43.85,6.45,2019,2025,9.73,7.92,-1.81,down
60.75,10.95,2016,2025,24.4,23.65,-0.75,down
53.35,22.55,1988,2024,11.76,30.0,18.24,up
59.55,17.35,2021,2024,18.3,14.7,-3.61,down
38.45,-8.25,2022,2023,14.39,11.73,-2.66,down
59.15,18.35,2012,2023,7.76,21.45,13.69,up
41.45,0.65,2022,2024,11.66,7.55,-4.11,down
41.45,46.15,2023,2025,5.82,8.91,3.09,up
48.25,46.85,2021,2024,8.63,9.12,0.49,flat
58.85,17.35,2020,2025,12.8,6.19,-6.61,down
63.75,20.05,2021,2025,12.01,7.0,-5.01,down
51.75,16.65,2020,2024,10.0,7.92,-2.08,down
37.05,-3.65,2023,2024,11.0,5.5,-5.5,down
48.65,-1.55,2019,2024,3.56,7.67,4.11,up
37.15,-7.45,2019,2024,15.53,9.86,-5.67,down
41.75,-8.85,2021,2025,14.49,15.14,0.65,up
34.95,32.85,2016,2025,7.65,9.4,1.75,up
41.55,0.65,2009,2025,9.45,8.63,-0.83,down
43.55,-1.35,2013,2023,10.95,13.76,2.81,up
52.65,13.25,2015,2025,18.5,15.15,-3.35,down
37.05,-8.05,2018,2025,10.36,8.2,-2.16,down
41.35,-3.85,2014,2024,12.0,15.78,3.78,up
50.45,3.75,2020,2025,8.58,8.44,-0.14,flat
41.05,-4.75,2021,2025,8.22,5.0,-3.22,down
50.65,5.65,2021,2025,10.04,7.26,-2.78,down
47.45,7.45,2020,2024,22.41,16.29,-6.12,down
55.35,21.25,2015,2024,14.0,10.84,-3.16,down
43.75,-7.85,2020,2025,9.12,8.75,-0.36,flat
47.85,1.95,2024,2025,11.69,11.45,-0.24,flat
52.15,-6.35,2021,2025,10.23,11.22,0.99,up
51.15,4.35,2017,2024,15.33,11.97,-3.35,down
63.75,20.25,2017,2025,11.37,8.63,-2.74,down
46.85,-2.05,2021,2023,17.96,16.68,-1.28,down
53.15,6.05,2023,2025,7.95,6.5,-1.45,down
50.95,4.55,2017,2025,8.3,13.62,5.32,up
37.75,-8.05,2019,2023,7.97,7.83,-0.14,flat
60.25,25.05,2018,2025,14.4,9.14,-5.26,down
47.55,-0.55,2019,2025,5.38,7.21,1.83,up
48.15,-1.65,2022,2025,10.42,9.47,-0.95,down
52.65,-0.65,2019,2025,9.17,13.72,4.55,up
46.65,-1.45,2020,2025,8.64,7.1,-1.55,down
41.55,-7.75,2021,2023,17.62,9.31,-8.31,down
43.55,4.05,2018,2025,4.0,14.59,10.59,up
42.45,-8.85,2022,2023,15.82,16.87,1.05,up
50.75,3.05,2020,2025,9.67,8.16,-1.52,down
54.25,8.65,2023,2024,5.85,8.7,2.85,up
46.25,-1.15,2023,2025,9.05,7.7,-1.36,down
49.45,23.95,2019,2023,7.64,13.84,6.2,up
41.85,-5.55,2023,2025,12.93,8.0,-4.93,down
52.05,5.75,2018,2024,5.03,14.45,9.42,up
50.25,1.55,2018,2023,7.0,12.84,5.84,up
59.85,17.85,2020,2024,11.31,10.0,-1.31,down
50.45,3.85,2020,2025,10.8,9.02,-1.79,down
51.35,4.25,2018,2024,10.63,15.26,4.63,up
55.75,14.15,2009,2024,3.0,10.5,7.5,up
58.95,17.65,2016,2025,16.04,16.01,-0.04,flat
42.25,-8.75,2023,2025,6.8,9.33,2.53,up
43.25,-1.65,2020,2025,4.01,8.64,4.63,up
43.15,-0.45,2020,2024,5.5,10.08,4.58,up
56.45,9.65,2021,2025,7.81,8.96,1.15,up
58.15,24.45,2021,2023,8.85,11.15,2.3,up
51.95,4.15,2021,2023,8.34,17.59,9.26,up
50.25,16.85,2022,2025,7.53,8.16,0.63,up
57.95,22.05,2020,2025,15.34,13.94,-1.4,down
46.15,5.95,2008,2023,16.77,8.45,-8.32,down
51.75,-0.25,2016,2025,6.41,7.53,1.13,up
50.65,4.25,2024,2025,8.22,9.05,0.83,up
43.55,4.65,2020,2025,8.8,10.05,1.25,up
58.95,22.05,2019,2024,13.46,12.76,-0.7,down
46.25,6.15,2022,2023,6.45,7.43,0.97,up
59.55,18.15,2020,2024,17.55,9.71,-7.85,down
57.75,10.65,2018,2025,13.0,17.05,4.05,up
57.05,18.25,2011,2025,18.22,23.33,5.11,up
54.25,13.95,2008,2025,12.8,6.86,-5.94,down
43.35,-2.85,2023,2024,12.82,9.0,-3.82,down
43.55,4.15,2018,2025,7.16,14.61,7.45,up
53.05,14.35,2017,2023,27.91,28.0,0.09,flat
40.75,0.75,2015,2025,6.0,9.23,3.23,up
51.65,3.75,2020,2025,13.35,24.22,10.86,up
51.45,3.55,2009,2023,8.85,38.53,29.68,up
39.35,-0.35,2020,2025,8.81,8.55,-0.25,flat
52.15,6.75,2017,2023,21.74,11.0,-10.74,down
42.35,-8.75,2024,2025,8.52,9.03,0.52,up
48.05,10.95,2017,2023,18.03,25.04,7.01,up
39.65,16.75,2023,2025,12.0,11.63,-0.37,flat
43.65,11.85,2020,2025,9.37,7.45,-1.91,down
34.75,32.45,2023,2025,8.33,9.66,1.33,up
50.15,8.75,2015,2025,14.19,2.77,-11.43,down
36.55,33.95,2020,2023,13.05,7.0,-6.05,down
37.95,-2.65,2021,2023,4.72,6.0,1.28,up
39.35,16.55,2020,2024,11.18,15.18,4.0,up
39.25,16.55,2021,2025,13.98,14.39,0.4,flat
50.55,-1.25,2020,2023,12.85,13.81,0.96,up
41.45,-7.75,2021,2023,12.37,12.29,-0.09,flat
41.35,-0.65,2015,2023,11.36,11.81,0.46,flat
40.95,-5.65,2020,2024,8.99,11.95,2.96,up
36.65,-4.45,2023,2025,8.92,12.57,3.65,up
41.35,0.95,2019,2025,13.37,8.98,-4.4,down
40.75,13.45,2021,2024,10.53,4.86,-5.68,down
70.35,31.15,2012,2025,6.33,6.39,0.06,flat
55.35,12.85,2010,2024,17.08,7.8,-9.28,down
40.75,-3.75,2019,2023,10.0,11.33,1.33,up
55.25,-8.25,2021,2023,9.14,10.6,1.45,up
52.55,-0.55,2020,2025,3.67,4.0,0.33,flat
43.05,0.35,2023,2024,14.0,16.91,2.91,up
47.45,4.35,2022,2023,7.88,7.72,-0.16,flat
52.35,-1.85,2022,2023,10.42,8.81,-1.61,down
47.95,2.15,2019,2025,11.89,11.26,-0.63,down
63.15,9.45,2024,2025,15.4,13.78,-1.62,down
49.45,8.75,2018,2023,12.93,22.92,9.98,up
52.25,13.65,2014,2024,14.01,18.57,4.56,up
47.25,9.65,2020,2025,9.0,6.62,-2.38,down
51.25,6.15,1993,2023,1.8,4.82,3.02,up
51.75,16.55,2020,2023,14.61,11.15,-3.46,down
52.35,-2.35,2021,2025,14.08,16.91,2.83,up
50.35,5.95,2021,2023,6.7,7.85,1.15,up
38.25,-3.95,2013,2025,11.19,9.18,-2.01,down
43.45,-0.45,2013,2023,10.84,12.3,1.46,up
52.35,4.95,2012,2024,9.27,17.69,8.42,up
59.65,17.35,2011,2025,13.64,12.77,-0.87,down
51.05,7.05,2019,2024,13.52,9.46,-4.07,down
52.05,4.45,2010,2025,9.12,16.07,6.95,up
51.25,2.95,2020,2025,5.49,13.0,7.51,up
58.65,16.75,2020,2024,15.03,10.55,-4.48,down
50.75,4.35,2022,2025,15.17,8.8,-6.36,down
52.15,5.15,2014,2023,8.09,9.23,1.14,up
52.25,4.95,2019,2025,8.67,6.64,-2.04,down
43.55,4.75,2017,2024,3.43,10.0,6.57,up
53.85,22.95,2022,2023,9.18,15.98,6.8,up
50.35,3.95,2024,2025,8.31,7.97,-0.34,flat
51.85,4.65,2019,2025,7.8,12.11,4.3,up
51.05,2.35,2020,2025,9.87,9.23,-0.65,down
45.85,0.95,2021,2025,8.27,9.11,0.84,up
57.05,9.05,2021,2025,13.05,24.18,11.14,up
50.15,1.75,2020,2025,17.1,13.13,-3.98,down
56.55,9.35,2022,2023,17.43,15.37,-2.06,down
56.75,46.95,2018,2024,9.37,6.73,-2.64,down
47.45,0.35,2022,2024,10.0,7.95,-2.05,down
47.35,-2.25,2019,2023,7.79,14.73,6.94,up
51.85,5.15,2022,2025,9.26,5.79,-3.48,down
52.95,6.95,2023,2024,4.0,7.97,3.97,up
50.35,3.55,2019,2025,2.91,6.1,3.2,up
43.15,-7.85,2023,2024,12.0,9.65,-2.35,down
46.75,5.05,2020,2024,8.04,4.73,-3.31,down
58.75,23.65,2016,2025,29.28,9.36,-19.93,down
61.45,23.25,2024,2025,8.37,8.3,-0.06,flat
60.45,17.35,1992,2024,10.69,8.87,-1.82,down
48.85,2.05,2018,2025,6.61,8.75,2.14,up
56.15,46.05,2015,2025,3.62,10.77,7.15,up
52.05,4.75,2018,2024,4.33,6.13,1.79,up
47.35,9.55,2021,2025,8.81,10.84,2.03,up
45.85,1.25,2019,2025,8.0,7.5,-0.5,down
53.45,9.75,2020,2025,12.6,6.79,-5.81,down
51.45,23.25,2013,2024,5.87,14.31,8.43,up
52.05,-0.35,2019,2025,10.9,10.75,-0.15,flat
50.95,2.85,2007,2024,6.03,6.74,0.7,up
47.75,-2.45,2024,2025,9.32,7.65,-1.67,down
47.55,9.75,2020,2024,5.82,7.73,1.91,up
51.25,1.35,2015,2024,17.43,9.62,-7.81,down
48.85,-1.85,2022,2025,9.29,6.0,-3.29,down
60.35,25.15,2020,2023,23.58,20.41,-3.17,down
45.25,1.75,2022,2025,2.0,5.39,3.39,up
60.65,27.05,2014,2025,15.41,14.11,-1.31,down
50.05,19.95,2015,2023,9.36,6.96,-2.41,down
52.55,13.45,2020,2025,3.23,1.92,-1.32,down
51.85,-8.45,2017,2025,20.76,7.82,-12.94,down
45.65,13.75,1995,2025,2.83,7.66,4.83,up
38.75,-27.05,2022,2023,11.23,11.27,0.05,flat
52.55,-2.15,2022,2025,12.33,8.75,-3.58,down
41.85,-5.65,2023,2025,12.7,4.91,-7.79,down
52.55,-0.75,2019,2023,9.21,9.27,0.05,flat
54.35,18.95,2013,2024,6.22,14.11,7.89,up
47.75,-3.95,2022,2023,14.0,6.62,-7.38,down
60.15,25.15,2019,2024,18.0,16.27,-1.73,down
42.55,-9.05,2022,2023,15.04,14.37,-0.67,down
51.95,4.45,2021,2025,13.28,13.84,0.56,up
46.75,7.85,2014,2024,12.0,8.36,-3.63,down
59.45,17.65,2021,2023,21.91,15.0,-6.91,down
43.55,4.55,2019,2023,8.0,8.99,0.99,up
38.75,-27.25,2022,2024,9.86,10.29,0.43,flat
53.45,6.15,2010,2025,8.54,19.64,11.1,up
63.95,20.75,2022,2023,12.82,4.73,-8.09,down
43.25,42.65,2016,2024,6.81,8.28,1.48,up
53.25,5.75,2021,2024,10.13,10.09,-0.04,flat
55.65,14.35,2024,2025,9.1,14.46,5.36,up
50.75,2.95,2020,2025,14.11,9.59,-4.52,down
42.65,2.55,2017,2025,13.71,7.71,-6.0,down
38.45,-28.25,2023,2024,6.94,6.24,-0.7,down
47.25,-1.55,2016,2025,9.75,14.45,4.7,up
38.65,-27.25,2022,2023,8.87,9.39,0.52,up
42.75,0.55,2020,2025,18.95,12.27,-6.68,down
54.15,7.85,2009,2023,15.0,15.21,0.21,flat
58.35,26.75,2019,2025,12.17,16.5,4.34,up
47.65,11.85,2019,2025,10.12,14.28,4.16,up
62.25,25.75,2009,2024,7.0,11.0,4.0,up
44.15,5.15,2022,2024,3.6,6.87,3.27,up
60.45,22.25,2021,2023,7.55,7.62,0.07,flat
51.85,-8.55,2020,2025,16.0,6.62,-9.38,down
51.45,5.45,2017,2025,8.38,13.2,4.82,up
56.45,9.15,2020,2024,15.59,20.41,4.82,up
49.35,0.45,2022,2025,18.67,20.87,2.2,up
42.65,-8.85,2022,2023,21.38,12.23,-9.15,down
52.25,1.65,2016,2023,8.82,15.26,6.44,up
60.25,25.15,2019,2025,22.79,17.69,-5.09,down
41.95,-8.75,2017,2024,17.23,10.0,-7.23,down
42.75,-8.65,2021,2023,10.95,18.0,7.05,up
51.95,-8.55,2020,2025,19.21,9.75,-9.46,down
47.35,-1.55,2016,2025,5.63,12.59,6.96,up
46.45,-1.55,2020,2023,7.19,12.26,5.07,up
50.85,15.65,2020,2024,17.67,17.0,-0.67,down
51.05,1.05,2022,2023,19.41,18.91,-0.5,down
50.35,3.65,2024,2025,6.45,8.45,2.0,up
48.85,-1.55,2024,2025,7.7,7.65,-0.04,flat
51.45,0.35,2016,2025,11.0,8.34,-2.66,down
59.25,18.05,2019,2025,10.0,12.0,2.0,up
46.55,0.35,2018,2025,16.69,5.78,-10.9,down
42.85,2.05,2021,2023,24.89,22.76,-2.13,down
49.25,0.65,2024,2025,21.22,19.96,-1.26,down
49.95,19.25,2021,2025,10.67,12.25,1.58,up
58.75,23.45,2021,2023,12.0,13.99,1.99,up
42.65,44.65,2009,2025,10.36,11.78,1.42,up
55.55,21.15,2024,2025,10.84,8.8,-2.04,down
48.65,-2.85,2016,2024,7.3,6.89,-0.41,flat
59.25,23.55,2020,2025,14.69,7.52,-7.17,down
43.65,4.65,2019,2024,11.15,7.96,-3.19,down
40.65,0.75,2019,2025,11.26,12.7,1.43,up
54.25,8.85,2018,2023,6.82,9.23,2.42,up
57.05,-6.25,2021,2025,14.7,9.55,-5.15,down
56.05,47.95,2017,2023,9.05,9.82,0.77,up
34.75,32.55,2022,2025,11.47,7.15,-4.31,down
52.95,0.65,2020,2025,12.0,7.35,-4.65,down
62.85,13.05,2022,2025,8.24,8.77,0.53,up
43.45,4.65,2020,2025,8.38,12.1,3.72,up
54.15,-3.05,2020,2024,7.66,10.0,2.34,up
45.25,4.85,2019,2023,9.26,8.0,-1.26,down
56.35,16.55,2009,2025,8.34,9.45,1.11,up
50.95,3.75,2007,2025,9.55,6.69,-2.86,down
52.05,-8.55,2020,2025,11.13,7.06,-4.07,down
48.65,1.65,2020,2023,17.86,8.36,-9.5,down
36.25,33.95,2007,2024,6.19,10.55,4.35,up
37.15,-6.55,2014,2025,10.0,8.4,-1.6,down
41.55,1.75,2013,2025,13.95,7.67,-6.29,down
37.15,-6.45,2014,2025,9.0,10.8,1.8,up
57.95,15.65,2020,2023,8.55,10.0,1.45,up
48.85,9.05,2019,2024,11.0,10.74,-0.26,flat
50.75,3.35,2014,2025,9.38,7.11,-2.27,down
53.25,6.55,2019,2025,9.86,9.47,-0.39,flat
37.15,-6.05,2017,2023,34.77,17.0,-17.77,down
37.05,-6.35,2015,2025,7.0,16.84,9.84,up
55.35,46.85,2019,2024,7.42,7.0,-0.42,flat
37.05,-7.85,2020,2025,15.94,8.88,-7.06,down
38.15,-0.75,2022,2023,11.07,10.73,-0.35,flat
42.25,3.15,2019,2025,11.76,10.0,-1.76,down
51.15,4.65,2010,2024,8.96,9.36,0.41,flat
47.55,14.15,2022,2023,8.96,7.55,-1.41,down
51.55,15.75,2019,2025,7.88,8.94,1.06,up
55.15,46.45,2013,2023,11.87,8.26,-3.61,down
59.85,11.15,2021,2025,10.02,9.44,-0.57,down
38.65,-27.35,2022,2023,11.45,9.09,-2.36,down
38.55,-28.35,2023,2024,9.16,9.91,0.76,up
50.85,19.75,2019,2023,13.84,13.03,-0.82,down
52.05,5.85,1993,2025,4.15,3.17,-0.97,down
53.95,-1.25,2020,2024,11.87,5.57,-6.3,down
60.15,18.35,2021,2025,8.86,8.0,-0.86,down
50.15,4.95,2022,2025,10.99,7.96,-3.03,down
42.95,2.65,2018,2023,2.43,4.38,1.95,up
48.55,4.75,2021,2024,11.27,5.81,-5.47,down
47.55,21.15,2010,2024,9.67,7.55,-2.12,down
64.05,20.65,2021,2025,12.55,4.0,-8.55,down
59.55,17.15,2022,2025,7.19,9.16,1.97,up
64.45,26.75,2022,2024,30.2,16.47,-13.73,down
63.55,19.75,2022,2023,9.11,10.0,0.89,up
54.65,18.85,2014,2024,8.55,8.07,-0.47,flat
56.15,47.85,2019,2024,3.0,6.51,3.51,up
55.55,14.25,2024,2025,18.95,15.22,-3.73,down
54.65,18.75,2018,2023,10.47,3.82,-6.65,down
59.15,18.25,2012,2024,15.73,14.0,-1.73,down
51.75,5.85,2013,2023,8.0,8.36,0.36,flat
28.05,-16.65,2016,2025,5.07,6.86,1.8,up
28.15,-17.25,2015,2025,5.37,4.91,-0.46,flat
37.05,-6.25,2018,2025,12.81,14.92,2.11,up
52.05,5.65,1993,2025,2.0,12.64,10.64,up
49.65,2.85,2022,2023,9.35,8.71,-0.64,down
45.75,4.85,2016,2024,4.5,14.26,9.76,up
39.35,16.35,2021,2024,15.21,13.45,-1.75,down
41.85,9.15,2020,2023,3.82,7.45,3.64,up
46.65,0.55,2021,2023,6.94,8.16,1.23,up
53.95,-6.55,2022,2023,10.61,10.0,-0.61,down
52.35,13.65,2017,2023,15.65,10.76,-4.89,down
52.35,21.05,2014,2023,9.57,10.0,0.43,flat
55.65,-1.65,2012,2024,3.9,3.58,-0.32,flat
54.95,-1.45,2020,2024,9.83,9.61,-0.21,flat
42.55,1.65,2024,2025,13.84,5.97,-7.87,down
50.15,5.25,2023,2025,10.59,7.55,-3.04,down
52.25,13.95,2014,2024,15.11,13.0,-2.11,down
50.15,18.95,2018,2024,15.19,11.21,-3.98,down
46.15,-1.15,2016,2023,8.09,8.73,0.64,up
51.95,5.65,2016,2024,11.0,7.36,-3.64,down
60.65,17.15,2021,2025,8.46,20.0,11.54,up
52.85,-2.35,2020,2023,2.08,3.79,1.71,up
38.75,-27.35,2022,2023,6.63,9.33,2.69,up
38.75,-27.15,2022,2023,7.98,9.41,1.43,up
50.75,0.25,2022,2025,9.08,10.04,0.97,up
43.85,6.05,2018,2023,5.74,5.43,-0.31,flat
50.95,-1.95,2016,2025,5.84,15.9,10.06,up
47.55,14.05,2022,2023,6.68,8.72,2.04,up
41.35,0.85,2022,2024,7.82,7.27,-0.55,down
45.85,-1.05,2018,2024,5.0,19.55,14.55,up
50.05,4.55,2022,2023,7.0,13.33,6.33,up
47.75,-4.05,2022,2023,8.22,3.0,-5.22,down
41.25,0.45,2020,2023,3.65,7.95,4.3,up
48.75,-2.95,2020,2025,9.08,2.94,-6.14,down
47.95,-2.25,2018,2024,9.18,12.31,3.13,up
51.95,16.85,2020,2023,6.81,6.0,-0.81,down
51.45,-0.35,2023,2024,14.0,1.11,-12.89,down
49.15,-0.15,2024,2025,9.21,9.0,-0.21,flat
46.55,6.05,2020,2023,2.13,19.0,16.87,up
63.85,19.95,2022,2024,19.11,17.8,-1.31,down
59.55,17.95,2020,2023,10.94,9.6,-1.35,down
52.55,4.65,2002,2025,20.17,19.0,-1.17,down
59.35,17.15,2018,2024,5.73,13.79,8.06,up
53.65,-10.15,2014,2025,8.65,11.24,2.58,up
50.45,16.25,2020,2025,13.72,6.91,-6.82,down
58.45,26.25,2020,2024,14.03,16.09,2.06,up
47.55,4.15,2022,2023,7.24,6.84,-0.4,flat
53.15,4.85,2013,2025,7.97,16.3,8.33,up
50.35,8.65,2017,2024,14.09,11.25,-2.84,down
52.45,6.05,2017,2024,10.88,12.22,1.34,up
63.75,20.45,2020,2025,5.73,8.0,2.27,up
47.75,-1.05,2021,2023,3.16,2.0,-1.16,down
52.35,4.55,2009,2023,9.27,16.38,7.11,up
60.65,17.95,2011,2025,15.13,10.0,-5.13,down
44.15,3.25,2019,2024,7.45,2.96,-4.49,down
60.45,27.75,2009,2025,9.27,37.64,28.36,up
55.95,-3.15,2020,2025,2.43,16.0,13.57,up
42.35,1.95,2019,2025,8.96,7.6,-1.36,down
42.55,1.75,2022,2023,2.91,6.89,3.98,up
52.15,0.15,2020,2024,11.14,9.75,-1.39,down
48.85,2.45,2011,2024,4.0,5.13,1.13,up
49.25,-1.25,2019,2025,21.9,8.79,-13.11,down
50.35,1.55,2018,2023,8.13,6.01,-2.12,down
57.25,-3.65,2019,2024,7.0,11.67,4.67,up
50.65,-2.25,2022,2025,14.0,13.54,-0.46,flat
64.15,20.05,2017,2025,9.08,11.21,2.13,up
42.85,2.15,2021,2023,23.29,26.63,3.34,up
35.85,12.85,2014,2025,7.55,11.0,3.45,up
47.95,0.35,2021,2025,7.69,7.27,-0.43,flat
56.45,12.55,2009,2025,9.35,10.27,0.92,up
49.35,0.65,2024,2025,18.55,23.0,4.45,up
60.85,10.95,2018,2023,13.27,11.37,-1.9,down
48.65,7.45,2022,2024,8.98,6.77,-2.21,down
41.65,-8.85,2018,2023,8.0,8.62,0.62,up
55.65,-1.75,2019,2024,14.99,15.72,0.73,up
48.35,-0.45,2022,2024,9.52,8.71,-0.81,down
50.75,3.25,2014,2024,9.93,6.0,-3.93,down
47.35,2.35,2020,2024,3.96,8.3,4.35,up
53.95,23.25,2022,2024,11.63,7.65,-3.98,down
42.55,-5.75,2023,2024,17.71,17.74,0.03,flat
46.05,11.05,2018,2023,12.29,11.57,-0.72,down
60.55,4.85,2024,2025,6.55,8.98,2.43,up
42.25,8.85,2021,2025,1.0,9.0,8.0,up
40.65,0.85,2021,2025,5.32,8.49,3.17,up
46.05,-0.95,2020,2024,7.58,19.7,12.13,up
55.15,11.75,2024,2025,5.84,7.87,2.04,up
47.05,0.35,2023,2024,10.0,9.69,-0.31,flat
42.75,10.95,2006,2024,12.0,6.77,-5.23,down
43.65,4.25,2017,2024,10.43,14.82,4.39,up
39.25,26.15,2013,2023,9.0,10.91,1.91,up
47.85,-2.25,2024,2025,11.64,18.54,6.9,up
51.15,3.75,2022,2023,13.33,8.55,-4.78,down
51.85,5.85,1993,2025,3.56,9.42,5.86,up
48.45,-4.25,2022,2024,11.86,12.04,0.19,flat
49.85,8.35,2020,2024,14.36,12.69,-1.67,down
48.65,1.75,2020,2023,17.19,5.33,-11.86,down
56.35,8.95,2022,2023,13.57,14.69,1.12,up
64.25,20.15,2024,2025,13.05,9.45,-3.6,down
38.75,48.35,2019,2024,11.33,5.73,-5.6,down
42.75,2.25,2021,2023,23.52,18.55,-4.97,down
42.15,1.75,2022,2023,3.91,3.0,-0.91,down
65.15,14.45,2016,2025,3.0,5.81,2.81,up
42.35,1.25,2024,2025,8.16,10.64,2.48,up
64.05,20.55,2022,2024,8.45,2.59,-5.86,down
48.75,2.15,2017,2023,5.32,6.96,1.64,up
64.75,26.75,2022,2023,17.84,22.49,4.65,up
42.65,44.55,2019,2024,7.73,5.64,-2.09,down
52.35,4.65,2019,2024,6.12,8.65,2.54,up
51.85,-8.15,2022,2023,8.05,5.73,-2.32,down
55.65,13.45,2024,2025,10.8,12.92,2.12,up
51.35,3.25,2020,2024,7.83,16.0,8.17,up
57.05,-6.35,2021,2024,11.72,2.82,-8.9,down
41.05,29.05,2021,2025,11.58,13.31,1.74,up
59.95,-1.35,2019,2023,8.59,8.8,0.21,flat
59.85,17.55,2020,2024,11.96,10.54,-1.42,down
59.85,-1.25,2019,2024,8.94,8.51,-0.43,flat
58.65,25.05,2020,2025,3.0,2.87,-0.13,flat
59.85,-1.35,2019,2024,7.75,8.45,0.7,up
42.85,2.85,2018,2023,4.0,5.73,1.73,up
70.05,29.75,2019,2025,6.0,1.0,-5.0,down
55.55,8.05,2021,2024,9.62,8.96,-0.67,down
53.05,4.75,2010,2023,11.0,10.44,-0.56,down
41.05,49.25,2011,2024,5.0,14.49,9.49,up
50.85,4.45,2015,2024,11.81,16.41,4.59,up
59.35,18.15,2021,2023,13.32,10.27,-3.04,down
64.25,19.75,2019,2024,7.42,3.87,-3.54,down
52.75,12.85,2019,2024,13.26,13.0,-0.26,flat
47.55,9.65,2015,2024,14.0,16.47,2.47,up
52.95,14.15,2021,2023,14.0,10.29,-3.71,down
60.65,4.75,2020,2023,12.0,9.36,-2.64,down
52.85,5.05,2023,2024,2.82,3.0,0.18,flat
49.25,0.75,2024,2025,20.94,16.19,-4.75,down
46.75,4.85,2020,2025,16.89,16.7,-0.18,flat
41.45,9.15,2022,2024,5.61,3.73,-1.88,down
50.95,-0.35,2021,2023,11.63,11.0,-0.63,down
52.25,0.15,2018,2025,9.25,10.07,0.82,up
50.85,1.55,2020,2023,5.68,6.53,0.85,up
49.05,8.95,2014,2023,8.52,16.89,8.37,up
42.45,2.05,2018,2024,3.77,6.96,3.18,up
41.15,28.95,2008,2024,11.99,12.69,0.71,up
60.85,-0.85,2021,2024,11.35,4.5,-6.85,down
28.35,-16.85,2016,2025,5.47,6.01,0.54,up
51.15,3.15,2021,2025,17.73,6.69,-11.03,down
52.55,13.15,2019,2023,11.1,9.48,-1.62,down
51.65,-0.15,2011,2025,15.52,9.42,-6.09,down
41.65,41.75,2015,2024,10.77,5.0,-5.77,down
51.95,4.05,2011,2024,10.49,2.87,-7.62,down
68.05,21.75,2010,2025,9.29,4.48,-4.8,down
53.25,-4.15,2021,2025,7.47,10.0,2.53,up
51.65,-5.25,2016,2025,7.59,7.06,-0.53,down
64.65,17.75,2020,2025,11.1,12.0,0.9,up
58.25,25.95,2021,2025,10.45,4.91,-5.55,down
48.55,9.05,2024,2025,2.44,2.67,0.23,flat
53.15,8.25,2020,2023,2.58,1.45,-1.12,down
47.35,0.75,2020,2023,9.02,1.0,-8.02,down
52.95,0.05,2020,2024,10.18,7.42,-2.76,down
42.65,-8.35,2022,2024,12.29,14.31,2.02,up
48.75,-3.05,2020,2024,9.27,5.81,-3.46,down
61.75,14.75,2021,2025,21.09,10.12,-10.97,down
51.15,4.55,2019,2025,14.29,4.33,-9.96,down
55.35,-1.55,2016,2025,9.66,16.44,6.77,up
58.65,27.15,2022,2025,10.0,2.0,-8.0,down
64.15,-21.95,2018,2024,3.67,5.32,1.65,up
43.65,4.05,2017,2025,7.89,5.25,-2.64,down
44.15,1.95,2023,2025,19.86,10.48,-9.37,down
32.75,-16.95,2016,2024,7.02,6.64,-0.38,flat
38.15,-4.05,2013,2025,15.13,11.05,-4.08,down
48.75,1.75,2013,2023,9.74,4.77,-4.97,down
50.85,4.75,2018,2024,6.45,1.67,-4.79,down
50.75,5.95,2009,2023,10.97,7.71,-3.26,down
43.75,3.45,2017,2023,10.13,5.13,-5.0,down
40.35,-5.15,2019,2023,6.5,2.93,-3.57,down
41.25,2.05,2019,2024,9.23,2.71,-6.52,down
37.35,-2.85,2017,2025,5.02,4.09,-0.92,down
55.55,-1.65,2018,2024,5.25,4.0,-1.25,down
42.45,8.95,2021,2024,5.92,5.57,-0.35,flat
36.65,-5.05,2016,2025,12.99,7.53,-5.46,down
48.85,-3.45,2016,2025,6.98,5.0,-1.98,down
39.75,21.25,2021,2023,1.26,4.74,3.48,up
46.15,6.05,2014,2024,15.62,1.0,-14.62,down
52.05,5.05,2020,2024,8.53,8.0,-0.53,down
45.25,5.75,2010,2025,7.58,9.81,2.23,up
42.35,2.15,2023,2024,4.0,2.98,-1.02,down
51.75,5.95,2016,2023,7.0,4.02,-2.98,down
43.55,5.35,2018,2023,2.0,1.43,-0.56,down
43.45,5.35,2020,2023,12.09,1.0,-11.09,down
45.85,11.15,2017,2025,13.0,5.43,-7.57,down
51.95,4.75,2021,2024,10.65,4.69,-5.96,down
43.45,5.25,2020,2023,6.3,1.86,-4.44,down
51.95,5.75,2019,2024,8.36,5.0,-3.36,down
51.25,3.95,2021,2023,4.34,2.77,-1.57,down
51.95,6.75,2017,2025,7.74,7.53,-0.21,flat
42.45,0.65,2021,2025,7.73,7.0,-0.74,down
52.15,5.85,2021,2025,8.49,10.88,2.39,up
47.15,9.85,2022,2023,8.18,3.65,-4.54,down
47.45,9.65,2021,2025,16.96,3.18,-13.77,down
42.45,2.95,2019,2023,4.22,5.19,0.97,up
48.35,10.95,2011,2018,10.12,10.03,-0.08,flat
56.55,-6.15,2007,2015,9.07,8.17,-0.9,down
49.05,8.35,2015,2018,16.19,14.98,-1.21,down
60.05,24.45,2015,2016,22.42,22.14,-0.28,flat
51.35,7.05,2014,2018,10.58,3.97,-6.61,down
48.35,7.35,2015,2017,17.25,14.66,-2.59,down
63.75,11.25,2014,2018,8.0,6.22,-1.78,down
51.45,-0.55,2014,2016,8.0,5.64,-2.36,down
52.35,20.55,2014,2021,11.65,7.5,-4.15,down
52.65,23.85,2014,2020,9.44,7.0,-2.44,down
59.55,16.45,2015,2016,9.21,7.02,-2.19,down
49.65,26.25,2013,2022,10.41,16.02,5.61,up
36.05,-5.55,2015,2020,8.42,9.23,0.82,up
47.35,7.85,2015,2019,16.92,8.68,-8.24,down
37.35,-6.35,2015,2017,8.48,42.44,33.95,up
37.95,-6.75,2014,2015,6.05,8.08,2.03,up
37.35,-5.95,2014,2018,6.52,1.0,-5.52,down
37.45,-5.95,2014,2018,8.52,8.0,-0.52,down
49.05,9.05,2014,2020,8.83,34.24,25.42,up
46.25,6.05,2013,2015,21.15,11.0,-10.15,down
47.25,7.45,2014,2017,15.12,10.0,-5.12,down
48.25,10.95,2011,2018,13.82,15.55,1.73,up
60.35,18.25,2014,2017,12.0,10.0,-2.0,down
53.15,20.25,2013,2019,14.99,12.11,-2.88,down
53.15,20.35,2013,2019,10.39,13.21,2.82,up
43.05,3.05,2015,2021,14.19,7.13,-7.06,down
66.55,12.05,2015,2016,7.8,6.55,-1.26,down
56.15,47.25,2011,2016,9.32,8.0,-1.32,down
42.45,24.35,2015,2017,18.35,14.37,-3.99,down
37.35,-5.85,2014,2017,8.68,20.0,11.32,up
61.55,29.55,2013,2017,20.99,21.0,0.01,flat
46.85,8.05,2015,2022,12.07,10.0,-2.07,down
49.05,8.85,2015,2018,8.43,7.0,-1.43,down
44.45,-1.15,2013,2019,7.45,6.4,-1.06,down
37.85,-6.75,2015,2017,8.82,10.02,1.2,up
39.45,-8.55,2015,2018,12.55,20.0,7.45,up
43.65,6.85,2015,2016,17.8,11.96,-5.84,down
42.55,24.35,2015,2017,17.93,23.18,5.25,up
63.75,11.65,2015,2016,6.61,6.88,0.27,flat
52.25,5.85,2015,2021,18.3,7.67,-10.63,down
46.95,7.05,2007,2022,7.89,10.8,2.91,up
52.65,13.45,2008,2017,9.09,13.72,4.63,up
46.35,6.15,2013,2022,22.0,9.33,-12.67,down
43.35,-1.75,2015,2016,9.74,11.33,1.6,up
37.75,-6.25,2015,2017,9.56,33.96,24.4,up
51.25,22.55,2014,2015,10.36,7.45,-2.91,down
38.65,-9.15,2015,2022,7.8,10.96,3.16,up
37.35,-6.05,2015,2018,7.59,1.56,-6.03,down
37.75,-25.65,2015,2025,9.45,8.67,-0.79,down
53.15,23.25,2015,2017,21.75,15.36,-6.38,down
37.05,-6.05,2015,2017,10.16,24.0,13.84,up
56.15,47.55,2012,2018,9.57,9.18,-0.39,flat
42.55,24.25,2015,2016,18.81,12.5,-6.31,down
46.55,0.15,2015,2021,13.45,6.82,-6.64,down
49.05,9.15,1986,2015,13.18,7.05,-6.14,down
53.95,-2.95,2012,2021,15.87,18.85,2.98,up
60.15,24.45,2013,2016,17.54,19.88,2.33,up
37.25,-6.15,2014,2016,6.79,9.38,2.59,up
51.55,14.65,2014,2015,7.43,7.79,0.35,flat
37.15,-5.95,2014,2018,7.83,2.79,-5.04,down
56.25,46.05,2014,2019,5.73,7.81,2.08,up
52.25,20.95,2013,2015,6.59,7.15,0.56,up
37.35,-6.15,2015,2017,7.04,6.06,-0.99,down
52.25,13.75,2014,2022,10.38,21.09,10.71,up
50.35,8.85,2015,2022,9.62,8.52,-1.1,down
68.95,22.95,2015,2021,13.09,6.27,-6.83,down
58.55,14.25,2009,2016,13.97,15.06,1.09,up
53.05,20.15,2014,2017,21.99,18.0,-3.99,down
37.55,-6.05,2015,2017,8.23,26.42,18.19,up
37.25,-5.95,2014,2022,7.84,5.09,-2.75,down
43.75,6.85,2015,2020,16.4,2.11,-14.28,down
37.95,-5.65,2015,2022,7.02,3.9,-3.12,down
52.15,5.05,2015,2018,9.0,8.3,-0.7,down
54.65,-5.65,2013,2015,6.3,5.73,-0.58,down
46.75,2.85,2015,2017,11.23,11.37,0.15,flat
52.35,5.85,2015,2020,27.0,17.57,-9.43,down
58.45,14.25,2006,2018,11.18,10.33,-0.85,down
41.85,-7.95,2015,2019,9.74,12.49,2.75,up
53.05,20.25,2014,2019,15.21,11.38,-3.83,down
44.35,-1.05,2013,2016,12.22,13.3,1.08,up
57.85,-8.55,2015,2022,3.73,3.73,-0.0,flat
53.45,6.25,2010,2020,8.3,11.27,2.97,up
51.45,7.05,2015,2017,16.16,13.86,-2.31,down
37.25,-6.05,2014,2021,5.0,1.0,-4.0,down
52.55,21.15,2014,2022,10.33,13.3,2.97,up
51.35,4.45,2015,2022,7.97,16.01,8.04,up
51.85,-1.15,2015,2022,3.5,19.26,15.76,up
58.75,14.65,2007,2016,7.53,15.91,8.38,up
52.75,23.75,2007,2016,11.26,6.0,-5.26,down
37.05,22.35,2015,2022,3.0,6.0,3.0,up
53.25,22.55,2015,2022,6.32,14.8,8.48,up
53.25,5.05,2010,2015,8.99,3.0,-5.99,down
55.85,-6.35,2015,2018,16.0,19.14,3.14,up
53.05,4.85,2015,2020,6.0,6.64,0.64,up
46.95,7.45,2014,2017,13.23,12.42,-0.81,down
53.55,9.95,2016,2019,15.11,2.91,-12.2,down
36.85,-6.35,2016,2022,12.7,5.79,-6.91,down
38.05,-2.65,2016,2017,32.88,20.42,-12.46,down
42.25,27.75,2016,2022,8.77,16.0,7.23,up
41.75,-7.45,2016,2017,10.71,10.05,-0.66,down
42.85,13.75,2016,2022,16.83,5.34,-11.49,down
53.05,11.45,2012,2016,16.89,9.23,-7.67,down
41.35,14.85,2016,2022,11.0,12.09,1.09,up
53.15,14.35,2016,2022,12.0,17.38,5.38,up
49.95,18.85,2016,2021,14.06,6.79,-7.27,down
40.75,-4.05,2016,2017,18.18,16.9,-1.28,down
60.65,11.15,2013,2021,12.11,13.42,1.32,up
51.95,5.85,2010,2022,7.91,24.74,16.82,up
41.55,-7.65,2016,2021,8.96,18.0,9.04,up
56.35,47.05,2013,2016,7.59,10.36,2.77,up
46.95,6.85,2014,2016,9.55,9.12,-0.42,flat
42.15,14.15,2016,2017,7.36,9.32,1.95,up
52.35,4.85,1992,2020,2.45,9.62,7.17,up
51.85,0.85,2016,2022,5.0,21.0,16.0,up
40.75,-3.95,2016,2019,7.64,6.07,-1.57,down
49.35,8.75,2016,2021,16.13,17.64,1.51,up
47.45,-1.45,2016,2022,12.08,16.15,4.07,up
46.35,6.05,2008,2018,18.0,5.6,-12.4,down
37.35,-6.55,2014,2016,5.27,7.84,2.57,up
54.55,11.95,2009,2022,12.64,4.36,-8.28,down
37.15,-6.25,2016,2022,5.17,8.59,3.43,up
52.95,0.75,2016,2019,7.99,11.27,3.28,up
48.95,9.05,2014,2019,8.93,7.55,-1.38,down
37.25,-6.25,2016,2018,15.84,11.72,-4.12,down
59.05,17.65,2016,2020,23.78,15.93,-7.85,down
56.25,25.35,2016,2017,7.0,14.23,7.23,up
53.75,9.65,2016,2019,7.36,7.4,0.04,flat
51.95,8.85,2016,2017,13.0,12.0,-1.0,down
49.95,18.95,2016,2017,12.27,18.0,5.73,up
27.95,-15.65,2016,2017,7.86,9.31,1.45,up
52.65,1.25,2016,2021,5.01,10.35,5.34,up
54.85,46.55,2012,2016,9.29,2.83,-6.46,down
53.15,20.65,2016,2018,17.9,11.31,-6.59,down
48.35,2.55,2013,2021,8.89,6.11,-2.79,down
39.75,3.15,2016,2022,19.82,8.34,-11.48,down
43.35,-0.35,2012,2021,11.32,16.43,5.11,up
43.75,12.75,2016,2017,8.12,8.27,0.15,flat
49.95,-6.25,2013,2017,12.18,7.15,-5.03,down
50.85,-1.65,2016,2021,6.55,7.53,0.99,up
51.35,6.95,2016,2017,14.81,12.0,-2.81,down
51.55,17.35,2016,2020,6.34,18.85,12.5,up
28.15,-16.65,2016,2017,6.97,8.71,1.75,up
53.15,23.15,2014,2020,7.55,12.56,5.01,up
51.25,5.25,2016,2017,9.74,9.79,0.06,flat
53.25,20.65,2016,2020,13.36,12.86,-0.51,down
48.95,8.85,2016,2017,9.18,4.48,-4.7,down
52.05,6.55,2016,2018,10.0,22.07,12.07,up
37.05,-8.95,2016,2022,8.35,13.28,4.92,up
53.25,6.65,2016,2021,18.0,9.39,-8.61,down
43.25,-0.05,2016,2021,13.09,11.48,-1.61,down
32.75,-16.85,2011,2022,6.08,2.93,-3.14,down
58.45,14.45,2008,2017,11.89,10.95,-0.94,down
47.45,7.55,2016,2020,6.24,7.0,0.76,up
46.15,11.05,2016,2021,6.64,6.49,-0.16,flat
48.35,2.65,2016,2021,3.0,3.0,0.0,flat
37.65,-5.75,2014,2017,7.86,26.32,18.47,up
42.65,3.05,2017,2022,6.0,6.78,0.78,up
42.65,2.45,2017,2022,16.43,18.2,1.77,up
48.25,11.15,2017,2018,11.57,9.4,-2.17,down
37.45,-4.65,2017,2018,4.65,7.34,2.69,up
53.15,-1.95,2017,2018,16.62,16.73,0.11,flat
44.15,1.85,2017,2021,18.15,26.69,8.54,up
43.05,6.15,2017,2020,9.0,10.63,1.62,up
49.95,-6.35,2013,2017,16.37,8.59,-7.78,down
51.75,0.85,2014,2022,10.99,9.87,-1.11,down
53.35,-6.15,2017,2021,9.25,8.12,-1.13,down
69.55,18.85,2013,2017,15.27,17.33,2.06,up
51.05,5.05,2017,2021,13.13,12.55,-0.59,down
52.05,5.35,2017,2019,8.08,12.39,4.32,up
51.05,4.95,2017,2022,9.56,18.93,9.37,up
58.85,23.55,2017,2021,16.59,12.19,-4.41,down
60.75,11.15,2013,2022,17.0,17.86,0.86,up
49.05,1.65,2017,2021,5.08,6.11,1.04,up
51.75,4.75,2017,2020,14.95,12.85,-2.1,down
48.25,11.05,2017,2018,9.93,7.21,-2.72,down
47.55,5.15,2017,2020,8.11,6.0,-2.11,down
43.95,2.15,2017,2020,18.68,18.6,-0.08,flat
52.95,1.05,2014,2021,6.0,8.56,2.56,up
47.65,11.15,2017,2018,9.33,12.36,3.03,up
54.05,13.35,2017,2021,11.77,20.08,8.31,up
46.95,7.25,2017,2018,14.44,15.42,0.98,up
47.65,12.05,2017,2019,9.0,5.64,-3.36,down
42.65,-0.15,2017,2020,24.79,5.55,-19.24,down
43.45,3.85,2017,2018,7.3,6.0,-1.3,down
38.15,-2.55,2017,2020,2.71,17.48,14.77,up
43.65,4.55,2017,2022,7.34,1.0,-6.34,down
44.15,3.55,2017,2025,5.27,10.29,5.02,up
39.55,8.45,2017,2025,8.55,6.01,-2.54,down
41.45,2.15,2017,2020,7.73,9.46,1.74,up
43.45,3.65,2017,2018,7.17,2.92,-4.24,down
43.85,4.45,2017,2020,5.79,9.13,3.34,up
39.15,8.25,2017,2021,7.39,5.0,-2.39,down
40.55,-6.15,2017,2018,25.18,22.19,-2.99,down
50.75,4.45,2012,2017,11.99,12.27,0.28,flat
43.65,4.35,2017,2022,9.61,5.74,-3.87,down
36.25,-5.85,2017,2022,7.95,10.71,2.76,up
37.65,-6.35,2014,2017,6.6,22.31,15.72,up
45.75,10.75,2017,2018,16.59,9.85,-6.74,down
59.55,18.35,2017,2018,12.57,17.21,4.64,up
51.35,4.65,2008,2018,5.34,3.67,-1.67,down
63.75,20.15,2017,2022,13.96,13.0,-0.96,down
60.55,15.65,1979,2017,10.16,7.95,-2.21,down
38.15,-2.65,2017,2025,1.5,4.53,3.04,up
51.15,-2.75,2010,2021,18.58,9.0,-9.58,down
60.45,15.55,2014,2020,10.27,8.33,-1.95,down
60.15,24.65,2014,2017,20.01,29.0,8.99,up
51.75,4.85,2007,2020,8.46,7.37,-1.09,down
53.25,22.65,2011,2021,6.96,9.78,2.82,up
59.85,16.35,2017,2022,8.0,9.23,1.23,up
45.75,8.65,2017,2018,10.18,6.15,-4.03,down
58.15,12.95,2017,2019,3.68,5.08,1.4,up
42.75,13.95,2017,2022,6.64,8.27,1.63,up
58.35,26.55,2017,2020,21.0,8.05,-12.95,down
43.85,3.75,2017,2019,9.46,13.68,4.22,up
51.55,9.95,2017,2020,8.27,9.45,1.18,up
43.55,-1.55,2017,2019,9.98,18.17,8.19,up
46.35,7.65,2017,2021,7.0,14.3,7.3,up
51.35,-0.65,2017,2018,1.0,1.89,0.89,up
55.15,10.25,2017,2022,2.95,23.96,21.02,up
45.05,34.15,2018,2020,9.59,9.05,-0.54,down
51.95,5.35,2018,2022,7.43,12.91,5.48,up
39.85,-8.85,2018,2022,23.95,22.73,-1.22,down
37.15,-6.35,2018,2025,19.88,12.99,-6.88,down
40.85,-6.85,2018,2020,21.7,14.6,-7.1,down
45.95,5.05,2018,2019,9.76,10.46,0.7,up
48.25,10.85,2018,2022,20.8,22.13,1.33,up
41.35,2.15,2018,2022,13.41,8.97,-4.44,down
40.05,9.25,1999,2018,5.82,9.01,3.19,up
48.75,1.85,2018,2021,5.89,12.05,6.16,up
52.45,-1.45,2018,2021,18.99,30.46,11.47,up
45.85,11.05,2018,2019,7.58,8.12,0.54,up
51.25,5.05,2018,2020,5.77,16.0,10.23,up
51.15,4.95,2018,2022,7.56,18.23,10.67,up
49.75,-1.35,2018,2022,8.79,8.12,-0.67,down
56.75,12.65,2018,2019,12.89,9.88,-3.01,down
37.15,-7.55,2018,2021,9.13,20.38,11.25,up
37.15,-8.65,2014,2022,7.17,11.78,4.61,up
54.15,13.35,2018,2021,9.07,22.98,13.91,up
51.15,-0.55,2018,2020,8.34,11.3,2.96,up
42.45,2.85,2018,2020,4.8,4.36,-0.44,flat
44.45,8.85,2018,2021,3.3,12.12,8.82,up
48.65,2.45,2013,2021,9.18,8.7,-0.48,flat
44.65,-1.25,2018,2020,8.16,10.37,2.22,up
47.05,7.15,2018,2021,15.0,7.77,-7.23,down
48.75,1.95,2018,2020,4.71,7.87,3.15,up
52.55,13.35,2018,2021,5.47,8.0,2.53,up
52.35,20.45,2018,2020,16.45,9.27,-7.18,down
63.55,20.75,2018,2022,14.74,9.4,-5.33,down
41.85,-7.85,2018,2019,13.63,17.76,4.14,up
54.75,18.65,2018,2020,11.0,8.77,-2.23,down
52.25,0.05,2018,2019,6.32,6.45,0.14,flat
54.65,46.65,2018,2019,8.82,9.64,0.82,up
51.45,4.55,2018,2019,8.85,6.96,-1.89,down
50.95,6.95,2018,2021,10.36,13.36,2.99,up
45.75,5.45,2014,2018,18.0,8.37,-9.63,down
53.55,22.75,2008,2020,10.98,4.73,-6.25,down
49.25,-1.15,2018,2019,10.56,14.43,3.87,up
56.65,46.95,2018,2019,6.15,12.54,6.39,up
49.65,-1.45,2018,2020,10.77,11.48,0.71,up
49.05,8.45,2009,2021,15.91,17.0,1.09,up
53.15,-2.35,2018,2019,4.62,2.0,-2.62,down
65.55,-17.05,2011,2018,17.17,5.58,-11.59,down
64.15,20.65,2018,2019,8.42,7.44,-0.98,down
46.45,6.05,2018,2021,6.17,6.0,-0.17,flat
44.95,34.15,2018,2019,7.18,4.89,-2.3,down
45.15,5.85,2018,2019,5.86,9.46,3.6,up
52.05,27.75,2018,2019,10.46,11.88,1.42,up
65.65,-16.95,1996,2018,10.36,4.28,-6.08,down
37.05,-8.65,2018,2022,7.47,7.33,-0.14,flat
48.85,2.15,2018,2021,2.96,5.48,2.53,up
41.85,-7.75,2018,2019,15.2,19.03,3.83,up
57.25,17.95,2018,2019,9.91,15.02,5.12,up
64.15,-21.85,2018,2021,2.49,9.17,6.69,up
48.65,2.35,2018,2021,6.59,9.14,2.55,up
51.05,13.75,2018,2022,8.45,12.26,3.8,up
63.65,19.85,2018,2020,14.84,10.29,-4.55,down
42.25,9.05,2018,2022,3.62,7.64,4.02,up
52.55,0.65,2010,2018,7.47,7.0,-0.47,flat
38.05,30.85,2018,2022,7.0,9.62,2.62,up
52.55,6.15,2012,2020,10.15,9.97,-0.18,flat
51.15,4.45,2019,2022,14.0,18.3,4.3,up
47.95,6.45,2019,2022,6.77,5.96,-0.81,down
42.75,0.75,2019,2020,5.13,6.46,1.34,up
50.85,3.25,2019,2020,8.03,8.74,0.7,up
51.45,23.55,2019,2022,8.72,13.69,4.97,up
60.65,15.75,2019,2021,9.1,6.0,-3.1,down
52.05,4.95,2019,2022,7.2,10.31,3.11,up
55.65,47.15,2013,2019,10.86,7.77,-3.09,down
54.25,9.15,2011,2019,14.82,7.13,-7.69,down
50.15,19.05,2019,2020,14.54,21.41,6.87,up
60.25,-1.25,2019,2022,8.58,11.3,2.72,up
48.85,1.95,2019,2021,7.9,8.62,0.72,up
52.65,-0.75,2019,2021,10.0,10.21,0.21,flat
49.45,22.65,2019,2020,7.26,9.53,2.27,up
59.95,17.85,2019,2020,8.5,9.99,1.49,up
41.35,2.05,2019,2021,9.86,10.62,0.76,up
50.45,8.95,2019,2022,6.15,24.0,17.85,up
51.35,4.05,2019,2021,8.98,5.42,-3.56,down
53.45,22.65,2019,2020,14.81,11.48,-3.33,down
44.95,10.65,2019,2020,9.25,8.58,-0.67,down
54.15,-0.35,2019,2022,7.72,8.44,0.71,up
50.05,18.95,2019,2021,9.94,15.73,5.79,up
51.75,-1.25,2019,2022,12.17,12.82,0.65,up
64.45,13.35,2019,2020,11.31,15.23,3.92,up
37.05,-7.65,2019,2021,9.86,18.77,8.91,up
48.85,9.15,2019,2021,6.83,22.06,15.23,up
49.25,4.05,2019,2020,8.45,9.81,1.36,up
52.55,6.25,2019,2020,10.79,6.55,-4.24,down
47.65,-3.15,2019,2020,8.0,9.1,1.1,up
52.75,0.35,2019,2020,20.33,27.0,6.67,up
51.35,3.15,2001,2022,3.91,10.04,6.13,up
39.45,-0.35,2019,2020,12.29,8.07,-4.21,down
28.35,-16.55,2010,2019,6.0,10.15,4.15,up
43.25,0.05,2019,2021,14.0,10.72,-3.28,down
51.65,4.35,2019,2021,4.75,9.24,4.49,up
41.05,1.15,2019,2022,11.61,8.0,-3.61,down
63.65,20.25,2019,2022,10.29,12.25,1.96,up
51.45,5.05,2019,2020,7.71,13.42,5.7,up
47.85,3.35,2019,2020,7.02,8.35,1.33,up
52.85,23.85,2007,2021,12.82,8.83,-3.99,down
51.85,6.05,2019,2020,29.73,5.46,-24.28,down
35.55,24.15,2019,2021,2.18,3.25,1.07,up
48.25,-3.55,2019,2020,12.25,13.35,1.1,up
52.05,5.15,2012,2021,4.91,5.73,0.82,up
53.35,20.65,2012,2019,17.07,12.89,-4.18,down
29.25,-13.55,2019,2020,2.71,1.95,-0.76,down
46.25,-1.55,2019,2022,8.38,2.76,-5.61,down
63.65,20.45,2019,2020,12.0,10.96,-1.04,down
53.45,22.55,2019,2022,11.45,11.15,-0.3,flat
50.75,-1.95,2019,2020,4.35,9.79,5.44,up
53.55,22.85,2019,2021,7.53,14.51,6.98,up
51.95,4.95,2019,2022,7.87,8.05,0.18,flat
50.65,5.25,2019,2022,8.0,10.27,2.27,up
50.05,18.85,2019,2021,14.3,10.32,-3.98,down
52.15,6.85,2019,2020,18.2,17.0,-1.2,down
41.15,0.95,2019,2022,9.36,10.05,0.69,up
50.25,8.45,2019,2020,5.48,10.2,4.71,up
42.35,9.15,2011,2019,8.19,7.0,-1.19,down
48.95,2.15,2019,2021,5.75,3.88,-1.88,down
41.25,1.95,2019,2020,6.15,6.66,0.51,up
43.95,3.75,2019,2022,9.42,7.49,-1.93,down
52.75,-0.55,2019,2022,8.5,6.45,-2.05,down
51.95,16.65,2019,2022,12.0,11.56,-0.44,flat
37.25,-7.55,2019,2020,11.51,12.64,1.13,up
48.75,-3.55,2019,2020,10.09,9.47,-0.62,down
51.55,0.05,2009,2019,17.09,9.73,-7.36,down
58.45,14.55,2008,2019,10.66,5.55,-5.11,down
52.25,5.75,2019,2021,2.28,4.45,2.18,up
42.55,2.85,2019,2022,1.77,12.96,11.19,up
42.55,8.85,2019,2021,3.77,2.0,-1.77,down
42.65,9.05,2019,2021,4.23,6.45,2.22,up
36.75,-2.15,2019,2025,2.71,4.82,2.1,up
49.45,0.25,2019,2022,19.76,12.28,-7.49,down
51.85,16.55,2019,2021,7.14,4.73,-2.4,down
51.45,4.85,2019,2020,11.93,11.71,-0.22,flat
51.45,17.15,2019,2020,9.12,12.94,3.82,up
59.35,24.25,2019,2020,4.08,8.0,3.92,up
52.25,5.25,2009,2019,16.56,10.31,-6.24,down
40.55,-4.15,2019,2025,4.64,5.15,0.51,up
43.75,4.85,2019,2022,2.0,2.82,0.82,up
61.65,12.75,2019,2021,5.73,7.27,1.54,up
52.35,11.65,2019,2020,1.26,1.0,-0.26,flat
41.95,1.55,2020,2022,10.61,13.75,3.14,up
55.45,12.85,2020,2021,10.27,9.89,-0.38,flat
45.15,18.35,2020,2022,14.72,11.78,-2.94,down
51.05,-1.35,2020,2021,9.21,6.15,-3.06,down
51.05,4.05,2006,2020,10.38,7.63,-2.75,down
54.35,22.55,2020,2021,12.97,8.31,-4.66,down
41.35,1.25,2020,2021,8.62,9.18,0.56,up
50.75,15.95,2020,2022,9.18,12.0,2.82,up
50.85,-1.95,2020,2021,6.86,7.35,0.49,flat
52.95,23.85,2014,2021,10.11,14.39,4.28,up
63.55,19.45,2020,2021,12.47,13.14,0.68,up
51.75,-0.45,2020,2021,9.25,9.71,0.46,flat
47.55,7.65,2020,2022,11.55,14.1,2.55,up
53.85,13.85,2020,2022,14.79,12.66,-2.13,down
51.35,4.15,2020,2021,5.82,5.11,-0.71,down
45.15,1.55,2020,2021,9.7,6.71,-2.98,down
49.75,19.35,2020,2021,8.83,11.9,3.07,up
56.65,12.85,2020,2025,11.18,11.94,0.76,up
47.75,-0.65,2000,2022,8.85,11.0,2.15,up
39.65,-0.25,2020,2021,10.01,8.48,-1.53,down
51.35,23.15,2020,2021,7.21,12.97,5.76,up
50.55,3.35,2020,2022,7.55,11.65,4.11,up
43.55,3.85,2020,2022,11.0,2.92,-8.07,down
51.85,-8.25,2020,2022,8.8,6.71,-2.1,down
51.55,4.45,2020,2021,12.51,9.76,-2.75,down
52.45,-1.55,2020,2021,5.71,7.07,1.35,up
47.35,-2.85,2020,2021,6.0,5.81,-0.19,flat
59.45,13.55,2020,2021,8.91,7.35,-1.56,down
51.95,8.45,2020,2021,10.0,11.79,1.79,up
57.35,-3.65,2020,2021,11.0,7.62,-3.38,down
52.15,21.15,2009,2020,8.09,11.07,2.98,up
41.05,1.05,2020,2021,6.77,7.77,1.0,up
52.15,1.55,2020,2022,7.62,6.49,-1.13,down
42.85,2.25,2020,2021,21.09,23.43,2.34,up
58.45,26.45,2020,2022,16.09,14.22,-1.88,down
51.85,-8.05,2020,2022,12.69,7.85,-4.84,down
42.35,-0.75,2020,2021,15.92,18.28,2.35,up
52.35,0.25,2020,2022,15.42,6.93,-8.49,down
43.95,4.85,2020,2021,7.34,7.31,-0.03,flat
38.85,-8.95,2020,2021,10.15,15.67,5.52,up
53.25,-1.95,2020,2021,9.72,11.76,2.04,up
42.85,2.35,2020,2021,24.28,14.76,-9.52,down
51.05,4.55,2020,2021,8.31,8.75,0.44,flat
51.35,3.35,2007,2020,7.84,8.93,1.09,up
49.15,2.65,1993,2020,7.43,3.18,-4.25,down
54.05,-0.35,2020,2021,10.46,6.3,-4.16,down
49.55,20.65,2020,2022,7.68,9.65,1.96,up
43.35,3.25,2020,2022,12.58,7.66,-4.92,down
52.65,4.65,2020,2021,14.56,8.04,-6.51,down
52.35,17.05,2020,2021,12.75,15.95,3.2,up
59.25,17.75,2020,2021,15.0,18.79,3.79,up
40.45,-3.65,2020,2022,7.48,5.0,-2.48,down
42.55,9.45,2020,2022,8.24,3.12,-5.12,down
52.45,16.85,2013,2020,11.53,12.64,1.11,up
52.15,4.45,2010,2021,10.3,8.36,-1.94,down
52.25,-7.15,2020,2021,7.99,8.3,0.31,flat
53.25,5.85,2020,2021,9.79,11.96,2.17,up
48.95,4.95,2020,2022,13.48,11.88,-1.6,down
52.95,-0.55,2020,2021,1.62,5.75,4.12,up
51.25,3.15,2007,2022,8.98,5.78,-3.2,down
45.95,14.55,2020,2022,17.51,17.55,0.04,flat
50.75,4.85,2020,2021,6.24,7.52,1.27,up
47.45,-0.55,2020,2021,5.39,8.31,2.92,up
51.25,-0.65,2020,2021,7.76,19.36,11.6,up
51.35,3.45,2014,2022,4.73,8.25,3.52,up
51.55,-0.35,2020,2021,10.0,9.75,-0.25,flat
45.95,1.35,2020,2021,8.71,9.45,0.74,up
53.55,-1.85,2020,2022,6.18,8.0,1.82,up
63.75,19.85,2020,2022,9.84,13.12,3.28,up
52.05,8.55,2020,2021,10.79,11.46,0.67,up
65.95,16.25,2009,2020,12.64,9.3,-3.34,down
48.55,-1.55,2020,2022,9.85,9.42,-0.43,flat
49.95,8.05,2020,2021,7.05,7.66,0.61,up
52.75,4.65,2020,2021,6.0,4.3,-1.7,down
53.15,-0.45,2020,2022,8.07,9.4,1.34,up
49.15,22.55,2010,2020,9.81,13.16,3.35,up
62.15,16.25,2020,2021,20.05,23.1,3.05,up
50.85,-0.15,2010,2020,5.69,7.52,1.83,up
57.25,-2.35,2020,2021,10.3,7.37,-2.93,down
51.55,-2.05,2020,2021,10.77,10.09,-0.68,down
50.65,3.35,2020,2021,9.32,10.26,0.94,up
50.15,1.65,2020,2022,13.12,20.18,7.06,up
49.65,26.15,2020,2021,9.55,12.15,2.6,up
61.85,16.65,2020,2022,15.0,18.27,3.27,up
62.35,10.05,2020,2021,5.84,9.7,3.86,up
42.85,-0.45,2020,2021,4.39,11.0,6.61,up
52.35,20.95,2010,2021,6.6,11.95,5.36,up
58.55,-4.75,2020,2021,11.62,13.0,1.38,up
50.55,-2.45,2020,2021,6.55,7.79,1.24,up
59.55,18.25,2020,2021,11.0,12.82,1.82,up
46.35,-1.35,2020,2022,6.19,6.64,0.44,flat
52.25,20.45,2020,2021,11.63,12.13,0.5,flat
48.65,8.25,2020,2022,4.66,6.73,2.07,up
45.15,18.25,2020,2021,15.73,14.8,-0.93,down
54.65,-5.75,2014,2020,6.7,6.19,-0.51,down
64.55,18.65,2020,2022,4.64,3.0,-1.64,down
48.05,7.65,2020,2021,25.75,8.15,-17.6,down
45.85,-0.65,2020,2022,7.27,10.45,3.18,up
50.95,1.95,2020,2021,3.13,10.29,7.16,up
45.85,-0.75,2020,2022,6.0,2.59,-3.41,down
52.45,16.95,2013,2022,15.86,2.82,-13.04,down
46.55,5.95,2020,2021,5.38,8.28,2.9,up
59.85,18.25,2020,2022,6.73,22.7,15.97,up
49.15,22.75,2011,2020,12.85,10.79,-2.06,down
49.05,22.85,2011,2020,5.48,8.17,2.68,up
37.25,-7.45,2020,2022,8.12,13.75,5.64,up
44.45,14.95,2020,2021,8.73,9.04,0.32,flat
47.45,0.85,2020,2021,1.31,1.0,-0.31,flat
52.75,-6.15,2021,2022,7.17,7.28,0.12,flat
54.95,-2.15,2021,2022,7.15,9.35,2.2,up
47.45,2.85,2021,2022,4.59,5.48,0.88,up
49.45,20.85,2021,2022,7.05,9.87,2.82,up
50.05,19.45,2021,2022,12.47,11.75,-0.71,down
68.95,20.85,2021,2022,7.01,7.56,0.56,up
59.85,18.65,2021,2022,10.4,10.4,-0.01,flat
66.35,29.35,2021,2022,11.85,12.84,0.98,up
56.65,16.55,2021,2022,9.73,14.34,4.6,up
60.25,21.95,2021,2024,12.94,13.62,0.68,up
61.85,24.25,2021,2023,13.04,12.68,-0.36,flat
45.55,18.65,2021,2022,14.21,7.95,-6.26,down
53.35,6.25,2007,2021,9.08,8.0,-1.08,down
46.75,1.35,2021,2022,26.18,23.73,-2.45,down
54.95,-3.45,2021,2022,14.45,15.41,0.95,up
59.45,17.85,2021,2022,8.55,19.56,11.02,up
45.55,18.75,2021,2022,15.61,11.49,-4.12,down
51.45,-9.75,2021,2022,9.2,9.01,-0.19,flat
42.05,2.05,2021,2022,9.47,9.47,0.0,flat
44.75,-0.65,2021,2022,7.76,8.1,0.35,flat
41.55,1.35,2021,2022,11.88,7.55,-4.34,down
39.45,-8.05,2021,2022,23.21,22.65,-0.57,down
42.15,-0.65,2021,2022,14.12,4.72,-9.4,down
52.45,10.15,2021,2022,15.37,9.07,-6.31,down
45.85,10.85,2021,2022,12.62,14.0,1.38,up
50.55,6.15,2008,2021,7.65,6.89,-0.76,down
53.95,-6.75,2021,2022,13.15,10.0,-3.15,down
48.65,2.05,2021,2022,17.17,11.27,-5.9,down
60.55,4.95,2021,2022,8.55,6.64,-1.91,down
51.45,-9.85,2021,2022,8.43,8.54,0.12,flat
46.85,-2.15,2021,2022,18.77,18.47,-0.3,flat
47.35,0.65,2014,2021,16.0,13.14,-2.86,down
45.05,1.95,2021,2022,2.32,2.0,-0.32,flat
54.45,-6.35,2014,2021,8.73,14.65,5.92,up
52.15,5.25,1993,2021,1.32,7.59,6.27,up
48.05,-2.05,2021,2022,13.59,15.0,1.41,up
52.95,1.15,2013,2022,13.74,6.67,-7.07,down
47.25,9.55,2021,2022,11.47,13.43,1.96,up
47.15,9.65,2021,2022,22.18,13.55,-8.63,down
46.55,5.85,2021,2022,7.48,8.95,1.48,up
49.65,20.65,2021,2022,7.96,7.96,0.0,flat
51.75,16.75,2021,2022,19.31,19.64,0.32,flat
45.25,18.15,2021,2022,18.02,8.92,-9.1,down
52.65,-6.25,2021,2022,7.55,7.91,0.36,flat
43.05,-6.25,2021,2022,5.68,2.67,-3.01,down
52.55,-6.25,2021,2022,7.81,5.76,-2.05,down
41.75,1.55,2021,2022,13.0,9.0,-4.0,down
54.35,-0.55,2021,2022,6.96,13.55,6.59,up
40.45,-5.75,2021,2022,8.27,7.48,-0.79,down
49.15,17.35,2021,2022,3.73,4.96,1.24,up
52.95,-2.75,2021,2022,15.93,14.38,-1.55,down
44.65,4.65,2021,2022,10.88,20.61,9.73,up
44.65,-1.05,2013,2021,14.38,9.11,-5.27,down
42.55,2.45,1996,2021,2.91,4.5,1.59,up
51.15,3.95,2007,2021,7.53,4.47,-3.06,down
49.55,20.75,2021,2022,8.0,8.29,0.29,flat
44.65,-1.15,2013,2021,20.22,15.0,-5.22,down
47.55,20.95,2009,2021,14.0,4.23,-9.77,down
38.15,21.95,2021,2022,2.29,3.85,1.56,up
59.85,17.35,2011,2021,17.56,9.33,-8.23,down
52.05,4.35,2009,2021,8.28,1.91,-6.37,down
46.65,5.85,2021,2022,2.0,1.0,-1.0,down
47.45,9.55,2022,2025,17.06,10.35,-6.71,down
38.65,34.85,2007,2022,15.59,9.0,-6.59,down
42.55,9.55,2011,2022,7.47,6.48,-0.99,down
52.25,5.45,2009,2022,18.8,7.95,-10.86,down
36.55,-4.95,2022,2025,7.16,6.55,-0.62,down
50.05,4.65,2007,2022,7.88,4.22,-3.66,down
51.35,3.65,2011,2022,8.13,13.32,5.19,up
60.35,16.55,2022,2023,15.99,15.3,-0.7,down
60.45,17.45,2022,2023,23.5,17.2,-6.3,down
51.25,-0.55,2003,2025,13.0,10.0,-3.0,down
40.05,9.35,1999,2025,4.9,6.86,1.96,up
36.55,-4.85,2014,2025,7.69,1.0,-6.69,down
45.35,5.55,2000,2006,10.37,9.95,-0.43,flat
60.75,21.75,2007,2011,9.2,8.21,-0.99,down
51.85,-0.55,1993,2006,12.36,10.42,-1.94,down
51.05,3.95,2006,2013,11.04,10.73,-0.31,flat
54.15,9.15,2007,2013,15.0,18.17,3.17,up
52.45,20.75,2010,2013,8.37,14.91,6.54,up
52.45,21.05,2009,2012,10.53,21.22,10.69,up
55.15,-1.95,1994,2010,7.88,10.9,3.02,up
52.35,1.65,2012,2014,3.92,8.83,4.91,up
46.25,5.95,2012,2014,11.12,19.05,7.92,up
52.05,1.55,2000,2010,13.79,9.03,-4.76,down
54.15,9.25,2005,2013,17.3,13.03,-4.27,down
54.05,8.95,2011,2013,14.97,13.97,-0.99,down
50.15,16.75,2008,2009,8.8,8.0,-0.8,down
65.95,29.15,2008,2011,6.03,10.92,4.89,up
56.45,24.75,2005,2007,14.81,11.0,-3.81,down
42.65,11.25,2004,2012,11.58,11.54,-0.04,flat
56.35,47.35,2010,2011,9.12,10.0,0.88,up
52.15,21.05,2012,2013,10.97,9.88,-1.09,down
56.45,47.85,2013,2014,6.0,11.07,5.07,up
50.25,5.45,2007,2008,8.84,8.93,0.1,flat
52.55,17.15,2012,2014,11.93,18.47,6.54,up
52.75,16.75,2013,2014,17.65,14.97,-2.68,down
60.35,-1.25,2009,2010,6.29,11.1,4.81,up
49.65,8.45,2010,2011,10.15,5.75,-4.4,down
59.55,13.05,1990,1991,14.0,10.0,-4.0,down
51.35,23.05,2010,2012,15.5,10.07,-5.43,down
58.35,13.55,1992,2012,18.62,15.0,-3.62,down
51.35,-0.55,2003,2005,17.98,14.67,-3.31,down
52.35,20.85,2009,2011,6.83,6.45,-0.38,flat
49.55,8.55,2010,2012,16.03,15.24,-0.79,down
59.95,17.35,2010,2011,12.82,19.13,6.31,up
43.05,2.05,2008,2011,12.65,13.27,0.62,up
60.85,11.05,2012,2014,7.46,13.0,5.54,up
52.05,6.05,1992,2013,2.82,18.43,15.61,up
52.45,4.55,1992,2014,4.0,13.22,9.22,up
52.25,16.75,2012,2014,14.54,17.0,2.46,up
50.85,-1.35,2004,2014,11.59,12.37,0.78,up
49.55,8.45,2010,2011,11.77,17.13,5.36,up
49.45,8.45,2010,2012,10.79,11.49,0.69,up
42.45,11.25,2011,2012,8.0,4.5,-3.5,down
54.85,10.75,1986,1988,6.98,8.0,1.02,up
55.25,-2.55,1990,2004,7.36,3.12,-4.23,down
51.25,6.05,1992,1993,2.35,1.83,-0.52,down
