eco_name,n_recordings,Acoustic_Complexity_Index__main_value__mean,Acoustic_Complexity_Index__main_value__median,Bio_acoustic_Index__main_value__mean,Bio_acoustic_Index__main_value__median,Acoustic_Diversity_Index__main_value__mean,Acoustic_Diversity_Index__main_value__median,Acoustic_Evenness_Index__main_value__mean,Acoustic_Evenness_Index__main_value__median,Normalized_Difference_Sound_Index__main_value__mean,Normalized_Difference_Sound_Index__main_value__median,Spectral_Entropy__main_value__mean,Spectral_Entropy__main_value__median,Temporal_Entropy__main_value__mean,Temporal_Entropy__main_value__median,NB_peaks__main_value__mean,NB_peaks__main_value__median,Wave_SNR__SNR__mean,Wave_SNR__SNR__median,Spectral_centroid__mean__mean,Spectral_centroid__mean__median,ZCR__mean__mean,ZCR__mean__median,RMS_energy__mean__mean,RMS_energy__mean__median
European Atlantic mixed forests,67509,1610.205061365861,671.958281410077,9.274790467253085,7.803249078850107,1.826469373260679,1.992686287665789,0.23922209218624815,0.196786015744776,0.4793136312929769,0.7366914915846192,0.8356023296810197,0.8378921026552769,0.9572692623179198,0.967784971824523,3.780400349676253,3.0,28.210250580847685,27.463726935337995,5432.960234029928,4983.966314358537,0.1776567580781299,0.1580888116638795,0.013325392132962582,0.0082833722436214
Celtic broadleaf forests,57483,3446.507527905503,1403.527657521055,10.380461173388587,9.488109886087464,1.8403904639263053,1.9013736351835149,0.3021768060803918,0.3125333490513355,0.6323914828148133,0.9440542634174258,0.8342839328492834,0.8347207853579616,0.9444528265342436,0.9510896307721088,3.6205432494040264,3.0,31.604431487825902,32.854997813006634,5195.383212261141,5180.438462960452,0.15612591458520444,0.149391547191023,0.009014420070264347,0.004925361265204
Western European broadleaf forests,39525,4049.4725780163744,1247.616062423555,9.318715219072494,8.03882945527002,1.7230207399763655,1.9124416138961178,0.28532290964874135,0.27182090344629584,0.5571749221885204,0.8182796557676616,0.8449024260465859,0.8504856414854941,0.956938848302228,0.9650081696577388,3.4274650739015997,3.0,32.7609900336192,33.18456112880068,5919.729583891356,5379.4494431031135,0.18297992797167237,0.1669367009943181,0.012076586146721923,0.0072248608226171
Central European mixed forests,28420,2118.914887558793,909.5334355623957,10.75116435889005,8.989198887208682,1.8679617483850097,1.9579653058827637,0.27467155013945416,0.256476958230329,0.43752506518652445,0.7149520528056855,0.8306175359679279,0.8367710178364773,0.9470928563984288,0.9535724848316289,4.133642985326718,4.0,34.66943230877214,35.3364113757732,5124.883307034593,4946.821508872504,0.16752917746163284,0.15605847889320068,0.012472071564871415,0.0070068714178042005
Sarmatic mixed forests,22784,3393.3447254086486,1047.7786498143637,10.869804196533055,9.09427479209022,1.8220461787623659,1.9511599079398727,0.2709351361620858,0.25118708345306573,0.5079986070045551,0.785801219774216,0.8382328324992444,0.8421843892831828,0.952511171486704,0.9623142244250736,3.884911047660883,3.0,34.76668663322457,36.02185465775893,5342.97043286066,5110.847967484182,0.179563964556582,0.15907477565510425,0.013546512090010007,0.008010886763069
Northeast Spain and Southern France Mediterranean forests,18274,1464.575721020274,699.1622681506122,8.934339517181519,8.107160317936136,1.7505350828493913,1.9809911225640788,0.23915392931152848,0.19697362561391715,0.49963878665172207,0.7542291485137698,0.8333520236644868,0.8389017658098287,0.956584521577912,0.9674946257563327,3.635234238178634,3.0,28.738295390552114,27.799740308510273,5338.959646358055,4927.063449158073,0.15360313124108824,0.14453413950759564,0.014567723495811896,0.009010862713814651
Scandinavian and Russian taiga,17321,1717.2781412941035,995.5144348268992,10.955397302621604,10.129659825121632,1.7856162921867407,1.8844511386002587,0.320772923246975,0.31974854490610954,0.5644717823061703,0.8936050063760685,0.8016422591429747,0.8029323175773564,0.9416207768217799,0.9484327738250452,3.4052306448819354,3.0,40.84492516692554,44.54547372260848,4957.450088227048,4575.936980377416,0.1665113840100812,0.1506956808693516,0.016657677413727222,0.0119773627475151
Southwest Iberian Mediterranean sclerophyllous and mixed forests,16498,4456.196476008009,941.596692841139,8.176985242228465,7.608256026428761,1.912489195336608,2.022331222780589,0.21920529383678866,0.16962288453147495,0.5793839981281873,0.7798809582210685,0.8623666367602326,0.871749341312041,0.9622528459439066,0.9706730099234624,3.6363195538853192,3.0,36.86812953305263,39.742053990668225,5610.951101387755,5537.73804434559,0.1846198595485012,0.1773243113925374,0.013118993116367942,0.008731540041612501
Cantabrian mixed forests,12915,1583.696427099134,777.7847207415758,9.242203777390626,8.207050824399019,1.896962911154141,2.0194399191188785,0.22210278680805806,0.1719599804391982,0.5557706926187576,0.819464203151165,0.8401258208728225,0.8411307653866866,0.9599956739739306,0.9696804846599304,3.9276753910484747,3.0,31.467954910573475,31.909403143644717,5163.7603250161255,4748.362785203842,0.17837737636705567,0.1606267564122642,0.013082120171196305,0.0086148066844547
Iberian sclerophyllous and semi-deciduous forests,12796,5795.823840221341,1623.824094100993,9.59682269911941,9.06096476946392,1.7519464365348416,1.9380075240340497,0.27891146673165074,0.2595262306885793,0.6988613752717932,0.9120667569064775,0.8538370647507892,0.8688783143362442,0.9471999060800043,0.9558792296261976,3.5681125439624855,3.0,37.49332174642313,39.31886528851412,5869.708437522592,5577.087498004272,0.18505684908192682,0.18041000349671485,0.012594376718664854,0.0080976856304124
English Lowlands beech forests,11604,1646.1822028835534,764.0046976563979,10.455859061162508,8.058588967713575,1.8497042499841356,1.9563808099267372,0.2680617944097759,0.25097630905231205,0.3135093951755399,0.5085531030540681,0.802270362978768,0.8094117048092737,0.9676139857513741,0.9767891746182817,3.0727398086701716,2.0,25.5587255355752,23.837364619392908,4398.574018951814,3998.243914397668,0.13574333466576863,0.1129215120984557,0.014230399858662193,0.0086821618552264
Cerrado,9334,2713.880783489524,778.5696673221005,10.74938033598625,8.900319694301015,1.9028723666454874,1.9925327005444315,0.24706185698205962,0.21756364802727135,0.6282000501124969,0.8602333367920758,0.8267434873983597,0.8348703312395276,0.9538359745736644,0.960052148118115,4.760450160771704,4.0,35.44861852724784,33.27515815567863,4897.900908286009,4550.445478928823,0.18497392546530086,0.17526928430708233,0.024472982057570206,0.017032732054790348
Alps conifer and mixed forests,7392,1469.8490576692259,780.9825908901458,9.778769602712552,8.470799179985772,1.732695629998183,1.976225941103495,0.23626936103110824,0.2006550178558415,0.6153623670310174,0.8537690607152806,0.861588217748084,0.8701038570086257,0.9580428595399236,0.967095522195513,3.44724025974026,3.0,30.969849641040796,29.938993636258093,5927.966659086296,5518.157915381636,0.18262633353428154,0.1674423228919375,0.012486012895988918,0.0069272245898352
Southern Pacific dry forests,6838,1237.581043563018,841.5084559745499,7.056324703782368,5.141749561572105,1.9438895586272094,2.071337905620429,0.18399988131858397,0.067541795335725,0.7600861195414542,0.8962104220412817,0.8769886608329588,0.9019718726458982,0.9503992835698306,0.9607394411777821,5.38505410938871,5.0,29.174617031671072,28.111289020550515,6782.796122475306,7166.502590353006,0.2738289566239227,0.29275639973891876,0.006225249227383413,0.0036887895502177503
Baltic mixed forests,6827,1922.3198414873873,920.1703602460758,10.300001024838107,8.487355500268437,1.6598434868662637,1.923510395229757,0.26139283226320187,0.2381314844427213,0.5226144063077469,0.8030148910806632,0.8382630064347125,0.8459719612311479,0.9564498747014084,0.9640629226281844,3.210780723597481,3.0,32.16795994371355,31.98954714705724,5372.264413307702,5165.700339761468,0.15581244791365945,0.1557488311573747,0.015891876447798915,0.0111438988546808
Serra do Mar coastal forests,5983,1516.052097252723,982.6490659058758,9.35683624270301,8.412771605173463,1.8641932565676205,1.958486311416254,0.27759033641105657,0.24930280272160094,0.6776395818782807,0.9302737146296876,0.8373764620313773,0.8471135678072588,0.9485302707439834,0.954876357314696,4.238843389603877,4.0,39.39507841510313,42.47788405581044,5810.975149233425,5569.277493216552,0.2034302903391299,0.1954951155423149,0.02152329315885921,0.0149461640734544
Peninsular Malaysian rain forests,5795,1401.5133309940143,1016.2254396477194,10.40776123050821,8.919774846506318,1.816445455265138,1.9439984532610226,0.29036065808152833,0.2574712208835723,0.5902197457841405,0.8885571458310578,0.8031604424549909,0.8164626052187751,0.9618055209079528,0.9690629719615228,4.596203623813633,4.0,38.66185517819129,42.391055886289365,5578.347474739294,5380.115816792262,0.198928013683096,0.1933483254129893,0.0291339560261115,0.0225385053181077
Changjiang Plain evergreen forests,5322,2422.286677550446,1028.4021367367768,9.260779115273918,8.487062911892313,1.7885826022741222,1.8805652232424714,0.3274563812033817,0.32468405960414537,0.6692848282929446,0.9071114117084252,0.8239221666472205,0.8303256872389638,0.9489838535913003,0.9567585058397522,3.665288479609096,3.0,37.97820144764691,39.251406982180285,5660.380172405485,5323.91336507868,0.16985718022333482,0.1589693602374789,0.011719495580065213,0.0072901548869476005
Chihuahuan desert,5295,4087.857717053545,2153.538859972714,11.407332249321426,10.643840458936575,1.7447213356777669,1.803877131945267,0.3739987781777514,0.388755959687745,0.6943403768420036,0.9370274354631899,0.8093702782856531,0.8115088341913187,0.9281533001453319,0.9309740363885308,3.6409820585457977,3.0,42.58182217984,45.00725256581267,5439.598645093094,5099.264732718551,0.18762473335471658,0.1713373901903367,0.010039529277486081,0.0063317531706305
Northwest Andean montane forests,5056,1555.5805324797427,1095.463467029695,11.062793455984686,7.548272242092885,1.8913918012670516,2.0048232964935986,0.24367929043974496,0.1995427108245007,0.6309207134331796,0.8574643948045181,0.8472473714087931,0.8531605598849548,0.9589058339885491,0.9658930701233192,3.9537183544303796,3.0,36.71790101976649,38.916883085310964,5511.987401993626,5262.125528218181,0.19197902424638133,0.18434111158677402,0.02072776052523132,0.0153666555642139
Pyrenees conifer and mixed forests,4992,5052.170385186352,1385.9304449704427,9.03993723251238,8.592991975138379,1.3221328675073214,1.7891137461096456,0.2935514653756352,0.2812738089176051,0.6859990726534131,0.9355704751723417,0.840873095669844,0.8427658837494236,0.9449237438264865,0.9511531673859555,2.920008019246191,2.0,36.42398926377334,38.832931909824445,6317.017636437729,5246.120174780113,0.145455016105807,0.14563540852670415,0.012414773783942469,0.0088556957222658
Pannonian mixed forests,4965,5392.421194266543,1538.9039668095215,10.093141627059065,9.025045719007203,1.8504375108641602,1.9446406348686798,0.2764588474527156,0.2676862347473956,0.6442294708624124,0.8923733380598524,0.8430685110965156,0.8478043170009313,0.9556839156230077,0.9625378575610768,3.672782258064516,3.0,33.71519215444929,33.66836788285387,5515.140135939363,5189.665385782004,0.19247381904670866,0.1782283918596067,0.013166762827433154,0.00865827345317445
Tyrrhenian-Adriatic sclerophyllous and mixed forests,4658,1794.7929281713712,950.6672391614112,9.945530824412991,8.84833098154228,1.535291135412902,1.8926082253341467,0.27515336374788174,0.2590320957656464,0.6647619639837954,0.9268912320639175,0.8157919965016139,0.8190864723044247,0.9473812659726422,0.9545739952632396,3.1702812969722998,3.0,35.743321702589306,35.76653566311505,5908.367215231735,5169.851044314574,0.13940451232548137,0.1325453284615529,0.018481475744388805,0.0122017493391961
Eastern Cordillera Real montane forests,4568,1536.5854714514637,1069.2754017630664,9.959307424271447,7.926538443518433,1.8949112239760844,2.00115910732477,0.24899105357397605,0.2056912563607116,0.603973266115807,0.8352642015997249,0.8361484600190021,0.8450473221394752,0.9590977303057691,0.9672770045011944,4.03415061295972,4.0,39.195325066703035,43.0968746493494,5410.978887655409,5065.862597473914,0.184449221133677,0.17745248314599055,0.02260766171932404,0.01744428216310545
Guianan lowland moist forests,4383,954.7829054015233,477.4711964415689,8.768070197071273,7.283833128655791,1.869090526712356,2.0610570316603303,0.15981510771083118,0.0880403728162615,0.7535538739909929,0.9356227641504864,0.8636414321895411,0.8686768602661799,0.9719401335002954,0.9803049529218653,5.335158567191422,4.0,27.04172955954261,22.015471088434477,7487.030829169293,6692.925273202392,0.28062166757621776,0.2723755963080752,0.026967284787276793,0.0174778804399971
Alto Paraná Atlantic forests,4379,1290.8744296169634,928.4556305853444,8.876418839767483,8.314297291721331,1.8946722398821998,1.9973142027769804,0.2507512778795587,0.2101964134591694,0.6557573125966457,0.9010744954425632,0.8351149999604306,0.845981988345761,0.9566526971450947,0.965042352892397,4.401004795615437,4.0,37.515389325647234,40.42358444221706,5558.790313897135,5300.226670353185,0.2016394272330791,0.1918440104855782,0.025025188085553825,0.0176585854039128
Northeast US Coastal forests,4190,1733.3875470005057,1215.4537843641283,10.919006295169186,8.784304783532095,1.881433594083788,1.9745204882331393,0.2537767364657546,0.2281216745000664,0.626787180559801,0.8710958472649113,0.8285422292031972,0.8367422621323243,0.9624814819956924,0.9753802509263508,4.243914081145585,3.0,32.451880010059725,33.6400081273698,5254.2716096842905,4967.851256257764,0.17477066080751735,0.15921557624952576,0.0223756334642446,0.0140100788170511
Magdalena Valley montane forests,4014,1409.3274496512302,981.3993901236112,10.020279906188815,7.806772699102689,1.8777855237881262,1.9901934866382036,0.25695355101466183,0.21581153091720678,0.6428972307087115,0.8728559301978752,0.8340047915536819,0.8467084747180744,0.9558632589236267,0.9636401965605308,4.1898355754858,4.0,38.485460744902966,41.33173495761717,5321.765407798805,5165.389077604098,0.18511094068813572,0.1761778776964577,0.019433070345009292,0.0132480187865423
East European forest steppe,4009,2793.533903709721,1173.760030657819,7.671520055064869,7.597905576825091,1.8956521830985362,1.995078766123649,0.24521913259039754,0.2129739770514254,0.5394591338204456,0.7706511245174978,0.8521747481668328,0.8580315997003469,0.9650735815497279,0.9727286735220673,4.2444499875280615,3.0,44.30357054228537,46.8990066451248,6292.0257193461575,5108.9619091475515,0.16614026132321882,0.1485788046493564,0.02257127617400349,0.0139984327897521
Italian sclerophyllous and semi-deciduous forests,3841,2011.013549266014,816.3198400730541,9.125027059729211,7.859859463697637,1.763645191323881,2.0044349990839443,0.23086801013922328,0.17343084628261807,0.5792309831284591,0.8194168562139706,0.8624315003523697,0.8730642928665633,0.954982314603288,0.964523075673686,3.9481770833333334,3.0,35.2410172733056,36.68711723139202,6198.7210629915135,5705.186399569341,0.19127266161997403,0.1785471054450882,0.010988655163045796,0.00693558031566135
Eastern Australian temperate forests,3726,1754.4237371838267,968.8321109232685,11.691844970699808,8.789386078578575,1.814985921770511,1.9090639366517967,0.31643821948602935,0.303903988926639,0.5217401072163393,0.7721667881486773,0.8108406098067644,0.8178936428741446,0.9458707202204117,0.9528967818659202,3.943102522812668,3.0,39.802830226258905,43.58619475804993,4788.319504234117,4471.7407779925725,0.16405305460752723,0.1447286927010552,0.01924964099242266,0.0135103520217135
Highveld grasslands,3723,1798.3818444848919,1124.2197412769626,13.259971732186964,11.87386546813245,1.7304024039241397,1.800644454549717,0.3872050739273708,0.3839723534585828,0.6716538860706495,0.9264857895835332,0.8027505822688582,0.8145478383214034,0.9350492726662571,0.9409213333979776,3.7499328498522697,3.0,43.33186834795242,45.316774789276025,5296.1794572027775,5171.639911700037,0.17802194749598002,0.169380016171538,0.024885090965456547,0.0163537155166976
Madagascar succulent woodlands,3525,642.2587033776588,616.5088188660692,7.318308702273804,6.015905855568223,2.038404493427648,2.0756301434618454,0.08270438376047645,0.0338864424829641,0.6832201555982854,0.7757061341912761,0.9602528903483276,0.9742256566781052,0.9713161680550159,0.983505899057429,7.150070921985815,6.0,18.480381681751965,16.526481011780604,7004.299450003206,7114.864118975221,0.40403992502649677,0.4131113382853141,0.005014319519319562,0.0027613464667899
Southern Acacia-Commiphora bushlands and thickets,3352,1116.767610249532,873.3242507397204,12.55764499291994,11.677826797702448,1.7249948091098763,1.7967904240793362,0.3779445342842023,0.3835247774837624,0.5771508912130756,0.841179924376498,0.767150525712152,0.76663523543564,0.9453002053450114,0.9504830677986942,3.747315035799523,3.0,37.42856930440072,37.662176864056846,4377.847709987972,3965.5413734225094,0.14979114378840666,0.12920421309497415,0.01460103555916348,0.009454276271204501
Isthmian-Atlantic moist forests,3254,1828.4187661419671,1134.9063581912385,10.330905253059438,8.317363331827575,1.8995743148817552,1.9998279791127,0.24797725232000908,0.2076695224604898,0.6319913400683748,0.8829211863790807,0.8432335704390262,0.8525578403000322,0.9591460312730076,0.9666952339351929,4.47480024585126,4.0,39.23876381681945,44.026614189308944,5793.838405285982,5646.363014061642,0.2270855344867831,0.22111363438662335,0.022942100930073366,0.01651346307925675
Southwest Amazon moist forests,3072,1824.4259095458608,1197.466986822841,12.069795878577004,10.004039541042271,1.8187777955485924,1.939114118071041,0.3015124931184741,0.26714945114155986,0.5655369926083469,0.8689603667541952,0.8010070402843295,0.8186475946693774,0.959882200340597,0.9674060386759713,4.62890625,4.0,37.04995398018295,38.596225368165044,5335.289703184018,5463.523479509668,0.2088105328312527,0.20808719563248723,0.024383809869409172,0.01659232305948285
California coastal sage and chaparral,2983,1570.4099077956657,962.5006388625544,8.0147549557341,7.945624917445636,1.8502666051946506,1.9523230039210413,0.278853377471533,0.26117785175590924,0.5687573436540403,0.7886226013376336,0.8541572511649789,0.8559080120650706,0.9453460585552672,0.9539450255704326,4.419711699631244,3.0,38.69537920179826,47.35660147292084,6773.697691804103,5911.027988180898,0.2462484374049408,0.1981950900639163,0.01583844322313874,0.0117896451462895
Iberian conifer forests,2962,6377.75427238596,2204.2863117799175,9.150300976791614,9.523293323758171,1.2896052133217235,1.8424352823056236,0.2516719575266071,0.2387250217282679,0.762661699250056,0.9204936636615912,0.8790807519954128,0.8882314553802741,0.9528622827431622,0.9661041896707994,2.9455897262588713,2.0,40.07995873429731,42.56988234381082,7847.027706666966,5778.2300209602245,0.1479330725774775,0.17499493273833816,0.012129439540470638,0.0095545014982906
Eastern Canadian forests,2871,1420.4096380330361,774.4835636919886,9.255299750791037,8.747076226120251,1.9031848445406738,2.0144915579125917,0.23149765537526468,0.1858380338436744,0.729687479721186,0.9263614738833552,0.8371701630964228,0.8425350628404512,0.9559608878358269,0.9684005632000212,4.16614420062696,4.0,26.274938098477012,24.902936996301456,5104.8882098280055,4924.6928308104325,0.18988285286189,0.1768724091198979,0.010113631034539649,0.0075863423045259
Northern Swahili coastal forests,2817,1879.818579116268,1146.2701293061614,9.95263853014193,6.829665730900658,1.8734596774738101,1.9936775939645641,0.24313480793446096,0.17744485053460565,0.5244659087532351,0.7589147252125703,0.8516346216793267,0.860015960251233,0.9695311775831176,0.9783865687140116,4.024494142705005,3.0,26.806398862485075,21.535552849329964,6824.046838983245,6372.897303803409,0.2573491578563386,0.2278033231044126,0.03459987858155779,0.0241960017015436
Sayan montane conifer forests,2702,1578.3544441192487,611.4095247721147,7.86741953040898,7.09569568810838,1.9325507430996756,1.9931218252316567,0.20556674153305962,0.1523127814747847,0.5786164355894089,0.8359939597823727,0.8525886891839319,0.8628255034427302,0.9658938268740359,0.9772827740328489,3.423019985196151,3.0,23.228473703905518,20.520128560706326,5919.077507952064,5754.454289763903,0.18244489662406538,0.17355012806485903,0.02071607956151613,0.01530663121913785
Taiwan subtropical evergreen forests,2639,1611.571734417968,1188.9489372759456,9.566823141134966,7.975889731995172,1.8430917290447923,1.9581889541833877,0.28075694198117584,0.24779662068819186,0.5227649783356291,0.7873618993040367,0.8252901628861736,0.8327354078649489,0.9610729995478018,0.9707857728701064,3.51042061386889,3.0,32.169024096415406,30.238852889704248,5474.253312145556,4877.421899793231,0.16787104303029174,0.1484037577258172,0.021696550783590608,0.0170951993162041
Napo moist forests,2636,1474.036542967137,997.2662557331646,15.197009015796468,9.310719911288217,1.9092423474020928,2.0201398797200945,0.22886843789802752,0.17490441900962833,0.601079245165764,0.8537006748492847,0.8278952412722145,0.83904147800407,0.966238167494309,0.9733049608843182,5.548937784522003,5.0,43.08214984295025,48.26694082070374,5516.813875086721,5550.81835205881,0.22649250058014445,0.22434576196291578,0.03028286361409469,0.02578247460104715
Borneo lowland rain forests,2585,1250.7553592209856,951.2262632877398,12.704279104823877,9.653869590168457,1.643150464421706,1.8648801183856412,0.33770381165987856,0.3177768441791739,0.48369053704842235,0.8330985162707977,0.7889584091373519,0.8078496053825537,0.9561119165405502,0.9628198660226176,4.281624758220503,4.0,39.79643494889209,45.19168833326682,5294.975269710221,5197.696065409163,0.19065263500036359,0.1939360274186822,0.029436960807025264,0.0236031762772167
Cauca Valley montane forests,2555,1373.1231364639705,986.1351265676658,10.409768091253547,7.661485303555684,1.8908874797686264,2.005193242959787,0.24590074415926164,0.20106975767127874,0.6770827370222471,0.8914441280892844,0.8432790080018496,0.8501732119796576,0.9572481866255399,0.9644574633725168,3.9972602739726026,3.0,39.98164243889212,43.12960861150379,5471.739132948915,5276.030242914411,0.19838196973477634,0.1865679483188045,0.020738002709230634,0.0146997182888301
Eastern Great Lakes lowland forests,2516,1606.3881504189753,817.2929958350069,10.282045368548737,9.50804136474191,1.8993629505454033,1.9778126177161521,0.2516351956769124,0.2290859958525262,0.6623923858601977,0.924341114933162,0.8276182857070321,0.8273928241331869,0.9525211711269974,0.9608616902050924,4.014308426073132,4.0,31.907119609318958,31.139021438398657,5012.666997110668,4669.883528184274,0.16954639176339337,0.1578420596793879,0.017512153472389002,0.0099758656350748
Southeast US conifer savannas,2504,1711.3287633394552,1092.1756570124844,11.643217212196664,8.755712729280337,1.856357461285516,1.947412524172436,0.2853202950139725,0.2670330013008073,0.6408323351223563,0.9072299104876507,0.8298355723266505,0.8365377662686,0.9462082157641927,0.9527700937679204,4.243210862619808,4.0,40.193273423709776,44.17128721934336,5517.0757589815485,5396.564594067582,0.19767527334500617,0.18666680336827374,0.02019828028111997,0.0142118861967397
Eastern Arc forests,2482,1661.1325655714652,1032.2976042248392,10.787771593405848,8.92422368405683,1.8036430529118581,1.9355690540706765,0.2951495447757406,0.2455141126862051,0.6163240078279981,0.8246754725157617,0.8251487839629917,0.8459873821605572,0.9638282026588355,0.9716093872744918,3.556809024979855,3.0,30.302637931266602,26.394452584557698,5609.06415959608,5606.535822114915,0.18832519544882612,0.1783072748008256,0.024231811179735323,0.01898167839921855
Sonoran desert,2389,1946.0760644138977,1142.5185489597995,10.083481806197609,9.097796391601143,1.816264940506951,1.9322940254656849,0.3109493594541445,0.2859217462510874,0.6144071973076122,0.8841549269582831,0.839963504803371,0.8476927132166597,0.9419561707662094,0.947101696645359,4.186688991209711,3.0,41.228448739581765,45.36196252805069,5621.829359916106,5394.515189754915,0.19347475423124388,0.1800876672373623,0.021705129333071272,0.0137529815013457
North Atlantic moist mixed forests,2387,1632.641817677154,756.891114585097,9.371269106151045,6.661878162523709,1.8955283758598318,2.017237658969012,0.23851715487427355,0.18672625688019562,0.3661419777838429,0.5391545429239187,0.8693852305811305,0.8843663829991181,0.9620075313896492,0.9696779296616852,3.7327188940092166,3.0,27.674989677099077,27.594970388571543,6025.077532817311,5814.364349779604,0.19884436097569202,0.1779131766282259,0.0074993027386927955,0.0029017536409011
Crete Mediterranean forests,2353,3974.687319345588,1523.8383226904352,8.193539862516152,7.94046506931349,0.20731759734103195,0.0,0.2825162454916716,0.2561272998252648,0.7559177259516372,0.9555224888492946,0.8690780609178929,0.872211694166069,0.9280006491184775,0.9526274731041031,0.5835814547001276,0.0,40.451843963211616,42.04560268293745,8695.348530159574,6748.160594883662,0.02692538403790851,0.0,0.015276592091869342,0.0053402914692069
Scandinavian Montane Birch forest and grasslands,2348,2667.046353890074,1113.8030971269745,9.639187905314518,9.127399741608988,1.783238351275967,1.8731364449000298,0.3267833887898807,0.3290001263973934,0.5501025240080033,0.8213117493560061,0.8281154388256289,0.8307711102610099,0.9444066335936487,0.9514861615595862,3.3596080102258203,3.0,34.728049121468125,35.144455148219755,5711.5004314794305,5328.474631585704,0.19089741508523475,0.16222794480232933,0.018428632064742604,0.0130009528938463
Central Zambezian wet miombo woodlands,2297,1259.6039583401325,1007.5613955710201,12.599991531121564,12.0990325887874,1.7140989048827449,1.8250659640461169,0.37791776509798225,0.3650993421935831,0.569437358951336,0.903693285305162,0.7644892448458402,0.7794126605052742,0.9434491921861607,0.9479580808516892,3.8097518502394427,3.0,47.91385512085401,49.27676242949454,4411.722682440348,4152.951950563397,0.16190947127660113,0.1582443053463855,0.02272482165873086,0.019554803892757
Albertine Rift montane forests,2291,1220.6163278094243,962.0390672551488,10.193990330475401,9.70000837041568,1.7797208708984062,1.8730882129414,0.3371443211576854,0.3298048778604141,0.55063154473192,0.8613609486738399,0.8103200611144208,0.8198658978779301,0.955471399776331,0.9613950253560998,4.35573985159319,4.0,35.665829839874824,38.304605082586605,5591.229432284166,5286.448688415492,0.18585761606310675,0.1723750259192701,0.020507685993400446,0.0140522035898369
Carpathian montane forests,2260,3249.959715695304,1372.2911706305367,12.065783572914237,9.819083921360075,1.8146499501679807,1.910650560547488,0.31128119916849506,0.30524557247331785,0.6790742685117456,0.9333117661176352,0.8301947427020437,0.8337968539136175,0.9465696566649957,0.952387092932998,3.5561946902654866,3.0,35.79941442298823,36.56197462363792,5299.224691413204,4949.706887871324,0.19014101432568115,0.17407785099356332,0.012560764103833307,0.00785474994873265
Illyrian deciduous forests,2257,2183.525326671652,763.3995650848038,6.064194198939054,4.038913558559148,0.5307754672643382,0.0,0.3431772896014019,0.3229387107197734,0.60283811892017,0.710109784406866,0.8768239679239508,0.8815659313917537,0.9292941332613502,0.9443437244176098,1.567435669920142,0.0,39.96249748078619,44.59513602598154,9562.589009928783,8286.45185602691,0.06236810751045952,0.0,0.01161765109852959,0.0045748977358531
Albany thickets,2251,1593.199648971344,1293.92815055161,11.075251155255772,10.224613409718646,1.749259524015642,1.8524221873638844,0.36051505702319475,0.3500064158336515,0.6459289374286806,0.94462724040136,0.7953971936331672,0.8100365628136592,0.9327774557725828,0.936983524570048,3.7525544202576633,3.0,43.57377928436645,46.90341530751196,4606.492227498748,4675.503096579318,0.16415829303219312,0.1599093621061515,0.021669312010047702,0.0155657102203043
Eastern Himalayan broadleaf forests,2212,1460.097080079378,1069.1008596803845,14.841971239106295,11.556913237374042,1.7056759990584602,1.8071687858690466,0.38377346673940066,0.376349168833215,0.62548788809968,0.9638971479579956,0.7868256462099096,0.7969556623935714,0.9355670695817373,0.9397800714123522,3.350361663652803,3.0,42.35513779328183,45.94567731673836,4888.7475149403335,4720.7564953575775,0.1811034072666933,0.1729836925414738,0.02423071311904329,0.0202341675699943
Kayah-Karen montane rain forests,2193,1623.5679375110014,1105.9257786259814,10.72912774459935,9.832903211640849,1.8289661263789974,1.9322979169580017,0.30045733265094143,0.2731355944234646,0.6764417032254224,0.936060747152486,0.8221883709923681,0.8308995033878869,0.950384294151984,0.954410906435054,3.9270405836753306,3.0,43.997409487683655,48.81319404510887,5532.931816659571,5364.484135329786,0.19639221531198,0.1849454272467015,0.03268110479698713,0.0205303252267937
Aegean and Western Turkey sclerophyllous and mixed forests,2181,1446.8777503040046,850.492946470603,6.142148524620839,4.466897768751416,1.133579867817202,1.4575287845199436,0.36773410362884523,0.3922153174336582,0.6485618042488432,0.7647571477847347,0.8598163677207834,0.8604661908955171,0.9256345446888928,0.9294918642111764,3.6685032139577594,3.0,42.54964528234054,48.30013982287421,9789.821628842006,9490.535860089734,0.11218562081057283,0.065220438451059,0.007755068263110181,0.0025473777358222
South China-Vietnam subtropical evergreen forests,2157,2041.994405309215,1044.7220541382,10.429240215306194,9.178784405711555,1.8224633276827635,1.9297957493745608,0.3042859246825528,0.2798984392093939,0.6346791193642451,0.9291444980427424,0.8031416642971769,0.8148137322241592,0.9430364889589196,0.9537007287856244,3.67362076958739,3.0,34.477910714985136,34.86500431098823,5040.9213997455045,4924.848668914825,0.17596356600361307,0.1705803195409559,0.019750426242634768,0.0103755093340641
Southern Great Lakes forests,2099,1485.157843243814,954.5704772314673,10.207903795025244,9.175074023679253,1.8883945272700748,1.964303596146963,0.2615879790254177,0.240514957294859,0.6926653675691331,0.9149957384814036,0.8318152523600025,0.8359732532716342,0.9530927396500349,0.9604312778981403,4.235826584087661,4.0,36.173241069806004,38.79819170734697,5151.949013635335,4909.227252507973,0.17645701843284026,0.1653831120805871,0.01617514414207283,0.0104706265122347
East African montane forests,2087,1267.674444330121,1007.4400865491136,14.185558585546756,11.105037840151825,1.7700414121028456,1.868646982224785,0.34618762746534565,0.3297222163212571,0.6459415143715901,0.8964326260372261,0.7888828716420505,0.8018047646877657,0.9525267156004593,0.9578728985224062,4.089123143267849,4.0,40.395810748976416,42.821881289400125,4550.702948630249,4401.017142559535,0.16424888008496588,0.1515631362618344,0.018445129654238446,0.013975469234783
Bahia coastal forests,2052,1662.7227547355778,1216.1421763774365,9.879438617004176,8.730189830501988,1.8517473918849765,1.945020937108999,0.2902158422965788,0.2624729100382719,0.6798419428404352,0.9285989672942097,0.8342512713617476,0.8419218655862496,0.9487676701045944,0.955787507587939,4.19785575048733,4.0,43.26203663657079,47.366827831864526,5865.461916915557,5804.524991060498,0.2020594388299118,0.19456622889166464,0.02498876030150179,0.019422510293687
California interior chaparral and woodlands,2029,2810.4514410125626,1376.234804349389,12.397134700337686,9.250862087065698,1.8079382113237612,1.8867700399434688,0.33083119585614246,0.3274637338904701,0.6618988776785504,0.8859288348723812,0.8203755904154468,0.8245154028377509,0.945346826713178,0.9520570208482996,3.5927021696252464,3.0,45.044882774463574,47.88139446916745,4975.570847813121,4606.18134437613,0.14843039839924244,0.1291257407813872,0.018717783542327403,0.0143611098886419
Azores temperate mixed forests,2006,1357.37747528098,942.6894832148422,9.175284464251911,8.370729492139144,1.9590024286527221,2.0337511890264004,0.20046258178398424,0.1612991008045432,0.6754028206129209,0.7874886727420172,0.9020844509899476,0.9085756491291579,0.9576200432472086,0.9688834361313374,3.7113659022931205,3.0,30.13086737550942,28.57918906180979,6817.190169123584,6944.6583828131115,0.2275131436736635,0.21886420228150505,0.005512391993766486,0.0028287729408701503
Eastern Guinean forests,1982,1252.3879887542494,998.8973504596415,11.341394775779756,9.579357691446235,1.8470218740990108,1.9710772185686087,0.2775395226375576,0.2326781621628928,0.5487861561177969,0.8451518757691692,0.8041464317343489,0.8165349512066384,0.962287218083309,0.970914005582581,4.528758829465187,4.0,33.86966660840976,36.55538828732865,5124.557450063372,5085.460789436031,0.20647118078542165,0.203919908704849,0.022557533068866164,0.0155124599258991
Sierra Madre Occidental pine-oak forests,1971,3356.2340188768344,1766.65962512139,12.036796111538536,11.302089324942408,1.7469720823712944,1.8063798614581956,0.36471443758262645,0.38251266633837266,0.729758651444031,0.9644642128925175,0.8156646947431113,0.816656916163134,0.9339046190261899,0.9370885906748369,3.684931506849315,3.0,40.15218221804941,41.640096046669214,5333.855628057572,4973.528948108928,0.18718373650730788,0.1765171433897482,0.012538290904894648,0.0058439410445801
Madagascar dry deciduous forests,1952,720.5942278336568,619.5804969857426,8.937971828461771,7.796328777539595,1.998250983325296,2.0753131502680118,0.12660016966110113,0.04227396904537975,0.7375155139386647,0.8546691259247913,0.9263595139158227,0.9597411161123182,0.9693057153819463,0.9807367370646882,6.351946721311475,5.0,21.819958333418878,18.721325461899873,6523.168830330539,6700.3066717612455,0.34920329326614646,0.37211681547619047,0.011534604580274586,0.00397701570522975
Eastern Canadian Forest-Boreal transition,1919,1416.9072424674832,822.6142156034382,9.628763415696227,9.33511220695154,1.9079014186150238,1.9987626343556484,0.23329894461412837,0.207292893164197,0.7744212075284814,0.942582904953655,0.848696973103268,0.8547746498746125,0.9500612270110532,0.9603281399702744,4.445023449713393,4.0,29.540566286030284,28.256107179266944,5504.8102455228545,5288.575011842113,0.20159097570350637,0.184859290806017,0.010785987629229051,0.0069003885847017
Queensland tropical rain forests,1895,1323.6295135695357,966.064090667894,14.453351330760244,9.291748082466828,1.834107819274023,1.9278533794922008,0.3065963981028065,0.283561222396937,0.5702145168487924,0.8616309731034284,0.8030455883640372,0.8127148287571855,0.9477667647982098,0.9551900601954436,4.090237467018469,4.0,42.964406444794214,46.62129030961965,4576.979884515886,4527.633430993763,0.17624396313822582,0.1672793699371985,0.018791635481276697,0.0150234711465395
Talamancan montane forests,1868,1266.7306734684444,925.9732096889012,9.269901360107621,7.915509136685484,1.8785762299063176,1.996070247627086,0.2550865946682861,0.20547275603395493,0.6393226965409419,0.8822093349223641,0.8288418365891567,0.8379244221163478,0.954574075112582,0.9623142346810326,4.0786937901498925,4.0,43.97336088563983,48.0596693381752,4985.877199974927,4680.834036788159,0.17866636723421567,0.1692669288505833,0.024056175177061098,0.017862349170153502
Mato Grosso tropical dry forests,1838,1033.2800392154734,763.4430756422219,9.065477947917321,8.024260149138875,1.9102804189039306,2.013994333810615,0.23263001504360933,0.1855263595266587,0.5504884805430637,0.8045695780972912,0.8321476010411709,0.8430465989997303,0.9620164954916076,0.9682553753330703,5.11860718171926,4.0,35.759506103285815,35.58264011549643,5234.996952465937,4908.061718689321,0.19299563415725343,0.18340372455855194,0.025985682864382388,0.020147199221774048
Valdivian temperate forests,1804,1614.2500984682379,963.8898391620144,9.73755768311426,8.701765334786216,1.80287423067292,1.9183866565987193,0.31008660236956065,0.2917542172553737,0.5296445119602058,0.8372604057238147,0.8157221609302658,0.8259250708707137,0.9467186954949158,0.955687813791249,3.1990022172949004,3.0,41.36607559601932,45.87645885415918,5265.417073088779,4460.933620901974,0.16144082809590546,0.14112753660041294,0.018125959749058163,0.01373805226827485
Cordillera Oriental montane forests,1767,1972.489522897293,1091.8632149234534,9.46249268209337,7.776079614880471,1.8468939534459234,1.9606973088013333,0.27505457203560035,0.2430402654199972,0.6374005020847064,0.8586400130382275,0.8345552691630688,0.847492127594619,0.9531716099491607,0.9640813772923424,4.038483305036785,3.0,40.22237950434981,43.53963358404491,5533.822535287434,5299.02797979864,0.19606448069165938,0.1817315171807359,0.018637378998351113,0.01268374220203685
Dry Chaco,1766,1449.6959456779532,781.1298651735827,11.839051793518019,9.55013860334797,1.8823771763533275,2.0031088311593153,0.24548778343169605,0.1975395652027822,0.635656532713426,0.8772559751999816,0.8640026369622354,0.8750514966084725,0.9541937588633793,0.9642683460056036,4.322763306908267,3.0,35.19808577860007,34.44805170326346,5645.871407656718,5627.880505872519,0.23621069059342337,0.19401832470992686,0.016737587453610734,0.0094409915483748
West Sudanian savanna,1758,1577.8713639114271,1052.259690332947,10.761009151917653,9.829268074471743,1.8144989419539364,1.939187538343071,0.29766462243397274,0.2690859589719729,0.6037360326985607,0.8692713135155568,0.8210256764413385,0.8332812517201365,0.9504976819985825,0.957481920085932,3.9448236632536973,3.5,35.445618078256146,35.4302630771105,5349.646312332804,5137.089757924076,0.18793076040724044,0.1752381952402255,0.01596696382080502,0.0103166563955783
Puget lowland forests,1739,1770.8456621123157,1243.2044094105051,9.48415431271251,8.997230846799056,1.855114912024053,1.947623587011451,0.2884163266543598,0.2649571130698511,0.6047347907897143,0.8737932561910987,0.8283851593075461,0.8346243906758314,0.9483234063929546,0.9563451932381096,3.788384128809661,3.0,38.29537495454905,39.05121434903685,4856.586020326372,4641.944718660671,0.1543577875272896,0.1420667109929078,0.018482772842737732,0.0147295454921157
Guinean forest-savanna,1734,1487.2612544125584,976.2948688046474,10.739918389294507,9.806932553704518,1.804666391777059,1.9050399176123134,0.32403610563978646,0.30719316322879126,0.5620867754557706,0.8690085018533792,0.8155179082397938,0.8294560350014109,0.9505337029376018,0.9555921539484193,3.7058823529411766,3.0,35.44346523735565,35.61809488229805,5462.941810934633,5244.278437538844,0.19515578221529192,0.17898137046357954,0.01745263277619745,0.01120639692736065
Central American pine-oak forests,1733,1113.6249016815627,848.1158681852828,8.533853192333693,7.995368442490713,1.9262682523998365,2.0235420150884327,0.22175962344470013,0.171304130023377,0.5410996170767459,0.7375733889495549,0.8477402865116013,0.8575830197520965,0.960434081069996,0.9674543666445696,4.27466820542412,4.0,41.85749994769945,44.79329769607492,5206.3361704468825,5030.908250264701,0.1805096951936292,0.1682624081759206,0.012622163698260538,0.0073114190782792
Petén-Veracruz moist forests,1726,1561.7410249657116,1123.8141568401481,10.372234918973314,9.116432502450113,1.872211073126869,1.9615691398519168,0.2763017406732773,0.2496956269068719,0.6948765407129627,0.9061718346431586,0.8232547004713392,0.8326026299974696,0.9523946389466121,0.9601832162781094,4.563151796060255,4.0,36.01664801306089,36.753492530902356,5411.074020625461,5114.497778280645,0.1955837987250626,0.17961143831387025,0.018298413756385974,0.012504126862127301
Victoria Basin forest-savanna,1713,1195.216338712037,909.6620033111725,10.821574510704416,9.911697816571095,1.8298381261661538,1.9432848648199064,0.29690502469938146,0.2661871472993057,0.6101886783200143,0.8748365435057808,0.8071019175194906,0.818460067095031,0.9503503275195633,0.955474812646814,4.2095738470519555,4.0,37.18042917806286,39.56431629016848,5156.402900472977,5015.744277817865,0.1720120721468873,0.1664760689522342,0.022294766291280826,0.0170624390198368
Peruvian Yungas,1687,1519.842682984211,1133.8922535471538,7.49400839963153,6.378286435190001,1.87354519400462,1.9876363062853328,0.2593702785705452,0.2186048770560047,0.5910325982246385,0.8399905140308188,0.845406684462911,0.8586352336717631,0.955248331941399,0.9653742418132232,3.8144635447540014,3.0,32.000202552565746,29.87085349522061,6400.287959216932,6023.177593220995,0.18217680480358397,0.1742731822465791,0.0229572333289971,0.0172437806681987
Northern Indochina subtropical forests,1625,1430.4017116487737,1087.1475463647273,10.481115970910853,9.503752232704226,1.8254137137874418,1.9438100849115645,0.29613908745909245,0.2648977075457923,0.6814235130543198,0.934292530766784,0.8249147156903465,0.8381378608257765,0.9532573235607524,0.958582882785715,3.9384615384615387,3.0,40.52596473792041,42.60666357288999,5688.782346383048,5148.262215251198,0.19081378562541362,0.1764534214673573,0.020109422609654436,0.0141071420666397
Trans-Mexican Volcanic Belt pine-oak forests,1621,1670.4862879802827,1208.109277807746,11.549171134337366,10.73276775674056,1.7957802958383058,1.882959706921414,0.3300142669803924,0.32011469353814515,0.7746613332457825,0.9728285962130142,0.8183900174529184,0.8243366604434023,0.9394370732975813,0.9460572468756846,3.9777914867365824,4.0,36.17142002583344,35.987437973943635,5145.837523364655,4772.1507330119075,0.1751018463492065,0.1574818823855243,0.013940529517273318,0.0094946499167245
Northern Acacia-Commiphora bushlands and thickets,1573,1161.3681580529806,952.4631238566859,12.79042099973441,10.06441612486811,1.8087205299913065,1.9077870397325576,0.3222179422606801,0.30023891520096446,0.6452673002994845,0.9024243551991424,0.8062685938330741,0.8244849337080662,0.9415935872455229,0.946362914991178,3.9942784488239034,3.0,41.97990168209929,44.53282321347748,4928.317433269341,4691.983788181315,0.17162313198673868,0.1603406909788867,0.016116582449230647,0.0125570729152135
Fynbos shrubland,1563,1365.7123946541951,1032.834618711205,12.040067330930603,9.622692604255851,1.8121447417840215,1.8983531648693608,0.3176122783883302,0.3161265028750655,0.6651519245268702,0.9226019195420044,0.8207911958067772,0.834473008825972,0.9437464882089412,0.951101131420654,3.5214331413947537,3.0,41.00262608417894,45.47453949391832,5123.549119196284,5004.079051033616,0.1714607326224678,0.1639216405493707,0.022343667091550567,0.0160462179061198
Arnhem Land tropical savanna,1552,1530.6592358821183,1086.0202858126836,8.565155745033843,7.419689087915296,1.9187304835457075,1.988922361570975,0.2495398919359502,0.2271945255500974,0.6291983760561618,0.8862500105569914,0.8490778470735166,0.8530667777608554,0.9549057856960083,0.959274639587117,4.153994845360825,4.0,35.05607736481428,34.19895944676612,5567.218163877926,5396.5591530146285,0.18935696524666507,0.17871980224233674,0.012317994377632554,0.0089925149337528
Northwest Iberian montane forests,1547,3604.1788063534405,1382.635208322716,11.939638023686335,9.630749875865682,1.612001674505646,1.913265869012601,0.28326276418059765,0.2663201951248509,0.7637639086345123,0.9489728662165268,0.8497979634505283,0.8577693223903355,0.9451620774954803,0.9559597633121396,3.40620957309185,3.0,38.87245351066352,40.17048610913774,6622.4739256320145,5529.923024552068,0.1733185706211591,0.1745321800595238,0.012304264288366874,0.0082607205879017
Isthmian-Pacific moist forests,1496,1934.833124895174,1214.4516140455698,10.88551348790587,9.550105230961128,1.6895523905981513,1.956337947831404,0.2632177112664208,0.223764295505227,0.7081673866927077,0.927022238775185,0.8306136250823275,0.8370625448062196,0.9528743372362652,0.9594850512222136,3.943850267379679,4.0,39.58450163479637,42.04285009732047,5197.863548025561,4957.692186942771,0.18501821968631604,0.19128453680149443,0.021097413352767366,0.0144992628184386
Tenasserim-South Thailand semi-evergreen rain forests,1420,1248.700932112955,897.7577036574266,10.829320057766873,9.132375650282444,1.816198342440597,1.9296880546185158,0.30888640315765753,0.28105321389205407,0.48965262440458523,0.8334732600347656,0.8130670406081599,0.8271604176053404,0.9537940523488827,0.9597067188703713,4.01830985915493,3.0,41.08893767933019,45.671386702774576,5328.725357524651,5090.621650675441,0.19466911218110916,0.18376196824939667,0.03350624652195838,0.02131197433524825
Sinaloan dry forests,1414,4372.042576119662,2625.132673903114,11.241603077610948,10.80369122864265,1.7606751077609102,1.8133442188688935,0.38449983589987347,0.3825921160512064,0.6575207971345236,0.8933763004817098,0.7864351531975641,0.7883863286881858,0.9318026923082072,0.9355378121428758,4.2227722772277225,4.0,42.26154515961672,43.199606703619736,4179.325383060164,3882.6441903727336,0.15027929301566842,0.1405332059830252,0.00902077183265517,0.006507130962564
Southern Andean Yungas,1412,1143.4017286778892,631.1841044044918,9.282918876049067,8.077035639217673,1.944511845534754,2.071436932003403,0.17400326478125094,0.0652079656269803,0.7122600180980474,0.8774677091048126,0.9008469595208244,0.9445378414609347,0.9572449497417569,0.9713117216955884,6.227337110481586,5.0,31.16517427736119,27.361641959778893,6226.793821499818,6666.965620519798,0.2997427626513109,0.3308624230942377,0.011681942121006953,0.004305644165802151
Limpopo lowveld,1387,1799.5342733772836,1177.6776655954675,10.73285993491951,9.158346269648636,1.823119062179447,1.9210342257021105,0.3092062246769907,0.2864178121349208,0.561702748298075,0.8623125026652394,0.8201988507092977,0.8311630144625912,0.9452917978642136,0.9510207550385044,4.226387887527037,4.0,43.11879266417468,47.69088262981935,5370.008370294701,5105.270763693133,0.180210187550659,0.1717284746961441,0.022858565461156152,0.0186488353570339
Zambezian flooded grasslands,1332,1826.3591547088097,1059.6927343636762,8.802308411066441,6.187043248722464,1.842330877246162,1.962716054623424,0.2683811864435567,0.2170333667200561,0.36055766892090757,0.5829510718130964,0.8556168215683113,0.8751052083194633,0.9601141664170639,0.9701025349185006,3.0915915915915915,3.0,28.11701366320406,24.113012982654716,6103.910910708382,6045.556590726981,0.1850524196417876,0.1742598293405314,0.02307032490351709,0.018088356405855252
Luang Prabang montane rain forests,1331,1168.1105612179997,961.1781125222212,13.494082173981603,13.411717868889923,1.7309387693574203,1.7914629410021408,0.3771084991607075,0.3835448948027361,0.7777146593094267,0.9842608477696149,0.8138448317159771,0.8230817876593828,0.9452663983362398,0.9486070009960874,3.9917355371900825,4.0,40.5076249288613,40.84238375224348,6013.084831814514,5653.024178784801,0.23215373539047854,0.2129871948393077,0.014700322504515388,0.0114446570402516
California montane chaparral and woodlands,1329,2749.0513682631254,1557.209591609788,7.008165934079778,6.378035946440269,1.7455574421428586,1.9082218015408552,0.33534243268717395,0.3123076107079591,0.35729042510133324,0.6679613201688243,0.8292700446211753,0.8480283215100333,0.9559962387392583,0.9648091969804932,2.8066215199398044,2.0,30.820864524958203,26.960549323484816,5674.644901280697,5378.942586031899,0.1874035975712238,0.1641821702103338,0.028545354827119406,0.019872299997619698
Qionglai-Minshan conifer forests,1310,1502.9025640209748,1133.7611182955586,11.717003073227223,10.922031680319854,1.7416420116006208,1.8390671212548995,0.36461567096338865,0.3614542534669162,0.7953790061818634,0.9786000109704889,0.7953397049165396,0.8094518663629631,0.9359192946453843,0.9407656514109815,3.698473282442748,3.0,38.25222553743897,39.10630930867521,5087.181368780936,4865.6750049074235,0.17633231237797023,0.1727896424199341,0.020364147608157333,0.0155332486007226
Southeast Australia temperate forests,1307,1236.8173701318024,892.4249488401757,9.506971088440398,8.838192824645324,1.7994059178537436,1.9119781878386488,0.3220480273330473,0.3080766671419745,0.4615825799335606,0.7323921244244985,0.8012443739441057,0.8114713374810391,0.9449661889701013,0.9512094960306896,3.56159143075746,3.0,39.21392515969026,40.95175294110227,4602.6866260075585,4280.590555815991,0.14933992417297698,0.133559053767465,0.017510648770191345,0.01060585290415
Araucaria moist forests,1273,1414.6881804528027,928.502197895956,9.201757643550852,7.909134933481843,1.934547078825046,2.018823754902015,0.2197453453526353,0.1831253070569802,0.6993024743085373,0.9060282298642216,0.85792711005975,0.8678510326499375,0.9542130130418304,0.9618992701553496,4.641005498821681,4.0,39.9789162941527,43.98820162919785,5954.804131032931,5664.582111148588,0.21371183789720002,0.2021516318633177,0.028611441282309236,0.0229578408900355
Xingu-Tocantins-Araguaia moist forests,1270,1217.8701830473603,999.6618733728632,9.434682342186546,8.713615475810947,1.894063982598207,2.0061068536378834,0.24453988587243794,0.1925496104931152,0.5139997781681439,0.7319435252800064,0.8091633066386208,0.817556582736781,0.9621662737752886,0.9713210261716771,4.625196850393701,4.0,35.40299064716805,34.75754137857086,4537.946284355719,4350.930079759171,0.1653301718637195,0.16131478280014067,0.017843337516877562,0.0110487922847593
Po Basin mixed forests,1265,1258.7878090273507,645.6070303111728,10.327601626658454,7.885214113527229,1.680943570496423,1.944281100154024,0.2597461293169382,0.233395786721877,0.4036963719858335,0.6240551721551746,0.8206673988767715,0.825587889964726,0.9621984850748947,0.9699429069199412,3.2458498023715414,3.0,31.25502553388388,29.399314997331906,4943.284046760393,4457.032322292035,0.1416441816574408,0.1274862819115815,0.016752554210386253,0.007252341652074799
Caspian Hyrcanian mixed forests,1246,5061.595072670386,1603.3112309182252,8.498466947017446,8.029814644622698,1.925963345320344,1.9893004161716492,0.2362264969052861,0.2187705619867175,0.7822245084892661,0.9565816500740948,0.857648302239354,0.8627913068132687,0.9490499347928392,0.9521895745714276,4.103697749196141,4.0,42.85629676337576,44.29731823416054,5558.898081021272,5591.2919176145915,0.1915771745951352,0.1926946326953107,0.012173746486069052,0.008960810500216649
Central Indochina dry forests,1222,1324.6388854150948,950.8369607109814,12.160807278125684,10.331707264465395,1.8320364069351762,1.936467665249614,0.2982331224378872,0.27436690726517404,0.5848824976498916,0.8906366939296817,0.8285120795791958,0.8445881727179949,0.949769739734402,0.9550512109618317,4.081833060556465,3.0,38.24449555328689,40.00312330689289,5526.565449621995,5256.611616829944,0.20440807150766843,0.18862702423222488,0.022159827107601743,0.01701183769192495
Bolivian Yungas,1218,2044.1306695991748,1215.8160975633175,8.973585137532238,8.221152071201574,1.8133940853357864,1.932852983786848,0.299986405321744,0.2690170163157699,0.5994505682603594,0.8825833185602173,0.8315744821734258,0.8457646112035493,0.9531512446888788,0.9601995639017032,4.316091954022989,3.0,36.907990558060874,39.13547661087198,5782.309761771045,5616.818817637599,0.20263585335893738,0.1908803076930441,0.01879255508393753,0.0102159966700959
Himalayan subtropical pine forests,1210,1391.0189672601086,985.8426654100911,13.126216277297559,11.642441310096125,1.754101246056259,1.8503197181510618,0.35514892139319465,0.3465969214533255,0.5799136563939916,0.9237955132642617,0.7943980061961741,0.8030412687545119,0.9418855287063316,0.9478849999659535,3.4239669421487604,3.0,41.4023223643927,44.5560319516828,4687.681928391368,4450.703119484298,0.17315653187713417,0.165788555894273,0.017249431647025987,0.01337745853209455
Balkan mixed forests,1191,4439.507625635927,1848.1636559929905,11.136619910141121,9.63130894457188,1.6050489098750436,1.8157659066898106,0.34658683646841254,0.3430708265066426,0.656324560027973,0.9356703791183284,0.8164630374665885,0.8172039743325583,0.940525993217852,0.9426392584337577,3.25,3.0,43.94926932695818,50.29633187305456,5101.274281687584,4806.45209309636,0.16066636731196557,0.1604162108349378,0.02017633856057531,0.016552992860326653
Mongolian-Manchurian grassland,1185,1440.2171353168526,950.0121202133251,9.373466106751978,8.979986728738485,1.8673073908461688,1.950314664818401,0.2767983797192708,0.2578516467044496,0.6556911572534615,0.93360361004012,0.8413854324752496,0.8568910736613825,0.9412204178430371,0.9477825018835538,3.790717299578059,3.0,38.990125653649095,40.31813294384053,6194.214059086557,5885.013012000973,0.1998236853511962,0.1872269377001067,0.01642366273293867,0.0114037338636162
New England-Acadian forests,1184,2520.720558617945,1515.6190742504132,11.726136715419935,9.375485308660119,1.819921157876432,1.9006040293855362,0.3151856868365819,0.3105217732730686,0.6545918517202531,0.9034815357792991,0.835267447306992,0.8398565374691658,0.9503427316299461,0.957983245896537,3.886824324324324,3.0,36.64348635214572,39.35140433660159,5314.189719923189,4970.112144508803,0.17543199995263137,0.15627014060847294,0.018021155665743513,0.01273979975725925
Northland temperate kauri forests,1183,1168.3594646507518,614.6902624870838,7.110428001789078,5.794620740450831,1.9759982875384356,2.0746500238164365,0.1568164226017402,0.050149542860848,0.4632723538824972,0.5820553363250272,0.9146406107928756,0.9453832317371192,0.9702462605489378,0.9824429956559679,5.102282333051564,4.0,23.346779005803167,19.53745144799632,6001.241179104863,6180.465276660402,0.286077626503165,0.2822527448479391,0.008113542955726895,0.0036379763199188
Magdalena Valley dry forests,1172,1421.867136228756,964.4987538737325,11.443385426436558,8.873186118816626,1.899674632114894,1.9886410986316694,0.25577451677725016,0.22119244411903743,0.6734181648245066,0.9249912027309553,0.838535219830814,0.8489929527861811,0.9443842668269034,0.9508579325670534,4.662969283276451,4.0,41.858124535341815,47.16167089260371,5603.40816474976,5678.584428814621,0.1995283742673415,0.1971312656203933,0.02258781850345551,0.01895952688674515
South Apennine mixed montane forests,1168,1449.1175038155259,942.2354776287184,12.130664817805965,11.820234898316484,1.824249557469412,1.9402778275641712,0.2781200607519374,0.25997608100852176,0.8346498255788567,0.9788617196029107,0.8310924512344329,0.8347652563641266,0.952275669586797,0.9565658059102776,3.7883461868037704,3.0,33.15597350827465,30.09249774493972,5546.56356620339,5456.945747358379,0.18334635890216933,0.1854947452502895,0.011433147084936217,0.00264669221831405
Peninsular Malaysian montane rain forests,1164,2176.8401221104587,1170.2541825475867,10.49865346533049,9.237103873968522,1.7735442978532165,1.853388315866673,0.34484464429095796,0.34208266064665926,0.5863529390325715,0.9034102040178253,0.8099046314765176,0.8255856575366076,0.9528260800972276,0.958388481324635,4.1812714776632305,4.0,43.392947387778555,47.41135089223735,5278.904156619615,5259.31064524621,0.1906899323970929,0.1858775194211963,0.027641327680815276,0.02242649019393395
Chao Phraya freshwater swamp forests,1156,1021.8876011456867,761.3337140845681,10.31184044368303,8.891263016570289,1.9371061199852981,2.0229036649775933,0.21559303120481937,0.16965158402611552,0.554859180013365,0.8031147013625342,0.8528796979088641,0.8672715829582549,0.9588152771340801,0.9675975722810661,4.250865051903114,4.0,37.90220741129892,40.15922285262049,5535.003269949868,5572.672146448579,0.18373596629048922,0.17470694917083623,0.027277531815190752,0.0202617822054472
Iceland boreal birch forests and alpine tundra,1149,2613.506108947722,1104.5670686535034,8.663141959525804,8.179384256756569,1.8599479525272078,1.9433532405631364,0.28762818610165003,0.2783715150704025,0.19810319591822287,0.250014028389518,0.8254412991025774,0.8243223575984031,0.9539269445910498,0.9634326888879257,2.8554006968641117,2.0,31.08929446990998,30.64959663620126,4492.24239731079,4303.273815989317,0.14026252053592028,0.1249757715586234,0.022325643632440027,0.0143596879369439
Appalachian-Blue Ridge forests,1142,1428.9396856320566,1072.7205380657354,9.33741106360694,7.155229222285804,1.8771782481333208,1.9686208939581968,0.2662935033026175,0.24400519721955743,0.6189645825826534,0.8849689343545406,0.8733318421024437,0.8831361724316402,0.959652523841825,0.9671409065686591,3.723292469352014,3.0,29.051714346706518,26.20537741738933,8052.221391993787,7107.368596975928,0.21643271045072462,0.198074514080094,0.013774843217078859,0.009887543038453201
Western shortgrass prairie,1124,1589.1379699574284,994.7205911194648,9.870820840272298,8.428494916758348,1.8582718153874775,1.967557084656318,0.2754508301235156,0.2370261463879837,0.5798117299365589,0.828092992325249,0.8280627726312337,0.836371942694092,0.956236331947074,0.9661736909438461,3.6601423487544484,3.0,36.78242561643473,38.36142268135711,5006.727435357301,4767.828620683099,0.16314396386322905,0.14893603473445435,0.017384507194227156,0.01195221187978195
Solomon Islands rain forests,1113,1538.593430070055,1110.1458062513548,10.089874498302594,9.257338051195902,1.8143254817055237,1.9233474446785144,0.3151206288434035,0.292057286601574,0.6230557085110523,0.8921693728755983,0.8204665679903553,0.8316303927330094,0.9541268113395772,0.9582458194287774,4.236298292902067,4.0,44.93972555006296,49.33022265246832,5458.118783537621,5443.402616354702,0.20275724526401034,0.1975217418299534,0.030445137686387184,0.0250413007021216
Malabar Coast moist forests,1054,1188.5564179647754,824.1668882856609,15.12408676368772,9.273847057441277,1.8484184740539369,1.9530439657179612,0.288131277351288,0.25853194861558093,0.547391227310864,0.8461631076083019,0.8233301319058824,0.8393147153280528,0.9534468505636982,0.9605122762228129,4.667931688804554,4.0,38.90742159185654,40.67921125730085,5263.468848151288,5233.754311242386,0.20088639853825396,0.18752805377872672,0.02437314385328135,0.013499172129470601
Western Great Lakes forests,1053,3088.7174783234323,1698.023165357105,9.43063431604906,8.181395188135053,1.842530523734176,1.9381205077292818,0.2971482187098633,0.2758252036078255,0.6460927697654651,0.8873178988944495,0.8255902859947907,0.83416479736659,0.9500529716242452,0.9597291193689114,3.4871794871794872,3.0,38.61714606226672,40.39390878335708,4995.202124639361,4881.661194643366,0.1590239611971289,0.1553473721742375,0.019574137208173185,0.01352577636607075
Southeast Tibet shrublands and meadows,1051,1319.0182242531985,983.7577250106904,12.322302940508328,11.618488135352916,1.7831869015546071,1.8734873972628303,0.34512009038024755,0.3376221579223575,0.7359293369763082,0.9570985729367716,0.7955001307130485,0.8054581134748814,0.9347624329757571,0.9412555060852388,3.555661274976213,3.0,39.049396079366716,42.15622908528567,4686.19318869973,4574.644395413785,0.16104090235304605,0.1546415290273855,0.018485073191086557,0.0146033748424374
Gulf of St. Lawrence lowland forests,1051,2877.639810948013,2432.1018997948177,7.584673882584315,6.553085474369961,1.8420325522329357,1.9156753997363196,0.30776736242527847,0.30070608073595334,0.7025610209350074,0.9204582734469478,0.8575926731714947,0.8610293069673249,0.9577240817645589,0.9625407291597092,3.6384395813510944,3.0,44.157043411122814,47.80302824426257,7546.622853568699,6157.4294014030975,0.1619368251964921,0.155064486446466,0.018699947303029162,0.015422063834815
Amazon-Orinoco-Southern Caribbean mangroves,1048,1245.1810098748947,670.6541492632048,10.07507467785106,7.820633911849615,1.8489336653170318,2.0408550166059003,0.19746489048058455,0.1305004093327875,0.6875717848811355,0.8770015516221823,0.8466283171754185,0.8629133662126764,0.9644765608387192,0.9723565022850558,4.483778625954199,4.0,32.08427465709662,27.984985454907367,5680.174521240289,5716.706840903299,0.21408209186262062,0.21145457115728233,0.02980478243209857,0.0215584325016953
Indochina mangroves,1037,1196.3710964855456,819.3189035747536,11.321289135920349,9.24570552489678,1.8964225213983497,1.9704490464470057,0.26100555405430154,0.2351066677649191,0.4832955409102121,0.7715376864077194,0.8261147289084579,0.8343387958106162,0.9605180797680198,0.9674369354670276,3.621022179363549,3.0,32.04432461121669,29.627338057243264,4619.890385959038,4559.927940241769,0.1482112769921966,0.1376310489119117,0.025831298986933975,0.0192827568535239
Central Mexican matorral,1031,1387.3340391512204,1093.55079134057,12.258436441530835,11.252004320442646,1.8332469673291796,1.8818532869233024,0.31341964465255207,0.31780507173238925,0.7881514095185832,0.9682108516757328,0.8334280493964475,0.8337613337509806,0.9367746813373606,0.9441478372479548,3.9990300678952475,4.0,34.291108685530354,34.81232204132198,5557.97119236464,5284.462659292557,0.18975828743606846,0.1775726843955404,0.01109997918357052,0.0073330184180109
Central American dry forests,1020,1230.6666198657383,776.9474982100344,8.950275546035522,8.34382695237137,1.9328848283741467,2.0165413745207763,0.22467901976735044,0.18418188022413934,0.5347708904948283,0.7333011235441136,0.8424717483243218,0.8458959489549007,0.9611602659931057,0.9678953908872774,4.106862745098039,4.0,40.5414943896679,43.077597883381586,5095.5968847059075,4923.296290131089,0.17411528329640563,0.1651728472333695,0.021155560622640242,0.0145949991232367
Uruguayan savanna,1019,1259.467122968957,903.239582296152,11.052751631973406,10.577736644068484,1.879686456835587,1.9598668597125752,0.27405757742294135,0.2533037170331216,0.715464066104678,0.9191503604001168,0.8129775760878639,0.8195408393165545,0.9488455287445074,0.9539661363260332,4.283611383709519,4.0,41.62118048531287,43.72339080339045,4715.235384875577,4434.082138702186,0.17932342005800367,0.1675488075579169,0.026824654664690504,0.0202618162753539
Central US forest-grasslands transition,1017,3369.5530913086186,1529.9911658336268,11.37282615879223,9.455282451094469,1.8953350611809838,1.9784354022119413,0.2585863021608613,0.2328089700294491,0.6933161982595811,0.9395900074295143,0.8567995179354393,0.8683612557629747,0.9506677358101498,0.9608991755950536,3.928220255653884,3.0,40.91650618907405,47.45027406744177,5623.359918896107,5380.647026478434,0.19412643543064467,0.1803443619625372,0.01798197331258204,0.0130738822193506
Great Basin shrub steppe,997,2216.405938641224,1449.9651757915344,11.533184044004406,10.026063899226946,1.796798136716779,1.8792228191736178,0.32902052850155894,0.32425852222112794,0.7105057484388984,0.9517505426984504,0.8390542764635195,0.8423254022171738,0.9377164210401853,0.9446058075884272,3.5366098294884654,3.0,42.35684280622033,46.27972451672088,5943.991540051902,5476.721186792879,0.2127607018139124,0.1906750997867441,0.01603601287012083,0.0126057734980362
Colorado Rockies forests,994,1717.4035781377447,1166.238706019088,8.545701067832116,7.8923214190858815,1.9077058836628564,2.0034393228308067,0.2388413659782563,0.197766908509485,0.6199351504906196,0.8482613545372284,0.8447830149310632,0.8522164610723899,0.9579580498762433,0.9663826170408232,3.2484909456740443,3.0,39.54370352190298,42.10953665455785,5095.30578551725,4964.666931367476,0.1584977333891279,0.1500135520425138,0.017738246336842192,0.01242313050901755
Madagascar spiny thickets,988,795.8891710296084,616.1842779422024,7.8960505798911,5.850672246248163,2.0085097997425647,2.07559338838568,0.10938205667267621,0.0321965953324817,0.7239783653679097,0.8099789542116851,0.9379246152190182,0.9743226549395521,0.9671492883267677,0.9823363597873831,5.9382591093117405,5.0,20.711078798061614,17.277029198770773,6574.658527286299,6900.366992695375,0.36111007058016054,0.3924038365346138,0.005528889248363038,0.0023818956384090498
Caatinga,977,1347.9261385964114,938.8921294581326,9.649937147958706,9.1271097320745,1.8720900287541895,1.9677390533674453,0.27278689337784395,0.2473818073010172,0.5954403071393789,0.88321731328215,0.8280586808314164,0.8349063528414149,0.9423252975624603,0.9481535354953214,4.175025588536336,4.0,37.15715208462498,37.002478746493495,5353.055144979233,4995.98893451788,0.182368261888922,0.1734099870827384,0.023289334897327253,0.0172196955924526
Willamette Valley oak savanna,971,1164.038289493545,901.0372724018687,8.724740766055788,7.670937294636905,1.9051983787839148,1.9682937497117228,0.24573772942845953,0.2193095737183742,0.577876454739147,0.8378034598935981,0.8632709255182459,0.8654795820751391,0.9645505317239692,0.972333822813479,3.849639546858908,3.0,44.35944349063429,51.26010967420355,6631.802343340608,5569.438376844815,0.199005156193311,0.1789064416707556,0.02622764657358749,0.0222254328114739
Uatumã-Trombetas moist forests,963,1268.9968860441656,986.7077444707538,9.719094559158957,9.02956213912474,1.928228769360646,2.020251427888536,0.22748723990378578,0.1822567862683973,0.6974936713998385,0.9296219349235598,0.8133970818140045,0.8223259863247073,0.9668836416085836,0.9747561669543936,4.601246105919003,4.0,37.41572738747889,42.1112040458781,5587.148271870293,5611.850355629623,0.22485738131745076,0.2257946867321867,0.03443572456137702,0.027031550262499
South Western Ghats montane rain forests,963,1526.8089613400857,1118.8774912275712,11.516472184490834,9.760702627525331,1.7873235461332877,1.898827991785709,0.32674257762340353,0.3034503535565431,0.5118606460008189,0.8444404327100737,0.8027651620852017,0.8177491261214116,0.9511659398698202,0.9561130046660662,4.0446521287642785,4.0,41.4097711285136,45.82452973510096,4974.728861321342,4676.237160854491,0.1813621653033248,0.1662471083473046,0.02418823293085851,0.0190762442557264
Jian Nan subtropical evergreen forests,960,1469.3856754871124,936.0259768274692,9.745578795512632,8.47984862716198,1.7965464412008338,1.939430113804957,0.3049470483372306,0.2702999081913697,0.645240900657406,0.902963433719007,0.8247277967017134,0.8364068356713137,0.9535492348781596,0.9622287555431864,4.301041666666666,4.0,36.884760247634375,37.78790593996892,5607.337214419319,5216.529029119852,0.1912613774314577,0.1829720650908406,0.01592255664882753,0.0083570768972639
Interior Plateau US Hardwood Forests,936,1562.214898824262,1028.1013656190628,10.656956261552107,9.161702852095218,1.8663038453583167,1.9320441595821491,0.27867009262789033,0.24421775326323053,0.824955730129733,0.9637180396159094,0.8402685406075726,0.8468071527593659,0.9595772175612767,0.9659890415871508,4.263888888888889,4.0,31.415918095792378,29.643313625630483,5726.072169526649,5382.1948246785105,0.21210223968720932,0.2052044229922922,0.018571494316495137,0.01506511764342075
Southwest Australia woodlands,924,799.4329114459092,624.4616416933086,7.976578681931744,6.5337595602118315,1.9854136399473465,2.075367347467835,0.14201947554112565,0.0436774010784337,0.5788479585111258,0.7080893177521086,0.9127266771894399,0.9380541375514746,0.9686786637518046,0.9804857250959003,5.0227272727272725,4.0,22.60317970123929,18.36564617111977,6043.179448970232,6208.020759665745,0.2739970718627574,0.2707110187825129,0.0071999131785975895,0.0032697910778561497
Cyprus Mediterranean forests,922,1159.5555000548827,764.7672296487798,10.069123395210111,9.406913392796204,1.8737306490493453,1.9824620268093731,0.2563185936405236,0.2164411748449003,0.6385630803955922,0.918140286091292,0.8538211075318562,0.8556406095647727,0.9501096479412607,0.9607954682951452,3.9522776572668112,3.0,31.41014579951655,30.376258069565647,6080.68634024691,5689.878823657736,0.20068371385111872,0.18349992927677644,0.01122059733390013,0.0059041412212342
Upper Gangetic Plains moist deciduous forests,912,1289.2045750861166,931.4769606957892,12.015829575341987,11.443903045034315,1.8180255432103622,1.9086496322542417,0.32332568822016944,0.3006416288472763,0.5708608082503788,0.8593483949301473,0.7877872068531266,0.7953913751905742,0.9410442503166032,0.9490701804251123,3.928728070175439,4.0,41.62714871160898,45.88719083155601,4214.730470240392,4030.2741931172895,0.14637704809513885,0.14068519431156157,0.018057719277445754,0.01460862338059355
Mediterranean woodlands and forests,910,2103.1290737881354,1087.0569575864538,18.263039062240626,9.038868242164927,1.7644054466109702,1.957779043595849,0.3048754832545797,0.2578782709396686,0.571871671705277,0.8163738134346341,0.8194349456992241,0.8482141779467798,0.9555693041683815,0.9617691513341884,3.532967032967033,3.0,37.388025005254306,39.34739566841208,4890.999553300523,4701.659689630872,0.15725381990583806,0.14577187023298138,0.011610062869475971,0.008076326036988601
Dry miombo woodlands,908,1679.5566019527746,1111.393517667205,13.916090083526031,10.162857724469273,1.7742919456626423,1.8854942287288494,0.3336324363214726,0.3145953440784156,0.5945377803493633,0.8981672914393448,0.8019462026776001,0.8120062402641579,0.9536565508182189,0.9578091697240916,3.552863436123348,3.0,39.022494762807966,43.30327863970818,4733.009060326096,4533.16023937485,0.17125722133980448,0.16430174650397822,0.025705096214935084,0.0203737968666644
Huang He Plain mixed forests,892,1559.5920442469258,1106.4793322813125,9.411526705205082,8.661423295751218,1.864723110971983,1.9722762917082277,0.2739590977620316,0.2375082167485243,0.6642781416412074,0.91251799044575,0.8218136574338949,0.8275467295219626,0.9578463432740297,0.9647008614732484,3.408071748878924,3.0,36.33344894683419,36.98944210956218,5389.980738456046,5053.644820684641,0.17700104861290775,0.15751687690101876,0.014899348937006755,0.0093748695246958
Arabian-Persian Gulf coastal plain desert,888,1071.2995631372055,652.902706217089,10.892254047613754,10.80901307172436,1.8790396743200917,1.9365589343526919,0.2795331132635294,0.2738583696362348,0.5272615398711445,0.7199154870332383,0.7954355931499545,0.8039462944089171,0.9623187867754674,0.9694616760832497,3.2083333333333335,3.0,30.45725114309088,30.222513980220235,3820.7885459083645,3702.0524918550645,0.11267854278063169,0.1063034975498224,0.011294411610151163,0.0070656459652958005
Southern Annamites montane rain forests,876,1233.937455251011,1064.7047338358516,12.283910402782883,10.434869007508041,1.8301902998592783,1.9366489329511936,0.3028767309279258,0.277321618494419,0.652857826971728,0.9512506610637059,0.8282691566490994,0.8380106678630144,0.9538274689873406,0.9588723156778542,4.117579908675799,4.0,41.4402459209249,42.120068223637574,5617.731458510844,5326.078164743683,0.21126255074917802,0.19899917017088425,0.024881738506900838,0.0185097009048312
Caucasus mixed forests,875,1892.5917416716468,1086.524600398382,10.199394022910372,8.23787759730427,1.8378559336146079,1.9579562624721063,0.25905691783671003,0.2376931883057148,0.6904964532882512,0.9150422579556436,0.8694861806012872,0.8775333495545486,0.9566116976741238,0.966521581413998,3.334857142857143,3.0,37.969618281889694,39.236931150319336,6705.5398838468645,6014.52034066763,0.18588424758301536,0.1746028399892067,0.015994798114905593,0.0100355457099934
Western Gulf coastal grasslands,870,1638.2002888461104,998.0263009787516,10.299573426730737,8.677086910963688,1.874878198654871,1.95323344828422,0.2805118353722918,0.2602285444690702,0.6075099407288418,0.8234451175025181,0.8297958555332553,0.8358959323971686,0.9497164963971004,0.957618158362867,3.962068965517241,3.5,43.776725719313504,47.91910789253899,4907.784951464849,4666.453627232058,0.17034046286244772,0.15017145257126363,0.02059237263686393,0.01539105930657215
Pontic steppe,869,1561.5012324345646,699.0001595680977,7.864590685844431,7.70428960256255,1.8955574279713343,1.9943063553267504,0.2505711249103831,0.2162639305007034,0.4420725173663079,0.6397235130996626,0.8504946321715335,0.8649606112858463,0.9626905299803243,0.9689302150650746,3.334867663981588,3.0,43.01991736391856,44.88755213085065,5813.15935134671,5269.515638686637,0.1582165297928829,0.1532365167970858,0.01577656438995362,0.0100916849198877
Madeira-Tapajós moist forests,866,1241.7469289631078,966.0069762696221,8.964864286948847,8.450224674545286,1.9035097754172918,2.0069811675651525,0.24498964864950434,0.2021646785995111,0.6073720952512218,0.8671577333419835,0.8299723998700338,0.8405220525579189,0.9579504996250661,0.9629656470871386,4.693995381062356,4.0,34.94456129504743,32.71446952961446,5650.957260345037,5486.785735455971,0.20469497172822884,0.2020573213387322,0.02876503665261954,0.0227728968594434
Arizona Mountains forests,861,2414.470229695309,1214.480312399104,10.311662958972606,9.932916178315423,1.7937423207700516,1.892341784177555,0.32114410374375546,0.31697338120711294,0.6625381109809799,0.9273913761449959,0.8234485629486379,0.8309716168690924,0.9446206106271469,0.9504246963618537,3.3089430894308944,3.0,40.31871310746907,43.08776069241824,5417.785654848975,5264.066450859674,0.17809348248196316,0.1711027355997578,0.02566701923356262,0.00950147925382085
Chilean Matorral,854,2458.3560319985295,716.4214147657493,8.82686756588825,8.006573526790861,1.867279890165431,1.941359811629947,0.27802006227723336,0.2675524466138109,0.525543593587265,0.7896764304778512,0.8256840106978866,0.826966028122618,0.9508270366324652,0.9588657199595676,3.7447306791569086,3.0,42.55837406652439,45.840175391172,6119.026616703371,5163.820085081782,0.1648489231718301,0.13787551471090756,0.019605028657350174,0.014663865157961
Madagascar humid forests,851,1233.3992770732514,628.5697604203983,10.726425381837911,8.757736349753037,1.8966063308389909,2.049971789418833,0.21824504808753545,0.1255743309452777,0.6914620787994604,0.8694126592719653,0.8710881421683638,0.8979421743365839,0.961555719290737,0.9738819018728169,4.657647058823529,4.0,29.48716717777501,27.553317920831123,5964.784443455936,6010.403481209071,0.2676335815958553,0.2543665903861544,0.018742466447818754,0.0110355984708052
Daurian forest steppe,847,1454.8313269809007,961.1348919257092,10.664387345187022,10.089218020966392,1.8392228668413504,1.919741342559764,0.29731589902672284,0.2910370654348921,0.6864478801585276,0.9351781168036424,0.834872022379614,0.843100532012254,0.9379707442493752,0.943441902606979,3.9421487603305785,3.0,37.01679863159277,37.59904392796066,5795.346486543159,5437.910588821926,0.1873703068754057,0.1736292565745111,0.014161499613165943,0.0104508746867601
Northern Andean páramo,846,1305.8506613863865,840.1072032441293,9.205528489255256,7.302018985277419,1.848968109145456,1.9789398885562015,0.27581004296326495,0.23507462714424165,0.5060707073479892,0.7647599151043497,0.8430289989449741,0.8573653441360904,0.9480563038729608,0.9576032078915004,3.117021276595745,3.0,35.74826622609365,36.74640759665253,5607.597960461653,5436.442873294187,0.18241908424497175,0.16794662001503385,0.019739193674150852,0.0097956474048287
Central bushveld,843,1684.0562896076356,1241.5226595724275,13.98180252983455,10.596575156013614,1.7236483062976788,1.8466600842083647,0.3726156064063135,0.3464261292787898,0.5478910673843046,0.8860736336679649,0.8029782699772428,0.8151962820529288,0.938698341105014,0.9438989190979404,4.192170818505338,3.0,45.31418538557375,48.798896004469,5090.369131084295,4654.562037320024,0.17725082736765524,0.1548753357958361,0.0231878435545253,0.0190184160621597
Central Range Papuan montane rain forests,843,1242.3952548865643,838.2473240270781,8.580734441991323,7.5308204054108785,1.877872226512129,1.990079291501227,0.25818149896128184,0.2194524353001595,0.4667988695106941,0.7124521073204216,0.8302999638773629,0.8419588968297261,0.9578052092837878,0.9638171212083518,4.084223013048636,3.0,33.569637385908095,34.15819550368214,5048.3686633551715,4912.645483352393,0.15648141829496845,0.1519266614506627,0.025538859081547686,0.018173382463884
Eastern Mediterranean conifer-broadleaf forests,841,1477.7358813499725,935.4524504738034,9.192853184931783,8.656808542250943,1.8520979301548823,1.9866277099937812,0.24910978041815757,0.2120285304312175,0.6131274325927389,0.8670843555972574,0.8445596599364326,0.8498372860729332,0.9479813541763387,0.956649361932356,3.485136741973841,3.0,37.17358332987387,38.68027320224106,5377.022640621739,5195.335202685195,0.1581315200474806,0.1541885215998263,0.014503004068461021,0.0091775055720753
Cauca Valley dry forests,827,985.297981755305,627.256342999751,9.45966862982118,7.165503628466308,1.9797200314837282,2.056319258876859,0.1732226464452327,0.1127691195372753,0.6062984245709702,0.8252824622165653,0.8552688327884708,0.8582493394294638,0.9638041998990453,0.9702022332907084,4.725513905683192,4.0,41.875170831492085,45.748612792561474,5330.980265004808,5382.059467921496,0.18594975923636578,0.184464069485842,0.028731399883177047,0.0219483664355947
Southeast Indochina dry evergreen forests,809,1430.568146806791,1172.3344115301406,11.494422024738158,9.603624493603094,1.8375961162771914,1.935723952310105,0.30171043802098974,0.2754336098015983,0.425990988734935,0.7508144799880831,0.820503098030811,0.8352435480155334,0.9547226059468618,0.9608968578698034,4.368355995055624,4.0,40.53712131072183,41.8789323524932,5460.615885116841,5121.898442187067,0.20096919864354737,0.1823081264829815,0.02904388580025543,0.0206284201582602
Canary Islands dry woodlands and forests,807,1955.8859530432424,968.3675292983114,14.917155196104886,9.38198731595671,1.8418346875225615,1.931999839167906,0.279778984271578,0.279706673621215,0.7002060481641365,0.9203925831675785,0.8414347701261244,0.8409120464199787,0.9476837518289907,0.9559226695657552,3.7543424317617866,3.0,35.12476557808095,34.94686798411249,5514.526741530527,5122.111232361982,0.1777532353709331,0.1589602756675874,0.013139550787618802,0.0071011634227212
Great Lakes Basin desert steppe,806,977.9172417798127,628.8084957085173,8.385278414608747,8.212343062967221,1.939835274812784,2.0374923481082323,0.2080480386029861,0.1480620750804798,0.6290676755796903,0.7913248527072447,0.8539197715886713,0.8561679134895896,0.9495179295596153,0.9614535722270525,3.661290322580645,3.0,27.92427112343135,27.451315921152286,5203.345317327121,5018.69036083072,0.16053223342711578,0.15370319361298201,0.0065329084349498205,0.004512037586285
Central Tallgrass prairie,804,2210.933952719121,1608.7937340244953,12.299196963583599,9.184102153588764,1.8824104641227002,1.946826251387037,0.281884187060583,0.2706103461816156,0.8383730788324919,0.9661646602649356,0.8544083356113846,0.8610510798755933,0.9537513739293639,0.9589155657586343,4.298507462686567,4.0,44.86698638769971,49.34904827968453,6025.143327130898,6210.816143740387,0.21603887694227109,0.2170923663761049,0.024689954594685645,0.0219610596474703
Central American Atlantic moist forests,804,1030.1397259865157,714.3060136295935,9.037538676393646,8.18415829467179,1.9827997285808114,2.0582887255342044,0.16903334864926112,0.10720550516687916,0.664805509031672,0.8312752554921856,0.8511845658856937,0.8562186503522278,0.9673045760044926,0.9755343088997144,4.8221393034825875,4.0,44.885483601666266,50.68853368234454,5485.932402006977,5339.5333108464465,0.20818925371773225,0.19893110628013,0.02208242846757048,0.01409334209652105
Humid Pampas,802,1620.0626472273857,938.0586082792262,10.0055618952661,9.153648434081328,1.912332990127014,1.9971958989208112,0.23964995759560004,0.2040548177585752,0.6871928424567074,0.8962402639435469,0.8388327131261956,0.8473740230022461,0.9553401222108575,0.9635887283657985,4.139650872817955,4.0,31.8924815729916,29.380051974516057,5031.613721983709,4993.7024429694275,0.16752077827715248,0.16417907116801955,0.009783038780997448,0.0052630335132247
Murray-Darling woodlands and mallee,793,1558.9544747462276,1153.6658537572555,10.65436285280183,10.259866847059786,1.667676701050568,1.7665223419602762,0.40571230198683317,0.4125530410183875,0.6634736974881538,0.9089712651117682,0.7860272621612636,0.7986309633471914,0.9237596565186017,0.9274405936472504,3.351828499369483,3.0,44.055301582617986,46.885264966083184,5487.870739317661,4899.891365052994,0.17785980371642926,0.1584480129223217,0.016047900851343565,0.0127446408603802
Central American montane forests,782,1872.1955113290223,1018.8766501752284,7.960230410504525,7.059202322030299,1.9038116202534388,2.014691577863618,0.23537838783246004,0.1846945877158514,0.5585634650964239,0.7994567824170706,0.8464223787229553,0.8572464013348655,0.9556935118375183,0.9636798494017482,3.911764705882353,3.0,41.18072412846965,42.788531616979725,5271.338747247873,5124.671157441053,0.18429622463842688,0.17811553886157994,0.012139152381775037,0.0064023487080408
Northern Shortgrass prairie,776,2090.0497633147647,1272.3261200872478,10.210775818763452,8.736694566102706,1.8500926921951157,1.9335251859886062,0.28891940050065434,0.27521772545946244,0.599563446350378,0.8034954441412696,0.8521196827068346,0.8546400495666158,0.9539588781515326,0.9647388515386361,3.61340206185567,3.0,36.402808665170284,36.626079752917086,5706.224397128118,5552.334286631975,0.183860367005935,0.17763277874314198,0.010221528507218828,0.006275093790922649
Bahia interior forests,772,1774.205628420352,1397.3571529453152,9.2261259299412,8.826667327764731,1.8355948851645691,1.922327017955567,0.3094489764869682,0.29464145567198385,0.6637774645012553,0.9374895548820508,0.8285905361935821,0.8389413451756391,0.9392114461482663,0.9458467711318832,3.865284974093264,3.0,42.252790809392245,45.26086483486077,5509.399438443179,5254.457055076445,0.18436918853933223,0.17586850206400315,0.01887184940825155,0.0136021701312091
Sierra Nevada forests,767,1858.4176409973115,1411.2489746601043,11.033556080798126,10.683221081477496,1.7772765055022852,1.865820969328244,0.3355365996462459,0.3345906231570668,0.6962306831096077,0.9516460648914704,0.8373748055814063,0.8451261595583156,0.9404394993313349,0.9460149646410272,3.409387222946545,3.0,42.4695552263816,47.88821112281067,6144.814412600289,5896.785924986332,0.2036874244861022,0.1773709918312606,0.022624289559923988,0.0180787802950999
Atlantic coastal pine barrens,764,1456.974749352967,1010.3783401194788,9.704769346295205,6.625954528253839,1.9310599820991363,2.027310272385268,0.20965316337691514,0.1699147048097573,0.45160796557179633,0.6557810141105441,0.8463454474728611,0.8508017927842378,0.96994968820243,0.9777677692739082,4.206806282722513,3.0,29.659348080086843,26.81520753053506,5582.1721179434335,5266.045412641282,0.1845900286231135,0.16976917256596086,0.022715008898461723,0.0159445347108593
Arabian sand desert,757,835.3305778021851,492.7386800394439,10.602941532672524,10.418372678308062,1.8812190033666092,1.9371437128950897,0.276261399533836,0.2657607356705977,0.362555625305485,0.5452811342615654,0.782198982665217,0.7737459821209728,0.9686922590462861,0.9760689936846608,2.895640686922061,2.0,23.600385960232796,22.09761813574684,3652.050855893072,3219.082332674496,0.10187649946987849,0.0786987994350282,0.011072703148033894,0.0063431148201978
Pindus Mountains mixed forests,756,2645.20870130795,1163.107313942005,4.296054762189709,3.24766132783599,0.5311895152831686,0.0,0.2636832094224556,0.223588568917705,0.7932023846726195,0.9293834643038872,0.8694603370294073,0.8792581721518034,0.9463521877729619,0.9682609271135763,1.427055702917772,0.0,37.15692573189832,38.44408646041421,10454.472513688217,8140.0659455955665,0.06167992057872163,0.0,0.015609559937214648,0.006318068241314249
Western Himalayan broadleaf forests,753,1787.7876838890218,1220.143578930395,11.480291989294022,10.21833640495936,1.7571789899985986,1.8417065124521623,0.3558172181639428,0.3513884015980624,0.7274851429986419,0.9658298201597172,0.7834668573131206,0.7923654150197169,0.9258576821491576,0.9322134981910888,3.5830013280212483,3.0,44.95869225298811,47.38696079687988,4862.210036995215,4743.04569642221,0.16416606241861637,0.1594309646788163,0.015028863537856143,0.0122688938835598
Atlantic Coast restingas,751,666.3040244829266,613.9569311777088,7.561361035801773,5.877713058239894,2.0474537266967365,2.075798219221574,0.07690002834125963,0.0319874605524059,0.7876123008984904,0.8454650235791391,0.9549555511063161,0.978020628143648,0.97526653393028,0.9833568891510636,5.832223701731025,5.0,20.888779637617038,18.916144347692764,6887.139656925206,7045.5621703958695,0.38841373320846717,0.4042218449879952,0.005268029386574402,0.002553058287947
Mindanao-Eastern Visayas rain forests,747,1430.2800170054052,1093.8077193121417,12.116272017637565,10.154449896802635,1.7234322518859106,1.8522767196532417,0.3623701614971514,0.3345325648822574,0.5662376842179925,0.9332489694067412,0.7847619201379219,0.8041869618475993,0.9526991556743174,0.9598415676066604,3.8273092369477912,3.0,40.20532469425729,43.43250299482469,5121.990810221011,5200.3891002727405,0.2030735291521021,0.2027383183290643,0.027418088631631237,0.0238897049306823
Guianan savanna,738,1140.5600330313014,868.8153737080725,8.039810370642803,7.653557744127491,1.9364839630608406,2.027108438826919,0.2190766138733342,0.1706632647288316,0.5655561918541057,0.8280662800575933,0.8238628366362454,0.8322696165309453,0.9600516522611954,0.965762000106316,4.314363143631437,4.0,38.398441753429275,43.496541429512476,4794.367610626018,4551.393985982628,0.17163127173875503,0.16307719223015504,0.02437198540156794,0.018976629553310802
Zambezian mopane woodlands,733,1714.1920026971586,1229.394253861832,10.778561208050643,10.2451705858386,1.7706619557604804,1.865573458810889,0.3479321579450232,0.3385148125491566,0.4933518144906885,0.8060275609663069,0.7871374205199574,0.8030491800556162,0.9427760125622541,0.9475619295096338,4.132332878581173,4.0,44.285177758868336,48.26663626360724,4609.291146570352,4345.434383815539,0.15815807426986084,0.1456823821060595,0.02422868992049636,0.017834636660447
Vogelkop-Aru lowland rain forests,718,1281.6086358313773,986.017087674646,10.567720635576912,10.044709492724415,1.8465784799401956,1.9168195052174721,0.3027218813822488,0.29516431886728645,0.42507257555073524,0.7025976773074284,0.8060823625788154,0.8132240863977281,0.9591057012027311,0.9655779138036298,4.701949860724234,4.0,44.31999941263532,47.057426599927794,4948.035604097901,4815.051828609085,0.18952578354982896,0.18153440366330165,0.024913912414775877,0.020949815029124748
Northwest Congolian lowland forests,718,984.7592372430406,770.1323339935841,7.532011512900681,6.629380280317999,1.9921224618227484,2.0706143501912715,0.14549193060480145,0.07231370362406295,0.6145396728783654,0.7865960622999528,0.8438065612143747,0.8555661721975545,0.9766225342769438,0.982781847813238,5.147632311977716,5.0,29.334256728901273,29.481504962439992,5973.046004576733,5981.1334168565445,0.21843890196263904,0.22510981297235488,0.01694796023539949,0.01007625166317555
Northern Khorat Plateau moist deciduous forests,705,1257.6752701174669,1072.3716924288408,13.611556037487755,12.908908688497894,1.7731287313614037,1.837198870022985,0.3600290598969603,0.3511838844064756,0.8333997913107996,0.9881435918865568,0.8404583624679733,0.8503375068408163,0.9416441152969265,0.9450626175939744,4.415602836879432,4.0,39.017057708253745,39.97422689288865,6772.551773768542,6856.965986811711,0.2695139018031743,0.2616150615609349,0.012102152539871569,0.0095453246412264
Chocó-Darién moist forests,696,1516.918087497884,1186.2830757800493,9.226738071287759,7.692674516896929,1.86743527760957,2.005946539403144,0.25681715924814197,0.19904774959391675,0.683643349998421,0.9088105544389611,0.8285131867018252,0.8439753733619367,0.964565183247525,0.9741749822117802,4.311781609195402,4.0,38.483094297108465,44.952203926455404,6004.893748464874,5878.075412640008,0.2579658729106299,0.25201398457931656,0.027293040757154458,0.0205377165082294
"South Arabian fog woodlands, shrublands, and dune",694,1425.904053169099,859.538091580305,6.778614670302381,5.907254591930205,1.860051269409851,1.9827260864984833,0.25438501510364236,0.22502702337537922,0.6946846561179926,0.9199646512332083,0.7864073882178724,0.7922631068376237,0.9479475485184764,0.9563141165419511,3.537463976945245,3.0,32.433371496108,31.931088985704104,5657.665192853098,5415.313412772793,0.1311672574789229,0.11607049767942715,0.013446255384742143,0.01042540367556205
Jalisco dry forests,692,2007.098742831605,1068.0412440596583,9.776956786878303,8.382156499866149,1.8858549556067956,1.973481871364767,0.2672984681733685,0.24545690712343532,0.5833712434602136,0.8148957367302709,0.8185050967946463,0.8199224374224139,0.9527254268043989,0.9591656532270108,4.605491329479769,4.0,40.98683993663438,42.6725041764214,4657.618412459619,4227.643960547213,0.16378064980869717,0.14669009137448108,0.01901541549412214,0.01398278005787835
West Siberian taiga,684,1543.678039008452,773.5352657754273,8.47911554526793,7.923159537315275,1.8858522934268789,1.99747886853816,0.25888422592462923,0.2182502320587228,0.5260294400939669,0.7610951030237665,0.8530735277596007,0.8622857353116731,0.9649214349706817,0.9712186818637919,3.252923976608187,3.0,40.24280202565383,40.54913954336112,5394.2418562106295,5327.098818824836,0.15180757899040384,0.1506688835832929,0.01016028103783101,0.0075550704750201
Costa Rican seasonal moist forests,683,1244.8578784456254,781.6733813340768,8.685533884686565,7.78682565168228,1.8892819137178822,2.0029693114442817,0.24776669356678577,0.197147150591906,0.4473814879236027,0.6948735977389429,0.8259116321889269,0.8319921902594162,0.9614771409944561,0.969612505328467,3.623718887262079,3.0,37.37211468855966,37.91537843221356,4821.617176698847,4641.622688945134,0.159074333891174,0.148335027544596,0.019752014649448063,0.0121852102564877
Central China Loess Plateau mixed forests,683,1924.5415672524302,1361.7724793648977,10.882962184288921,10.139295782426007,1.7892047636989126,1.8857218815785448,0.32684147708520545,0.3201771375167541,0.7354253172265406,0.9712410458724868,0.8216401201882219,0.8243854496085439,0.940390562049721,0.9473754038460904,3.6383601756954613,3.0,41.56107580525245,44.12126034072424,6069.677877593044,5715.907261970262,0.2083843901676753,0.2042424202501405,0.017717295209452463,0.0123009057581616
Southeast Papuan rain forests,680,829.1171372516536,615.2420832946046,9.155699054011889,7.73445064493556,1.8492220102649346,1.9438779377301492,0.28621064114538075,0.26284877831430414,0.2134406858798627,0.4078495956139603,0.811686876235871,0.8243870330743603,0.9675213423712187,0.9740043213998317,3.8529411764705883,3.0,25.084781894197004,21.50902701069107,4849.677117705416,4972.556618832463,0.14617243452948042,0.13851823070858732,0.03484787738450556,0.0267179603132123
Scandinavian coastal conifer forests,679,1724.9076322267872,948.3700611086285,11.717941311302079,9.73498536061247,1.8180450316512753,1.8804318734095569,0.3227803655244225,0.3264688862571996,0.6737869764236448,0.9337030612181793,0.8314525258899644,0.8374624480718709,0.9392955947093586,0.945530295507498,3.7334315169366716,3.0,36.807827658205134,36.247609056505716,5983.0419413369955,6003.038009751205,0.2075541926097708,0.1909242428105241,0.014517483174664496,0.00839380737762835
Northern Mesoamerican Pacific mangroves,668,1353.1371008694198,847.6011364187261,10.618403244533182,9.68693454136561,1.8232387829933054,1.8993092261600224,0.3078540461565339,0.2937082475466498,0.7921868310409813,0.9798567098991018,0.8405077429089117,0.8429425758670187,0.9218413592191574,0.9297091987578232,4.473053892215569,4.0,34.98030584520071,35.231172155160586,6569.822864828729,6432.656439407359,0.23478082036505082,0.219412543689961,0.011598245246750686,0.0073534515691459496
Ucayali moist forests,653,1445.0685576392098,1103.8230689257962,7.888352682063056,7.408067993706231,1.9111031537258827,2.0214117718891225,0.22840837836000413,0.1794062637949862,0.7404982482960806,0.932853589934099,0.8417737814185696,0.8538948280869498,0.9633273087414177,0.972675608571671,4.222052067381317,4.0,28.156740417943027,25.167650892745684,6687.48105023531,6101.57374178484,0.19941068239766585,0.1920122459664908,0.029375796300535023,0.023189691401476
Madagascar subhumid forests,648,1040.5482459314683,620.5827034063825,8.914102173162421,8.409605058923397,1.9461842674610836,2.0663948334405005,0.1786382109671381,0.0807140388649969,0.6352239467811704,0.7603262930451556,0.8784259355698008,0.8921611954886872,0.968345337466874,0.9790646939914434,5.481481481481482,4.0,25.03507984584958,21.806239801562484,5579.386065617686,5749.566381115039,0.25783863512384836,0.237889827991175,0.01667985024137933,0.009149664391438099
Andaman Islands rain forests,648,1181.260165857789,904.0143105998244,10.884512654711967,8.857726269862589,1.7861299896882905,1.968670101432735,0.2877761061179379,0.22710788889133685,0.6154899398173767,0.9041157082120436,0.7988232014981724,0.8223416676911343,0.964612297946758,0.9741223354194202,4.021604938271605,4.0,38.27190033661272,41.09422389434292,5631.371137376312,5387.857296674323,0.21204663157743428,0.21100917429451155,0.028108207606888574,0.0181833208139247
Nama Karoo shrublands,645,1594.5398585402581,1300.2815763922874,9.464534157347398,8.759531759592337,1.853990543221955,1.9645330463425767,0.2779273120076319,0.2579500881880645,0.6575612786769373,0.9106504402198504,0.8410829321749046,0.8589618279833348,0.9473385823022037,0.9550919599925763,3.6868217054263566,3.0,40.28944478787478,42.50966665041169,5394.297989302226,5710.202658800334,0.19841075806922254,0.2049085595486965,0.02236608686407116,0.0129357169547453
Sonoran-Sinaloan subtropical dry forest,639,2357.626625841094,1233.318777842809,13.111036118149084,11.257084647476624,1.7891888491358052,1.842523963187257,0.34628317537842135,0.3511603338107549,0.7217308618207967,0.9650909362942816,0.8168478582020253,0.8106200488114877,0.9349976887424108,0.940037619234418,4.530516431924883,4.0,35.975187326511055,37.300150078592296,5279.980965925743,4741.823070983095,0.20715608574555452,0.1809318834315232,0.013011652195647283,0.0077961834473547
Guinean mangroves,635,1210.2979378601283,946.527920118668,11.668409625542697,10.907050140656558,1.7521992464710647,1.8657904260888687,0.3559692931043477,0.3319075202571484,0.5456261624339335,0.8701979862378599,0.8047194963143346,0.8183500737691759,0.9442494085650084,0.9470778666410018,3.880314960629921,4.0,38.200400935990174,38.82879052614492,5400.444537236061,5188.290126106069,0.19136731674855664,0.1788628184976836,0.016136538498326903,0.0126296568430855
Chao Phraya lowland moist deciduous forests,622,1179.9562410949648,789.3574213530609,11.711252289456246,9.440217013034509,1.8702809472921251,1.9705027447245955,0.2708562469340472,0.2439621900761387,0.5071913694898933,0.8011249736892305,0.8307944426281322,0.8400566846514633,0.9545707078373387,0.9610335334016284,4.131832797427653,4.0,35.17515534455953,32.4995348772991,5422.482344139704,5144.937161800594,0.19943351902888262,0.18817375946053624,0.025830836660506135,0.015600071004809899
Beni savanna,622,3638.8646892508577,2177.0378211159236,10.627161607958655,9.94012694520752,1.7896596168258474,1.8624216499827728,0.3541557955141634,0.338974249687382,0.5345933964300925,0.8112777041967074,0.790035219761226,0.7917673629976989,0.9428044269460183,0.9460014945175965,4.080385852090032,4.0,38.49092138078941,40.579614330731744,4958.65736023259,4771.463947013795,0.18449827181549003,0.17881090996621302,0.012951456589194665,0.0092146880102008
Northeast Siberian taiga,620,2219.905899874982,1050.6907014617946,6.948337776712039,6.307590435301742,1.9476583391777054,2.0539633297196076,0.19861104942314275,0.1228401050726344,0.3278270090532315,0.43854795093226917,0.8566674244086612,0.8582619966410432,0.972663258076424,0.9778256942406296,3.2338709677419355,3.0,50.57618214573969,52.40829920902113,4743.797602246926,4545.012200129241,0.14579780016466376,0.13666951178928344,0.02325615446255978,0.01699555424682285
Southwest Arabian coastal xeric shrublands,618,1510.7419495641518,596.1921397459096,7.633380009347572,7.254721835597287,1.9537756607939714,2.027996676936705,0.2016366234323922,0.1618756201237696,0.579707880026947,0.7559353448489794,0.8085021776260087,0.8194862465830732,0.968544734082954,0.9752962090029991,3.399676375404531,3.0,26.327441841469614,23.46839542929869,5060.0513947338495,4763.257947117905,0.15202400042282893,0.12772572587495434,0.020186958961816243,0.01226954585709345
Caledon conifer forests,609,1134.416886543223,786.1947582663784,9.07830209211572,8.363822261253212,1.9257278195636813,2.0159663503833505,0.22046644360144452,0.1878037395790387,0.5060968972799808,0.6846815341901249,0.8416941614739017,0.8440543985414968,0.9596257155529846,0.9680009144630464,3.6354679802955663,3.0,37.13620828629716,37.39922259371748,5088.600255237344,4699.881048343048,0.17006429782543714,0.1484251075514324,0.020930473828881947,0.0113239071944898
Djibouti xeric shrublands,609,1199.3796856851343,860.3419474019495,11.701581922296604,11.46719213931245,1.7682834828386182,1.886289168428024,0.34945532689267916,0.3192049485832322,0.5846534579317428,0.877614310757629,0.7780249973489384,0.7949905980204061,0.9297053822204208,0.936102915951223,3.748768472906404,3.0,46.8762560077166,48.45531391046552,4329.579556461193,4044.87507505362,0.1528578595447715,0.1435261078133627,0.021972855377951874,0.0163219910127456
Sierra Madre de Chiapas moist forests,600,2687.6258595495515,1802.985729974755,11.942408621567681,11.271826687198992,1.672204732043983,1.7477549578401583,0.4200483966019205,0.42070100455967774,0.6205500467745575,0.9140167423270688,0.7876460442463857,0.7961496163313357,0.9443507887871827,0.9476324151372866,3.77,3.0,41.556898800675164,42.953750963358274,4687.748463371809,4453.260319996121,0.1737987365253983,0.1726856047211806,0.011730141970219782,0.0077218123214618
Eastern Australia mulga shrublands,600,1341.1572017922942,954.7997571255166,10.909825132340817,11.21696123857092,1.6521685182991428,1.7441788030506482,0.4309248831389317,0.4222552118991515,0.5682007493791745,0.8533650992931494,0.7572255176388254,0.7742365076044107,0.9161710901748877,0.9187001782490659,3.263333333333333,3.0,49.52739389045153,49.85506412312195,4631.558755471351,4442.05462045314,0.14596978013915352,0.13655501586340146,0.022070101228203867,0.01874913328929605
East Sudanian savanna,596,1295.7374435719769,998.1368375788386,10.966854985632505,10.06454741599612,1.8053628462678155,1.9053659768367106,0.3219717057970324,0.2921494984584418,0.6356977043345665,0.9332030106351181,0.815169100091601,0.8265463632025065,0.9422321457010574,0.9475739099658491,4.0,4.0,40.29251417249549,42.48061579454172,5610.743097358045,5370.202784434679,0.20227277864410464,0.19404690270621225,0.015656906771227608,0.0124888833703895
Sulawesi lowland rain forests,592,2029.3299710266601,1345.3037618552949,10.593240926336634,9.157487272362475,1.6892864191634638,1.837560302429853,0.382067378753306,0.3655893174486535,0.36187774119241606,0.6969308798628068,0.7660244611946525,0.7969328473383425,0.9444987692450875,0.9524698580342086,3.847972972972973,3.0,43.65417680179734,47.682148330086,4975.626078446665,4988.657828527676,0.18085872233335268,0.18207802171998438,0.026541222398191514,0.0201852132510781
Yunnan Plateau subtropical evergreen forests,592,2169.9219811952507,1229.163318893708,8.638014871824478,7.967004013120067,1.818969374559977,1.9306899459672202,0.3061085185092844,0.27901722355089376,0.7609085091675378,0.9409859359218886,0.8324491458296639,0.834946217497422,0.950717505482565,0.9586779112988904,3.385135135135135,3.0,33.706263405151255,33.350147613714,5166.143418262777,4793.033476745872,0.16449523125492424,0.15324966317634942,0.008020272611106025,0.0048982338905305
Tasmanian temperate forests,589,1473.701693600678,1130.2796418570106,9.442005146445076,9.098846048596483,1.7794919953420854,1.8680777498611385,0.3504914147471651,0.3383586952564708,0.6277719661086008,0.8789451037094003,0.8045995130328145,0.8092758700814158,0.9304166102626695,0.9382905640150392,3.6502546689303905,3.0,45.00481778712063,47.71842335698486,4896.803892846464,4605.211050941723,0.149945462694455,0.1422622669793398,0.016286426395499782,0.0120879881551702
Mid-Atlantic US coastal savannas,588,1655.4808334351505,794.3063076084953,9.836658312515473,7.75706105832972,1.915024499855212,2.0101976770911323,0.22929548279159173,0.185180349439757,0.6092763296875884,0.8333586190753997,0.836982085538908,0.8457117680697266,0.9619925453757273,0.9695228505748391,3.6241496598639458,3.0,34.58519775138069,34.605517459993564,5054.217103612053,4844.493654273161,0.1714325812061234,0.15925329346014522,0.013462645197477724,0.0087395478959356
Japurá-Solimões-Negro moist forests,587,1177.799495085209,897.7110714261062,9.452409312431229,8.965568646242264,1.9219759387466544,2.0057554650380967,0.23771903413488896,0.200367585114628,0.6717786969915173,0.9026623433877828,0.823644171400886,0.8276500700445267,0.9648601746257138,0.9714060687809056,4.584327086882453,4.0,35.413428549868264,36.613121435662535,5479.4762133273325,5428.777019145259,0.21366588795861333,0.2123763621637541,0.028859818996718946,0.0207865287066064
Negro-Branco moist forests,587,1416.0422663136894,1084.2083326519985,10.222646542866013,9.145081870125342,1.882028808013787,1.9626464556733247,0.264065870883656,0.2330642111001102,0.6484924585895263,0.906643060226755,0.821513991455412,0.8263737713895645,0.9531532155652339,0.960134537000989,3.7512776831345827,3.0,40.889016474498035,42.95961821139129,5491.465468037313,5447.825687499359,0.2165260462406939,0.2112429725486223,0.01413641443043869,0.0097225252178218
Borneo montane rain forests,580,1162.4379637376678,898.1487336992684,14.518320321493324,9.724086006005482,1.831556361974578,1.9526900111608152,0.28217001085861715,0.253012010470024,0.5238252747464892,0.8407424885539648,0.8126389981204475,0.8323747252943201,0.9639635674282981,0.9702689040506268,4.8293103448275865,4.0,32.6709889361287,33.60007726871858,5198.476590612659,5086.22041426005,0.2003713374507212,0.186860014224296,0.038569873573812356,0.0237033868805727
Southern Anatolian montane conifer and deciduous forests,575,2937.2163682777505,1154.2131836950966,9.470250798030886,8.891837100064599,1.8919105629414963,1.993717689742772,0.25148413855489316,0.2149908798339499,0.7200149003355255,0.9130082062109376,0.8623594180497673,0.8727488345757693,0.9498700235694508,0.9560638801171075,3.7843478260869565,3.0,36.63957835267739,38.58590048700476,5590.331142948328,5540.089411536338,0.18745068836464626,0.1803169537527101,0.012453112516230824,0.0072058506195443
Somali Acacia-Commiphora bushlands and thickets,570,1239.7994668325316,983.8887336247286,12.635407482624961,12.033260032545808,1.7392703616439147,1.8192155026375905,0.380494100908916,0.37019155037952195,0.6606891183987061,0.9345997122510274,0.7700608713101198,0.7790445628341292,0.9163879964911504,0.922468026189535,3.7070175438596493,3.0,48.717333796957085,50.015173418942595,4874.6239887691345,4516.07263770254,0.16367076471414665,0.1499768901476528,0.02170579883855631,0.0178947978113289
Northern Rockies conifer forests,564,1538.0630006637377,1086.4599897723936,8.952966666895966,7.934843838390224,1.885577764879875,2.0041697554804667,0.2502782346023804,0.20188461447170775,0.5883934571367888,0.805928544427992,0.8560840630613297,0.860105422382275,0.9589096373504449,0.9679784320219915,3.8049645390070923,3.0,35.91319814493701,35.6810797670157,5518.424717930821,5124.002895936761,0.180319316501053,0.16378115509485514,0.012723814499941017,0.0083678536420312
Western Guinean lowland forests,561,1608.5464660518358,1052.7309956023976,11.464366402052603,9.729886799770595,1.8061440052663456,1.9536432429679211,0.3026028986861035,0.2584376942016786,0.5719787748791609,0.8518310582547582,0.8211597061405504,0.8310869979559233,0.965677740166942,0.972072904571028,4.707664884135473,4.0,30.5607788457217,28.896588525198887,5522.529668324184,5375.262181633303,0.21309538220431165,0.209714466720488,0.013389697421434388,0.0084786433430227
Luzon rain forests,561,1399.7291736094073,1059.5816233117384,10.422282091502217,8.671805093594758,1.5422855560416773,1.8260454986006471,0.3469230164645321,0.3203978382766468,0.5466683188600512,0.8502885144975068,0.7978230599728646,0.8157835748273036,0.9598449256954,0.9662761823809104,3.2531194295900177,3.0,39.713631657510035,44.43342828554803,5206.330365520138,4880.499307282095,0.15397196286501516,0.1483049496644295,0.03270413906488637,0.0272690452327809
Zambezian Baikiaea woodlands,560,1218.9874443743277,979.260698957236,12.708583742448916,12.380504408450008,1.7350664696619504,1.8542901427629626,0.36216742179909084,0.3451503182688057,0.5982340497273619,0.8735769384293823,0.7684688870131873,0.7830297416103326,0.9407786939104033,0.9460833329469405,3.9517857142857142,3.0,44.68991323861687,47.339837635160706,4405.523134875735,4234.875553836805,0.16534050392932872,0.1544155491471709,0.022544061841663302,0.019303814084096198
Halmahera rain forests,559,2297.637984147881,1381.5612970108682,11.573067071820747,10.10013602573266,1.750778167068792,1.9098355987778024,0.3433454235849041,0.304980842137597,0.4350490670287709,0.7068270335492804,0.7825248803279448,0.8050352414216739,0.9550945369677666,0.962813114782272,4.4239713774597496,4.0,41.14250728915258,44.11120743493557,4854.142645741474,5005.055966489869,0.19140637834329208,0.1949775163517441,0.023408685170047447,0.0177990114166459
Northern Congolian Forest-Savanna,552,1120.295039363739,793.6152546381416,8.323124990109699,7.585092475153553,1.8914986315890574,2.041120325428147,0.22985342603662334,0.14396579948931065,0.5749088657088964,0.8273316596192173,0.8277394819911464,0.8440160509207575,0.9672753549459512,0.9752773680147726,4.329710144927536,4.0,35.651942104325265,38.13618382845396,5722.5229131211545,5596.0412031768965,0.21097767891461444,0.20630018966063018,0.014086441317908222,0.011968702954756799
Sierra Madre de Oaxaca pine-oak forests,548,1924.474860721891,1439.316778946822,11.607688865026807,10.36910338779117,1.7947155826358632,1.8555836918720026,0.33429662662702664,0.34337514400923896,0.7867485190658966,0.9723620131382783,0.8388769734794194,0.8434239303537969,0.9310226814358775,0.9355812098006313,3.8339416058394162,3.0,40.60349032941346,41.48063934037671,6137.841063748737,5901.895658032686,0.20984748462600292,0.2011155494043603,0.012074954563524622,0.009533081192299751
Kinabalu montane alpine meadows,536,1196.718837616906,1007.8295312605952,12.182195830399877,9.401113200932343,1.71111801135277,1.8253641278097592,0.36322185509303645,0.3608449905715107,0.4928018596367515,0.8563785492602602,0.7922063667697,0.8135748891253329,0.9493705190102457,0.9545916770195781,3.4944029850746268,3.0,36.18055241777442,39.73598429523702,4792.125523701419,4474.81030159733,0.16574121137583206,0.15456878697574875,0.03318781511789487,0.02348312410131705
Brahmaputra Valley semi-evergreen forests,534,981.6011238896197,762.5572334356624,24.500515375695027,11.528716319334876,1.7765237650771064,1.8815578090598168,0.33949071956531823,0.315852720630648,0.4766458259062254,0.8733746113549028,0.8015734573429247,0.8120018522324457,0.9447548576666221,0.948795050813961,4.089887640449438,3.0,38.58019643101082,39.92779331207977,4740.533985417216,4548.83667219004,0.20474905587611722,0.18487650039655934,0.025440738596228155,0.0215462714955464
Sri Lanka lowland rain forests,530,1122.3807772703099,896.2953686241708,12.958472801114237,9.48742803058721,1.7726867687619925,1.9199804468350248,0.3224897176564991,0.2823737919124014,0.48894246872517316,0.761035887390433,0.7787851289604393,0.7979882603798162,0.956190169032069,0.9623808991117158,3.7830188679245285,3.0,38.619210383068015,44.25494705196929,4399.343978005676,4175.763093126709,0.16688887509484024,0.16134934414383928,0.026285525956839195,0.01886601394793745
Llanos,530,1512.8183974501726,1173.817112813002,9.714172743912917,7.244534842465131,1.9146041584527924,1.998183778638903,0.24873318448087292,0.2140399797834692,0.6255089271426716,0.8470188579466953,0.8574925545821438,0.8596374015818762,0.959567105819639,0.9648709859908662,4.260377358490566,4.0,38.05776982739432,42.74848931143853,6439.224699524444,5855.45003595823,0.2388192215643385,0.2177801423824342,0.02327475692578164,0.01741533862917965
Upper Midwest US forest-savanna transition,527,2376.2187186638116,1411.91040696104,9.370753473900885,8.156494375818257,1.8820866089783035,1.9848156921748703,0.26277117783335846,0.22425962752014736,0.63304972066386,0.8741807175054627,0.843199593957887,0.8515134568362368,0.9552507629076683,0.9641469910437048,3.6925996204933584,3.0,34.35954383461871,32.21594354433024,5310.6090273338805,5072.240298804196,0.16652591169220662,0.1640195834230935,0.01887486704699276,0.01417191593795395
Espinal,526,1053.78406147328,756.8255208542862,13.33205487075608,9.730293198336732,1.7909071309544895,1.9107576391150412,0.3178029118006912,0.28734521909975996,0.6695906715072729,0.9452145557394781,0.8370056059176919,0.8560123362857934,0.9321457008814629,0.9392631910419269,3.8250950570342206,3.0,39.58896397533427,45.19208235639452,6550.1367278082225,6482.619434249074,0.22445265974971515,0.21243534638871714,0.016050329437528297,0.0125478664312541
Western Ecuador moist forests,525,1657.1033245435635,1204.9820988644929,9.499060435832597,8.508909622770181,1.9374736798423098,2.041986111087998,0.2022907678911888,0.14066078016965822,0.702461870995305,0.8979142716252194,0.8683270684981796,0.8844735667338062,0.9662952729917555,0.9741897436736464,4.624761904761905,4.0,27.601862866150565,24.548164220155783,6528.165136553289,6494.606005138334,0.2386131594237377,0.2398486088861666,0.014071766374223419,0.0028458578481671496
Ecuadorian dry forests,521,1426.9064528190333,1081.084515227882,7.722132530878539,7.4458164343491875,1.9397937431436576,2.011311912147596,0.2286775993749825,0.1994886455145759,0.6964853639684869,0.8952181456202084,0.8568608400468277,0.8626635453187947,0.955937607398239,0.9587046340125456,4.268714011516315,4.0,41.42939888208592,46.0734014469856,6327.0128337950955,6215.642644025438,0.19423280128451123,0.2015513458566382,0.02077127171538965,0.0170228132261822
Allegheny Highlands forests,516,2283.994958208286,1743.6343301973538,9.465291768125919,8.926766414795475,1.9248625454641086,1.9826151721276242,0.24541937924945795,0.23157727228299985,0.7154758771586576,0.9019272821658243,0.8415891361903599,0.8403019857077186,0.961698316140448,0.96641832040207,4.292635658914729,4.0,40.77167006373679,44.07477192845047,4930.844291077902,4415.531708636445,0.159354565348047,0.15211590958234306,0.016865686678131188,0.0128343242541633
Santa Marta montane forests,516,1545.0316492877585,1077.9081015804845,9.466452735432071,8.829438717292394,1.8173862165294827,1.9213607155540604,0.3183997664693823,0.2947964547846612,0.6404239385351308,0.9151599851047802,0.8129009113520901,0.8250249234652081,0.9500766964287205,0.9549552536731447,3.8352713178294575,3.0,40.90239556287913,43.010886521299426,5046.111197917943,4864.426964158742,0.18013432679484317,0.1734117532028759,0.026668706068388195,0.0201025538776225
Bolivian montane dry forests,513,2085.844142665941,1249.0020042195902,9.73644960697918,9.06991932178818,1.8341697945118873,1.909933859147432,0.2934679918823353,0.2841704570067143,0.747992095092751,0.943942508163442,0.8131255301551034,0.8233645856418055,0.9453590123751259,0.952610803999103,3.4580896686159845,3.0,43.22913583063311,46.34858297182399,4887.276614710395,4742.299752116773,0.17560421257396808,0.1668809280429461,0.015658368641564092,0.0122160819207931
Western Congolian forest-savanna,512,1063.4528412393393,798.5899263591796,10.317512785459073,9.807558870754594,1.9031227109475668,1.9819593078383375,0.2511753521823059,0.22338623218235404,0.6522198610958381,0.8989796337632407,0.8181284879910191,0.8218280068243927,0.9604299700305244,0.9642165797581668,4.806640625,4.0,34.30417628628156,34.25895543076117,5377.039636133781,5149.515601022782,0.2114691765227254,0.20314133040584545,0.017167718336123166,0.01137060459065895
Sierra Madre del Sur pine-oak forests,508,2262.1380167105476,1673.8156499815627,11.176920545121268,10.122920169096107,1.7992496883726612,1.8717839745241691,0.33366964075840017,0.3320663845089503,0.8314528628669101,0.9819087343576449,0.8278209740898183,0.8358529634311553,0.9337790266068601,0.9379069351121725,3.872047244094488,3.0,43.815636711835396,47.01231690448745,5982.824682420384,5756.541940207808,0.2131308513146068,0.209202532832426,0.016221947377774423,0.0122662408183184
Pernambuco coastal forests,508,1847.0539914564179,1021.2242599584167,9.88160985805815,9.202421698124155,1.874741935878257,1.9723978717409607,0.27024667533457214,0.2384122062989725,0.6585108501601159,0.9159647929949811,0.8114588833994962,0.8272197150083218,0.9542328652831733,0.9590649265772949,4.2736220472440944,4.0,41.893151253915164,45.34732250126841,4577.0476562445065,4541.678886730212,0.18074509739989972,0.1792731326277645,0.025919508469997462,0.019715091189001548
California Central Valley grasslands,504,1853.0136535537763,1161.5742155688674,13.092460605742108,9.560525806655448,1.8647509460176668,1.9182441937878678,0.2997094601023705,0.3013244877645689,0.6142594928341325,0.8759608278637271,0.8137694095973299,0.8170928969209107,0.9517833943209686,0.958197922563944,4.083333333333333,4.0,42.419606228979134,46.37186448435743,4416.654600005209,4050.2353349765344,0.13947659269672333,0.11920311958200955,0.022053073413624627,0.016685541887812398
Appenine deciduous montane forests,504,1439.9000748369303,937.1538019587924,9.423978975591837,8.293958687490317,1.4044815661561827,1.9159509415423688,0.22424386122580403,0.19277435684926153,0.7633480642819312,0.9254304608675592,0.8791234631127831,0.8874523094998839,0.9537804334071585,0.9591446787384876,3.017857142857143,3.0,35.77877688844846,36.635938578655896,7036.276300769708,6051.295639602256,0.16225696788947527,0.177246317766478,0.007607974477940458,0.0050976051850461
Cape York Peninsula tropical savanna,503,1352.4545026809922,973.6928742390037,15.36066478070323,8.84102300717949,1.8504051350356567,1.9528132174231825,0.2891328762113085,0.2645546129374336,0.39458251886051476,0.677056188305918,0.8072357122970693,0.806765476076976,0.9543850838553352,0.960639444757762,4.079522862823062,4.0,40.797114987897565,46.00262333458175,4566.203402022024,4384.553904466109,0.1735845742907394,0.1554423865256654,0.0181980682248845,0.0137631554696384
Apure-Villavicencio dry forests,498,2327.2848326737276,1353.6106451376652,8.610169197049258,7.828352361301251,1.8799695776022196,1.9786173187780158,0.2632325407880823,0.2348623505458327,0.5395443273479894,0.7907224726976295,0.8252775214134072,0.8387839072019005,0.9593441675636789,0.9667021073903586,3.9718875502008033,4.0,35.803429777893484,36.77360237855538,5264.066498477257,5216.480716545735,0.18393116602770762,0.17166171605849534,0.01850058301538658,0.0104910108427728
Mindanao montane rain forests,491,1373.1371621231008,1008.9684928513308,11.30088356070822,9.23804255559741,1.6379962117737412,1.7390924193304562,0.4084589065297255,0.4218163508193719,0.8149795023894288,0.9943465475692436,0.779412158473918,0.8174828314664866,0.9410593269742944,0.9482817397783858,3.6171079429735236,3.0,41.59415950984787,42.822689829603256,6135.406010340882,6093.333153833328,0.20535121863187647,0.211544540229885,0.02410600512891612,0.0175913869898267
Mojave desert,487,1490.3059348386328,1115.2715058747935,9.515850640864409,8.32985833384372,1.8501101827457445,1.973061863185587,0.28291887962440093,0.2386479776601051,0.6957243255916833,0.9188191409207898,0.8700012904794306,0.8795796656995366,0.947748002103179,0.9540147672919068,3.6694045174537986,3.0,39.937399536819896,42.72910004411224,6765.755876385297,6780.113450427039,0.23107774554057672,0.2189431027841101,0.016926370228522877,0.0137728316341972
Mediterranean Acacia-Argania dry woodlands and succulent thickets,475,1077.4415960603783,610.6363325750797,24.722657982598083,13.963879657670086,1.7928177440822228,1.8775418772216628,0.33553811913813425,0.3323190844833394,0.35874672315004064,0.7252155803874478,0.8171729307428659,0.8159174161680715,0.9493814360614266,0.9605670455890065,4.1957894736842105,4.0,34.79199105735822,35.31435955771361,4121.653185457641,3807.9919234801446,0.15514258801344677,0.120844275210084,0.014460013425102213,0.0083230694370129
Nansei Islands subtropical evergreen forests,473,1441.7194434953726,1152.3585873846855,14.084918802328431,10.31836216453386,1.7346195719171713,1.8316714498729705,0.35608214088213946,0.3579362799148951,0.5210662664432827,0.7874563930302076,0.7963675909335154,0.8095909739751403,0.945012691978291,0.9501068065709078,3.8477801268498943,3.0,41.51565864728724,44.30802122930238,4807.676133886581,4414.881663584622,0.17350182158443755,0.1638555974306182,0.021803224621930743,0.0164615336068283
Central Pacific Northwest coastal forests,473,1215.9236499805784,911.4822450569366,29.60152709218598,9.880534493282902,1.8506926586244299,1.958711206269116,0.2654813296449719,0.2189669271790606,0.6443847960214073,0.8980511849908756,0.8606403126057861,0.8763176582035374,0.9568416927815373,0.9647105307786384,4.023255813953488,3.0,36.78813983112483,35.96841036225685,5867.705903310482,5598.746393813963,0.224510144376975,0.2152556236028316,0.01784402976541127,0.0104506429930109
Snake-Columbia shrub steppe,473,2616.491300051288,1767.1356284022943,11.931337025113246,10.721265254907422,1.8055092849916983,1.8697865681752244,0.3315439742595216,0.3380441673710903,0.8052277776832723,0.9519589648054766,0.8300358769669164,0.8322413635646146,0.9426499156249417,0.9462828938919294,3.295983086680761,3.0,43.25801493192862,46.01672900158394,5618.861271230014,5246.6609202116415,0.19534842208829117,0.1804107473187562,0.017724592064962835,0.013284719619568
Red Sea-Arabian Desert shrublands,472,879.2859396438288,623.1467364959254,8.96352352237869,8.502094266121182,1.8334170579875748,1.9463959317002666,0.2936950296264927,0.2666256949130754,0.4155918035005195,0.6188645445954871,0.80771536758748,0.8147840329108529,0.9584527706914806,0.9674218353637136,3.0254237288135593,2.0,29.064192804244893,28.076902594035914,4686.281981876071,4316.612015244978,0.13973219245877053,0.1085171153807189,0.010229129468244547,0.0048550481574265
Manchurian mixed forests,468,1925.2081142940108,938.8465280220626,7.190870294190369,6.574268134215357,1.9502459601080777,2.0378407980868998,0.20008656947277756,0.1496220860958521,0.5523313170013681,0.7754606595309865,0.8964944573339348,0.9082219576392045,0.9577725079502235,0.967821179223255,3.7371794871794872,3.0,46.52206862481382,49.861828393392926,6719.6298626399675,6345.273318644657,0.2113548860684778,0.2066205789887557,0.017759641346528982,0.0127960851049028
Zambezian-Limpopo mixed woodlands,464,1425.5653525422897,1099.00152169874,10.63501247194278,9.917387520159576,1.9030562402570277,1.9760015363719559,0.2569582063757908,0.23140038684503533,0.6501652494154704,0.8689464962390743,0.8188439826095696,0.8240316859095047,0.9527537323840654,0.9575013902842496,4.336206896551724,4.0,41.49787121191421,43.501057284695854,4857.835717688323,4507.754574633557,0.1792603586069622,0.17191298277114503,0.02232454519580304,0.0169181220039794
Taiheiyo evergreen forests,462,1276.7281005464008,846.5454519177185,13.539090465141484,8.453215714394366,1.871420677965916,1.9725590813729372,0.2640371074056702,0.22686134929675164,0.46680887898774226,0.7735881378775462,0.8148325210433316,0.8142892318416266,0.9586757158750854,0.9658551737042,3.5779220779220777,3.0,36.39252361767957,39.77011550538948,4484.725376790979,4166.702635227624,0.16866168575328724,0.1442547348731234,0.01724545633561958,0.01242435425406365
Balsas dry forests,461,1466.8318920552535,1092.845362913165,12.18160408418588,11.05105230221192,1.7910505489205686,1.8969380406565983,0.32258037626513153,0.3081481026648656,0.6815799565680035,0.9464917908435854,0.8176199475707117,0.8279520359315107,0.9412604169055594,0.9463779837420168,4.483731019522777,4.0,32.022082892265075,32.07443907876167,5487.804401756026,5134.63550033725,0.20603314298055578,0.1851496558480707,0.009954890383837036,0.0072575461195662
Yucatán moist forests,458,1417.6394391256288,1017.1569442726726,13.28251883944938,10.730071079425496,1.8213775641298768,1.8997745805637258,0.3116196286670996,0.30022483238377373,0.7279437130670147,0.9379434655179621,0.8046989675529693,0.8178950390745938,0.9428813859875071,0.9501424811342025,3.989082969432314,4.0,32.8546749442223,32.46502465121617,4855.933492312389,4780.94272809748,0.18058396875705046,0.1767956501568947,0.020802900286817,0.0159423930602971
Mascarene forests,457,1101.7558221502788,653.5351153373306,8.023521515305614,7.886667600550119,1.9069710610998187,2.003782536406318,0.23573883899579096,0.2057398671299549,0.7469813672156083,0.9160944889815041,0.8332227426523625,0.8424856477076514,0.9499758818977514,0.9559724368808289,3.9606126914660833,3.0,41.140060394360056,43.83592132445875,4816.155882483078,4628.1442000466395,0.14867192262213677,0.143951171875,0.015844469562309338,0.012452276907948
East Deccan dry-evergreen forests,456,1147.6262997686692,705.9182655972133,10.765002319402194,9.225327267333965,1.899160877433806,2.0016648983296625,0.24659552795040673,0.20465185188507204,0.673659809058746,0.8669831822118343,0.8288560540149842,0.8373307904671473,0.9570859292064035,0.9635503159810277,4.754385964912281,4.0,31.779890038596744,30.688753572219696,5261.7112313587795,5293.416812246262,0.19119561231357451,0.1830516353440434,0.02464283469467267,0.0216664855324465
Paraná flooded savanna,455,2077.198575884367,1163.622930787342,9.814392537654655,9.367752151438603,1.930194069204126,1.996005703796308,0.23807266860809914,0.215300529233871,0.7465619905910272,0.9256464612262252,0.8626030037342213,0.8709676003969118,0.9572738448224044,0.9634298720829244,4.0637362637362635,4.0,29.151561555754647,27.49991765330953,5550.673788695823,5417.143436989041,0.1876969826640847,0.178676436202802,0.022029215483082128,0.0175027209355586
Campos Rupestres montane savanna,453,1386.285095058254,875.476147832336,8.229826695773466,7.765686734380596,1.8718629479598716,1.9866844643881023,0.2585037668820042,0.22408382804869195,0.7396173600024699,0.9379689123937411,0.8648192986774094,0.8724062303936904,0.9400356560365033,0.9456625134935601,4.222958057395143,3.0,39.34094059454341,40.70919763191594,6480.539271573769,6204.463965880448,0.22180417677949885,0.2151409965581977,0.01494625590846679,0.01079820514699065
South Arabian plains and plateau desert,449,876.4664473481744,501.72103353300207,7.220346715886117,7.016882816104487,1.8754239911617607,1.9929832099124425,0.2510519350630934,0.2071206384887651,0.5798835498860263,0.8707525357014042,0.815163659438362,0.8270440177833831,0.9452686850400954,0.9558548079853558,3.198218262806236,3.0,32.042599373288915,32.80199077973424,6102.490067828367,5621.924593728333,0.14370939040265546,0.132442478775289,0.008825592192391893,0.0060019506796923
Southern Rift Montane forest-grassland,446,1317.418345586595,1112.546229879678,12.259768740731573,10.998121377153716,1.7140221485294194,1.7788088462048375,0.38556228104063744,0.39125256184869,0.7295043369486619,0.9669937158859083,0.7908143009550488,0.8023947970816327,0.942645560266794,0.9476760443358927,3.975336322869955,3.0,49.57537281264283,50.55241777938279,4875.909145292916,4667.453401642893,0.17388409645617103,0.1615042486599121,0.02538207925742187,0.0216408646443894
Eastern Cascades forests,446,1871.1553252433152,1252.1018663886543,7.84736411568126,6.753003458024581,1.909871389316467,1.992478497428353,0.23237004720418786,0.18758428619009498,0.7343214907958637,0.9169306613602708,0.8840482638153955,0.899265164940465,0.9545660886562393,0.9659960510963284,3.717488789237668,3.0,35.41595042577995,32.58084122211045,7935.263874666151,7268.661250900401,0.24827197066076093,0.22609870233117674,0.018143862154770613,0.0157312509612163
Purus várzea,444,1083.5810804603173,937.5145987209801,16.105920587971635,8.396585989814671,1.962752806202437,2.035046636465315,0.19328174813576962,0.1517335970581519,0.5701916966640872,0.8056738260772023,0.8579287897360105,0.8597679996958854,0.9717881108790217,0.9778297207107542,6.065315315315315,6.0,44.064242941541025,48.39299744760196,5832.841200618718,5791.314478641941,0.2295481120318671,0.22520872423337965,0.026738598289185567,0.0225521395814943
Appalachian mixed mesophytic forests,443,2024.4725287610645,1222.3200783257414,11.244945380929359,9.517480951103533,1.879603775054747,1.9777359157680756,0.2660004456467612,0.2300409593257635,0.7623431163715113,0.940239472716052,0.8340251388913694,0.8500931187464627,0.9540506759635272,0.9598381281190792,4.25959367945824,4.0,33.63824592837894,33.36742161321608,5088.317552350109,4836.454601361361,0.1752231756423973,0.1696955863117751,0.012695258524818873,0.0068426633114987
Sierra Madre Oriental pine-oak forests,443,973.220430292261,468.81312290883193,11.076036330166282,7.763357296415616,1.7482997285128872,1.9199836648506932,0.31411382108414404,0.26468981374355915,0.573868867730918,0.8997066175612211,0.8030664726488195,0.8316767129089565,0.9471141580256592,0.9536249578012184,4.528216704288939,4.0,37.49415473888627,40.77377759965528,5989.799190484131,5805.046286923257,0.2059248872750827,0.1956208881578947,0.013092128838528318,0.0093819009988132
Southeast Iberian shrubs and woodlands,442,2036.9139221277103,1226.3486210678166,11.026900504751186,11.003482427038636,0.31083931429729345,0.0,0.3343600385252159,0.2996228762811793,0.8964265727125463,0.9792114733552784,0.7980066511571855,0.826200299128602,0.9153871279110278,0.9262715383646751,0.669683257918552,0.0,39.815255000022326,41.01313522937379,6594.101311639997,5674.413575539749,0.029964241834838926,0.0,0.017703587440045434,0.01222247949733035
Northern New Guinea lowland rain and freshwater swamp forests,440,1383.9820897188577,1065.5906641768102,10.777957621551487,9.598988459241053,1.7861523763022227,1.9004033241643685,0.32588668299616924,0.2997035946652451,0.3624687348052749,0.618119577031592,0.8161548183583699,0.8312908400281243,0.9684545782717038,0.9757975328003758,5.002272727272727,5.0,37.08862220459002,41.77978782079779,6387.067407651993,5737.811516390991,0.2584849178975377,0.2214875588950329,0.025876131475469775,0.0209190732873017
Ethiopian montane grasslands and woodlands,440,1077.2438414072103,846.0158625146804,11.450092790362818,10.879348043254275,1.7709628488510305,1.8740697238607258,0.34539978723194326,0.3363130719893438,0.540857691424381,0.872478570037647,0.7834162050983143,0.8004776789923842,0.9376023340251115,0.9452771468355887,3.8181818181818183,3.0,42.39921528815756,45.86959554436108,4144.381144261798,4052.7294528094217,0.13925754723716555,0.1357673845528311,0.022211301362594457,0.0154964867367771
Sulawesi montane rain forests,433,1947.772516795377,1503.1587715467228,10.996205757645367,9.813009923525508,1.6523152365200242,1.7435868992817438,0.4178595858261334,0.4162847338868358,0.7187452215076898,0.9799716131829244,0.7888409306476899,0.8040865532784744,0.9392194527900376,0.947294052987191,3.861431870669746,4.0,44.9695051339286,48.902265283884255,5341.083312495938,5504.5734756877,0.19008487788612707,0.199391382683263,0.023374825529801385,0.0181714845809103
Tamaulipan mezquital,430,1775.73913201784,1152.9269491051145,10.833207031773949,10.259854251341741,1.7970299989653777,1.8945174575626824,0.3287846427001898,0.3139029710097768,0.7107050185766621,0.9528859943028299,0.8088225500908913,0.8198450568485216,0.9310689418559616,0.9340750520234643,4.4,4.0,41.935894017636535,44.084458459831446,5328.317258421649,5174.707836505406,0.18580644164945415,0.17157764698735994,0.015186046711208944,0.01132516522490555
Western Java montane rain forests,429,1355.4901227916632,965.3223946651419,10.493856535087744,8.466876853768731,1.829109638492041,1.943046730437718,0.29165858246244386,0.2588369858148618,0.6730947816333078,0.916019085023247,0.8196952859826079,0.8256820848168019,0.961937712578619,0.96876107105269,3.979020979020979,3.0,35.34817500703133,33.84289072822598,5270.167642793037,4930.761894003838,0.20192640783676175,0.1867338145345221,0.0361741370423618,0.030551977765466
Central Asian northern desert,421,1811.380481297416,1177.0062706219014,8.342693745901625,7.824458707214786,1.8003056320617339,1.9591410572953691,0.2629163693309331,0.22456345895505264,0.527902690605207,0.7686131266188632,0.8626389389806087,0.8767540477176788,0.9507573829014623,0.9602694327333191,3.209026128266033,3.0,33.06820473940698,34.89464237959826,6663.038340379134,6477.771758127874,0.2156110489941903,0.1999195208479327,0.008478574249192556,0.0041857481076731
Corsican montane broadleaf and mixed forests,420,1755.5183904537982,1021.3605838747835,9.145053821479484,7.764494703127432,1.3251436769200284,1.7736451483310094,0.2880573221961452,0.287781396188883,0.68534784114981,0.9204986109267486,0.8261074509983061,0.8362259689516488,0.951602509272367,0.9593585382219378,2.392857142857143,2.0,33.218183673059805,35.04590667232324,5776.287730477595,5396.287903367889,0.13099009202761033,0.12442491302451025,0.016194129006175225,0.0096192231041137
Gobi Lakes Valley desert steppe,419,1619.043079427047,836.3855460692427,9.797247244921737,9.455054234629385,1.8371607104174894,1.9014116013023528,0.3074420735571575,0.3078427997410311,0.5575280157598991,0.8403496956062886,0.8457290944906625,0.8536544263531791,0.9402041690011436,0.9487613702519864,3.840095465393795,3.0,40.402465434415156,42.76818988042898,6295.577846341797,6286.555130117414,0.2003298702277036,0.187703436298497,0.01610725638296972,0.0120932343382561
Patagonian steppe,417,1372.449326241072,797.0034089351273,9.059620591035854,8.406522701031122,1.841725182313704,1.9269812695581845,0.2974825584485177,0.2889321188724012,0.5060889190173141,0.755808809136234,0.8397176297090677,0.8530303300947505,0.9447876067223471,0.9551173785221467,3.4244604316546763,3.0,46.42289033391874,49.30654470149185,5776.691387455304,5688.426862283517,0.18742194724693026,0.1831690815083454,0.02106459111237523,0.0164523403929409
Arabian desert,414,1275.8525861083303,651.0511497159196,8.379659828205797,6.903804390942812,1.8358020524101928,2.0165442111738274,0.23561165053096417,0.1691464476117943,0.5828516735686213,0.7546982959580644,0.8775384495640621,0.903164673980372,0.9583050163657588,0.9674635601769408,3.707729468599034,3.0,29.608103590677235,28.04595946374149,6500.677816745878,6707.437968523473,0.2434789970498607,0.22816134411788955,0.010662240824675139,0.0028614360657869
Tasmanian temperate rain forests,409,1604.8495953488923,1173.871489118004,10.040350261780933,9.300110701386496,1.7588248232864152,1.838443892180387,0.36365238117051696,0.3671129330099896,0.641558807693691,0.8993827298640262,0.8058439191248986,0.8126425479114603,0.9250809593135505,0.9320721153310724,3.750611246943765,3.0,48.28658420309216,49.953571072293855,5026.483108735186,4821.429572737298,0.15814515163830237,0.1437521706632036,0.017651730222387127,0.0152360846455773
East Siberian taiga,408,1784.414460045075,1171.05280013803,10.186915547430507,9.629147436699965,1.844861988662839,1.927114112420935,0.2965719347533092,0.28216698315460464,0.7048696592244824,0.9613745012939516,0.8106013555140454,0.8244875286180773,0.9421478526108795,0.950789243610394,3.6715686274509802,3.0,36.927949785470176,35.66643289791773,4886.7049604607755,5003.535425990141,0.15963931709478357,0.16529181660692682,0.023122517829420677,0.0190302663535543
Piney Woods,408,2463.6835128595158,1750.2528960053862,10.82378272239582,8.222339753746933,1.944757159258873,1.9970327098998504,0.22997629587957197,0.2142595531681115,0.6707955395873793,0.8629754686012455,0.8437379568882489,0.8482809578803869,0.9688800320277005,0.9758774405211711,4.0,4.0,37.73699697507196,41.58607123752479,4984.942512679237,4753.804409730717,0.18373640441640757,0.16352640725308443,0.017360312518505897,0.01160730812771725
Beringia upland tundra,407,2756.276588933758,1139.7262150677966,13.503550375657278,13.47282464805706,1.690486939889354,1.745277192814827,0.4226058873196851,0.4307237924330793,0.6684756453121553,0.9674312307643937,0.7719239060916553,0.7676979556267836,0.9234562608611695,0.9268363798134128,3.171990171990172,3.0,44.80484145692783,45.737439005375535,4585.145064938892,4346.403453086731,0.1446594914136583,0.1382587732278662,0.016960149680317567,0.0145200107846819
Mediterranean dry woodlands and steppe,407,944.7278313014224,631.8155044555773,7.159065316827099,6.491164025703805,1.938010922581553,2.059659176786081,0.1916063646835722,0.1065335069206521,0.6781385422475289,0.8081660901759584,0.8779434508233414,0.8909539040977059,0.958671287440556,0.9676563843392246,4.651105651105651,3.0,28.19391598235526,27.53517144702475,5933.860474148299,6048.123400829133,0.2061293325545818,0.1999219414328231,0.010207997367322818,0.0048468814005317
Tocantins/Pindare moist forests,403,1132.4519846503767,950.809227468211,9.67596071145937,9.107783569600487,1.8762284496383919,1.967201314434164,0.26649055488039736,0.2355165546806117,0.5700071708344183,0.8714673682688345,0.8217402535161749,0.8293542718080298,0.9613566344404029,0.9677435062187733,5.166253101736973,5.0,44.779997223902754,47.87714221883347,5421.333826836652,5303.906091609532,0.1996608627860663,0.1935001760012515,0.021938175455742937,0.0161856202222422
Purus-Madeira moist forests,400,1175.7209399369924,876.6535567084214,8.182471464527714,7.798052639944218,1.9482824171300432,2.046377051241757,0.20078480468522256,0.1365423226403209,0.6096517880025835,0.8449443159960264,0.833689895851107,0.8324361529013267,0.9669298464408045,0.9739426100502065,5.3175,5.0,37.32852112118952,44.23239690043369,5801.222974836272,5731.3863596482315,0.22032229097984804,0.2175208761729287,0.03132173901207733,0.02605996490034155
Elburz Range forest steppe,398,7882.60702750088,2664.4066257972463,11.481566290490116,10.647687219495378,1.820768503054748,1.85425805567953,0.3427469701207323,0.35425475431142306,0.8455114659375484,0.981169132815729,0.8347647783462504,0.8372093851999705,0.9415224998242173,0.945331053929063,3.5894206549118386,3.0,43.960153295270665,45.14663945651816,5517.16768902203,5333.249412075021,0.1932624751576551,0.19389842124390205,0.013409987745506413,0.011996323731995249
Chatham Island temperate forests,395,4322.658377436851,1896.3518320134435,12.096210153006972,9.000441848693267,1.5957723346809387,1.7265336871346355,0.4545943638288996,0.43324133385029934,0.3966132905857339,0.776966993516575,0.7882505523884464,0.81165784728142,0.927703806135946,0.9308794929830115,3.1392405063291138,2.0,45.561611170431966,47.59086199917779,4874.081874245025,4977.6636797084,0.14872902998193685,0.1401923357554531,0.02021075642693332,0.0161698442157387
Aravalli west thorn scrub forests,393,1141.378482701928,857.6252253100143,12.417311029242327,10.439516962888575,1.8556967530515556,1.925931740775692,0.294498147869254,0.2901745552685799,0.6022651867381736,0.8802978652466322,0.810753300620862,0.817789479444603,0.944983507354198,0.9492135416808608,3.8575063613231553,3.0,40.77630658448875,43.587766689535165,4912.2340018438435,4739.040441375419,0.16606338368433438,0.1558180771096023,0.01683388133196907,0.0126262620037169
Northern California coastal forests,393,2067.159597724791,1059.3330466250763,10.01339015281872,7.843982012553606,1.8655815295984715,1.9601038839788731,0.27454505744194924,0.2660066995936472,0.5239954045323343,0.7462978471848389,0.8253890789531378,0.8372435952865172,0.9591268916251107,0.9680422677577256,3.4020356234096694,3.0,35.67932763843758,36.02306837743632,4668.078850846551,4554.925035235651,0.14726333566745,0.1304708933470507,0.013322124912127135,0.0079629933965202
Palouse prairie,392,1780.2956412340352,1231.2625844181584,9.376518847791477,7.282657090400597,1.8095539580289937,1.9308652102532124,0.3022432214075649,0.25887647892659194,0.538611393105929,0.849808910566699,0.8525431940482316,0.861988204472415,0.9484478656942639,0.9575032604767426,3.3469387755102042,3.0,35.14549821744236,35.00083730794951,7591.1854711006545,6000.735864842185,0.21759346153200895,0.19943929579226796,0.01828665001471809,0.0132437379059288
Caspian lowland desert,391,1383.1697526896285,640.0183544855796,6.268465239076827,5.969002196010423,1.8466379340936427,2.044374087325962,0.21338808356042502,0.12941658885619417,0.32739651701600336,0.4887213650257773,0.8691504005478526,0.8794562611256586,0.9644719768630019,0.9734600757198122,3.112531969309463,3.0,42.38646546776725,42.94667356978889,6381.125651279391,5703.592777647911,0.1660098510065055,0.1574898462674543,0.013871275837351394,0.0094708749893254
Colorado Plateau shrublands,389,1366.9424511169511,986.4367039364574,9.907042218228648,9.198541601463134,1.7585320333687322,1.947806947368166,0.2686881284882255,0.247964356492518,0.5848429411389483,0.8165061753488535,0.8451575868298612,0.8522818138743975,0.9499452038020015,0.9602508772177272,3.303341902313625,3.0,40.91860187437151,43.3105985910101,5707.2470257054565,5281.965018655342,0.17271211260556124,0.14918251224431,0.02510208320059663,0.0151923920185316
Pantanal,388,1018.5801830403348,683.7096789847324,9.471376061569826,8.662688185486626,1.8827068851168223,1.953152123705373,0.2782731945907629,0.2623781270601295,0.44171818555736947,0.7498435555229658,0.8155617529540037,0.8213521369640127,0.9494396867415583,0.954293797898825,4.644329896907217,4.0,40.53649658201469,45.24074657779196,5481.938236853973,5186.28980154104,0.204221593141379,0.17391792869621595,0.025437930753147205,0.01879792028641175
Eastern Himalayan subalpine conifer forests,387,1304.4777938290754,895.1413975318352,15.147958470180594,10.706542694849055,1.7586496830113316,1.837678204176632,0.3546447405283389,0.3584425222643057,0.6052515631356923,0.9244295551047572,0.7996730449698481,0.8003188932097194,0.9357708187698117,0.9389315748103912,3.098191214470284,3.0,46.22135376688652,48.5554853080254,4746.37976212782,4416.7376981415455,0.16563253626687313,0.1530304276315789,0.022744058385609892,0.0178100870174894
Guajira-Barranquilla xeric scrub,387,1425.6920428469714,932.5456391604276,7.968516232336274,7.232899882625735,1.9262692760995281,2.0166703194868725,0.22912803756321906,0.1747318904557862,0.5910166561683106,0.8243894546215511,0.8415699827033154,0.8560597055243543,0.9547390463923442,0.9659634531965118,3.8165374677002584,3.0,36.8863594750714,38.52104728628275,5258.966298353844,5166.792581924695,0.18549104860901017,0.1699902901206538,0.01583551828939701,0.0100788320052952
Kalaallit Nunaat Arctic steppe,385,730.8101842812841,608.4823207788263,4.810567119495954,3.294666233835521,1.9913971062679936,2.0756999777474565,0.1165713071758099,0.0322852387138681,0.29329621542219325,0.4356886116521666,0.9435371066890973,0.9747328131956664,0.9697128767367357,0.9869326047905214,5.036363636363636,4.0,17.241850458637767,12.707881781701497,6342.201266603733,6689.0460500686,0.3273419893192297,0.3586934773909563,0.004007066644204903,0.0016779494225309
Hokkaido montane conifer forests,384,1511.0597637422252,1100.2070738994248,14.434582403552303,11.150127793320404,1.740181224812633,1.8071859218931463,0.36830413218555486,0.3708705276335677,0.5231880897835225,0.892911404123407,0.7859498580856331,0.7895853792682823,0.9423296943956582,0.9452053293235312,3.5546875,3.0,40.83922118450323,43.072733791835574,4517.221159185933,4519.6306772891585,0.14824746652467743,0.14774585738131019,0.018402319786864563,0.0149773146045222
South Western Ghats moist deciduous forests,383,1240.8932220273057,977.7072185655333,13.418058564592872,11.608219301556458,1.8176026198360704,1.9202847157166352,0.31338844989278997,0.2889741084763795,0.6494989654105159,0.9033540239850194,0.7975501646397217,0.8081973618452617,0.9465945795139922,0.9535445711878244,4.054830287206267,4.0,42.40773281099293,45.534482386400654,4838.604538807493,4570.3622629689735,0.1783647617249886,0.1656232163242009,0.021550528725270697,0.0162920560315669
Southwest Arabian Escarpment shrublands and woodlands,379,1037.8512239561858,785.2248812422737,8.598699674505232,8.54128047846093,1.8977007714840302,1.9813922648313076,0.2564147444969551,0.2315364387678438,0.5352008121295794,0.76040930012316,0.8394075975158727,0.8374617637359351,0.9597429955514449,0.9677697313394288,3.7387862796833775,3.0,31.68288596678423,31.08033462978482,6625.059618495892,5405.710724297275,0.204421871883887,0.1618969050842358,0.005696990855034611,0.0039833921986684
Northern Annamites rain forests,379,1238.418357151617,947.4148903370228,14.787466506196436,12.636026883695129,1.7464333567849437,1.8495112730802836,0.3678866296812037,0.3435790294985805,0.6575174296389453,0.9687211744156444,0.8266872185848128,0.8436381969867947,0.9452272547092133,0.9479974338486236,4.33509234828496,4.0,39.90760096539082,40.39700735227364,5779.070798595247,5318.986060095898,0.2305066118443608,0.2035332731718677,0.020400344985757744,0.0121099261157646
Renosterveld shrubland,375,1372.933176893617,941.43092577352,9.579573870878628,8.643131448134179,1.8187228101012474,1.8894356463987036,0.310998587879417,0.3210164465924614,0.5388733386121293,0.8550781128178683,0.8159324767607437,0.8365053950447565,0.94628144852899,0.952695475435031,3.6373333333333333,3.0,41.55389169721075,47.05873110662657,5092.931048367859,4987.700491791086,0.16269020519905086,0.1563287823894751,0.022933832452050926,0.0184339055913004
Humid Chaco,371,1557.338870579835,1105.5738415597432,10.889623520822893,9.683762272437578,1.9018064588041501,1.994865349441096,0.25080833466892954,0.2156781367633466,0.664867868034226,0.9058033942337118,0.8278091751903813,0.8430154493724236,0.9641596611537337,0.970823140236574,4.54177897574124,4.0,35.85981557735681,37.16717604065611,5567.767514007768,5497.961766908827,0.21062295684726348,0.2086694389806642,0.03313549269430889,0.0233151307641746
Oaxacan montane forests,370,2247.8360004014457,1287.654500136509,11.332730629491964,8.893063282145679,1.7577933391108003,1.853375388284526,0.3485071425353559,0.3442998229236569,0.5146267892915338,0.8326854315406275,0.8054781186928491,0.8178240684502286,0.9549395214708677,0.9625645169750582,3.918918918918919,3.0,41.69866314563388,45.50962259016556,4713.835230793431,4419.893542603097,0.15711378573118978,0.146784663598149,0.028127047662790654,0.020677084989085902
Daba Mountains evergreen forests,370,1831.1820836932216,1444.6618950452862,11.593542140198116,10.998816469254326,1.7296567388490303,1.8150563670143058,0.37693958877025546,0.378087669235202,0.8813866158049364,0.9916194396518858,0.8198118605105748,0.8271203600404973,0.936007842260383,0.9415745417462459,3.7054054054054055,3.0,36.1101690357733,36.32876569901319,6580.474319355152,6308.86805162095,0.2236659075229993,0.2108486324398399,0.007962610019095498,0.0039449621219276
Selenge-Orkhon forest steppe,369,1808.740801360447,1049.9063711162034,9.84907567204353,9.503989858781232,1.8535033276027804,1.9191009980891,0.2945991306769007,0.2996318126898081,0.6251336687677856,0.9271929748143768,0.839630847355451,0.8473762375437228,0.939610020276096,0.9453362612497498,3.6720867208672088,3.0,37.5195313300134,36.17994673667316,5757.109874269034,5649.06878097579,0.18442656875550112,0.1795840423886138,0.014384897999324657,0.0101868139476208
Sahelian Acacia savanna,368,1419.1127381750946,1130.9027223748828,10.619586859399728,10.148692607990476,1.8698312958924395,1.9429535426023776,0.2815951507118905,0.2628751884290266,0.603043832386733,0.9089769597708921,0.8558022665234941,0.8679908443557258,0.9519802970514738,0.9578025303799662,3.785326086956522,3.0,31.903616322951674,32.309382234381005,5975.8479360944175,5848.2970839061145,0.20613796786822453,0.19883875058408818,0.011697081660784517,0.00785218779313155
Iquitos várzea,368,1371.7323428460418,1208.772999314013,11.503327386045662,8.794695901070948,1.869518930300681,1.9753201842368189,0.2700492475547285,0.22824361816407454,0.6352116247240028,0.8780430116559743,0.8134427120485159,0.8241544355903612,0.9608875665900724,0.9680799523560992,4.459239130434782,4.0,42.721214449688645,47.668479729806414,5566.46287628112,5646.5320890441835,0.21874468514361597,0.21793394550669853,0.02620540763359111,0.01995451685260365
Southeast Australia temperate savanna,368,1385.1592159500717,965.5852548258252,10.556201277992892,10.3743173008929,1.7782381349774148,1.862217094019,0.3469341775258613,0.34275488760418193,0.5611619345679272,0.8486138964242839,0.7879054925392706,0.797164894179593,0.9342410325218194,0.9412386573531188,3.589673913043478,3.0,46.316217307122955,49.029940670346335,4465.4789984002055,4191.191243419798,0.14956365610958053,0.13798980461885868,0.022863801973814653,0.01692117920390785
Terai-Duar savanna and grasslands,367,1793.2575115924622,1227.1972578081327,10.942161713645064,11.042817051379586,1.824830732782017,1.925620372951626,0.3096029988501673,0.277452908300559,0.36032899332993856,0.6901647045224318,0.7939386403564425,0.8040463331199381,0.9543736671162978,0.9585293919601138,3.904632152588556,4.0,43.36513889266254,47.62259715319868,4467.7384717090345,4336.666409799162,0.16646064715589498,0.1602684012730227,0.02507908839163576,0.0180365064948659
Simpson desert,366,1396.1826279343397,958.6509140547737,10.977511143965966,10.644627648553488,1.6714764956306125,1.7610045595815822,0.40874999349821484,0.40945469184347105,0.6224283547993654,0.8719259276953831,0.7707338346315326,0.7770378003213115,0.9228582749306709,0.926613514285251,3.57103825136612,3.0,48.36261931867014,49.519872571109595,4570.247338013826,4308.488482289855,0.15380827091203067,0.1361461960959588,0.019165475583299885,0.017554988311900402
Kwazulu Natal-Cape coastal forests,365,1167.446140209683,870.7597988444737,9.440574179336693,8.29340158526292,1.8707260274997493,1.973003906291057,0.2669826184872663,0.2330464411913173,0.46644326430151073,0.7045172392750986,0.849626881826341,0.8702289783581713,0.9632965063222594,0.9705429455204544,5.043835616438356,4.0,39.570225583807,41.81340823090047,5397.337708986069,5525.339150563688,0.17742125912185935,0.1714473382661079,0.0215322727358529,0.0165546566436036
Brigalow tropical savanna,364,1555.400619948382,1133.5116933206598,10.815310280057433,9.54884538895471,1.7044215359940993,1.7489140341683216,0.4049213758442537,0.4258652455804843,0.3990788110386046,0.7169292351869186,0.7741267693036455,0.7842524337879031,0.933019326138666,0.9394340579033971,3.6895604395604398,3.0,48.30750774970865,49.44304468808932,4359.85344279323,4180.044214686448,0.14015843083697524,0.12988900370513956,0.021130913983498943,0.01615196624602875
Altai montane forest and forest steppe,362,878.1570113053001,528.0536077628442,9.5621121991671,9.60550324412727,1.9652927174396921,2.0112703575817537,0.2025849607288496,0.1801842505544142,0.7542149727778056,0.9012131852127319,0.8450373345212143,0.8511083817864782,0.9354797347287847,0.9437337877930079,4.361878453038674,4.0,31.6201970143668,31.57867808195126,5092.93947053099,5052.063487602114,0.1592972968607848,0.15522147687301113,0.008360358534913577,0.00584252016553995
Sri Lanka dry-zone dry evergreen forests,356,1061.559432111418,804.5695551965251,11.548546286135592,11.031913304276536,1.8561823017329704,1.9482392163196125,0.2841157822394674,0.2643992773309287,0.5237795114723287,0.8389145212682407,0.7952602996153698,0.8081615903898377,0.95089817282936,0.9570210910135724,3.9297752808988764,4.0,39.79924169153053,44.13974588933321,4323.080929833735,4213.549508474582,0.16160541801071834,0.1601001252897502,0.021974540875116078,0.018347426334267898
Angolan mopane woodlands,355,1372.532371047941,1054.6996399428554,11.837542139910367,11.538711705849108,1.71216039854664,1.8350336534198832,0.3749564404012043,0.3592714091041324,0.48920285449342665,0.8356903452107455,0.7681594229974494,0.7870879900086047,0.9376713084661294,0.9417971204412658,4.397183098591549,4.0,45.430350489163054,47.77623531500301,4576.220198507975,4072.53610676356,0.17014081829358843,0.1450967631924299,0.020740358770744313,0.0169303611672767
Amur meadow steppe,348,2510.1837060353237,1571.0615540485746,12.742394040391046,12.57504530348355,1.7995592358883021,1.8522124360538892,0.35304735432573625,0.3517624986848765,0.8176797691515351,0.9795886907356133,0.7997577859986187,0.8048951117552203,0.9170330004950976,0.9208626200583998,3.9080459770114944,3.0,43.79236173350124,44.95921196533922,5072.545688592557,4813.111263503588,0.1704810634764889,0.1657488743508423,0.010631632721058082,0.008206206152910601
Central British Columbia Mountain forests,348,2503.029582898796,1750.4715862234216,11.707144701773574,11.393519651130026,1.7940762083613406,1.8809792861111316,0.3423293287816766,0.331601892383272,0.8135328382431849,0.9722215662800168,0.8058820297039618,0.8058182340681411,0.9402816792001957,0.94873568893898,4.10632183908046,4.0,37.041570130073815,37.42096196731568,5014.14175517463,4869.532656867738,0.15957076669744638,0.15529336116340947,0.013013416017494098,0.00854428749790685
Sumatran lowland rain forests,345,1409.5607583385463,1128.5745534531166,16.408409396310383,11.686872742936051,1.776379699146233,1.8968791386003487,0.33294377202370323,0.3057296764591519,0.5590003672003832,0.9066700737662804,0.7917271731231086,0.799080831925111,0.9594783088937353,0.9628978610469195,4.426086956521739,4.0,40.35356186717183,46.86228455601153,4798.752853253219,4876.663143320878,0.21072239351664146,0.1993475044288168,0.031698811551643905,0.0274999536703314
Succulent Karoo xeric shrublands,344,1445.6068043071332,1185.4356189392838,13.21601692289609,13.153157652621923,1.7023578328715323,1.7645557248480725,0.39513703300979147,0.4081659164597516,0.7300983154759486,0.9762544601909562,0.7804041914682747,0.7819236899267767,0.9238376827587025,0.9265933464713604,3.4244186046511627,3.0,44.13650993404389,45.46761768218458,4793.015171193866,4486.052895034349,0.174960290386604,0.16687425002506234,0.01631911804687009,0.0124925987166779
Mediterranean conifer and mixed forests,344,1867.215784016849,1284.9256842796094,9.61041022946762,8.943455473434422,1.9407169704851372,2.0071992042863362,0.22207077041323073,0.2017436642030854,0.7744240104562202,0.9379956724403558,0.8590231049528568,0.8559605180847004,0.9503662671937113,0.9547656679377726,4.683139534883721,4.0,40.864872845703644,42.21230026892236,5618.124382003918,5365.8112495310015,0.19157342186805337,0.1889032191766566,0.012044806024150563,0.00896308495130175
Tian Shan montane steppe and meadows,343,1657.8325178492396,1339.2741076041575,10.112040706535671,9.712375363067103,1.8342436999914538,1.9336946258234973,0.30441086353653846,0.2729842759671663,0.7737464367523724,0.9713148389110234,0.83905854958905,0.8482360489170547,0.9401689733284684,0.9466254442680412,3.2303206997084546,3.0,36.84125721537123,36.60729037277896,5962.379640372731,5555.396516567992,0.18855573761559438,0.1828795560598894,0.010801257251218294,0.0056730215698693
Montana Valley and Foothill grasslands,342,1378.207782730954,822.4060965644192,9.804767341490823,8.156412476369809,1.8201837656360496,1.935408387248429,0.28709647595487514,0.26456866613444974,0.5231080114281748,0.7963908609276777,0.8303740518545037,0.8363603087184057,0.9618589630646041,0.9725742685285759,3.3391812865497075,3.0,31.00235110335756,29.889894580954724,5259.310864405636,4913.449649507246,0.16223575440191007,0.14160951927520266,0.01759031549334978,0.00805313355449595
Lower Gangetic Plains moist deciduous forests,340,1219.541996047252,884.5211652165817,9.707816973671672,8.28720289438437,1.8715044159642988,1.9676246875241046,0.27862250840056163,0.2457515080979878,0.5060035768064098,0.841873762579105,0.8195734420093811,0.8336646291417554,0.9530740772491093,0.9598808835276174,4.220588235294118,4.0,38.15461275308007,39.148810503174104,5489.676019749708,5396.528544323539,0.1925840270620966,0.18960739346159355,0.019500793845321874,0.01424404989880905
Sumatran montane rain forests,338,1563.864866154269,1103.1848231648137,14.796131534664049,10.285213481383805,1.7218253263230248,1.822523705741978,0.3664469985244387,0.3584681214487399,0.6419548506160098,0.9302398137686088,0.8057546074833213,0.8251821081544722,0.9488179070744192,0.95680723981313,4.5,4.0,40.379077441122696,41.999726193048645,5125.051276311898,5018.593657645682,0.21181311061834135,0.1946741239426145,0.03432965099978157,0.0291224352595375
South Central Rockies forests,338,2367.9650556891706,1543.360484180795,9.528893564783223,8.470568581997547,1.8709719797873223,1.9682991293496086,0.26760548120193656,0.2426641371959466,0.6840404361510354,0.9109083114280824,0.8587501431747514,0.8625019004826403,0.949180684449495,0.9551198951412012,3.2544378698224854,3.0,40.78566859504159,43.01946395497621,6106.375590528263,5919.4153677325485,0.2122497701588227,0.19166421195986189,0.015805037182124157,0.011369298272434
Palawan rain forests,331,1485.058613240344,1095.1203966844312,11.35745191490629,10.578143851563263,1.68702587581925,1.854209938666152,0.35967945438808074,0.3320947856263794,0.5537697577608458,0.884425745084796,0.7891359646149357,0.812466077104894,0.9492579803200346,0.952751743372432,3.59214501510574,3.0,39.60729805448351,44.44994217272337,5242.076749526172,5055.067520177314,0.17155682227542043,0.1686123409135753,0.028252306393541062,0.0244540311968003
Madeira evergreen forests,330,1700.9977969159493,1017.4834322928815,11.506390707495973,9.018217276142312,1.7733293188316752,1.8774434623554652,0.328894151093891,0.329597533291235,0.6375607972462999,0.858874927520604,0.823462165977919,0.8325342157714588,0.9499184729686598,0.959878820640223,3.0424242424242425,3.0,39.93599663703982,42.365663656508445,4991.126266516586,4570.106928425503,0.15541426387306154,0.1450289992862811,0.01469995598800146,0.01074416196900085
Southern Atlantic Brazilian mangroves,328,1104.9327332289292,903.1072450299573,10.355023548972202,9.456580372984172,1.9073926036148503,1.9859709800396819,0.2530639330292505,0.22341510974921142,0.7366299561061641,0.9489849260416054,0.8289970107876571,0.8360399974308821,0.9549221399468804,0.9602073316032189,4.777439024390244,4.0,41.413154762629155,43.75538223643356,5437.729705374717,5291.015557617497,0.20188821070514723,0.19803710263745983,0.02276588557146848,0.0163757482418991
North Saharan Xeric Steppe and Woodland,326,1120.7665296762852,641.0004612207587,8.711041289451549,7.5486666069041295,1.8265308178655544,2.009641392234447,0.27467771575644406,0.200663440688576,0.49892575540133816,0.8031680676087594,0.8610205485999423,0.8742854839393921,0.9542873237092556,0.9590785501059337,3.441717791411043,3.0,30.955175673646846,30.77713505508093,6008.33025403769,5638.918167738642,0.1932803697653627,0.17545260532215956,0.009568449736804378,0.0052888119163719
Central-Southern US mixed grasslands,325,1417.3311061592183,940.2042954096448,10.827558809999285,7.272716603990428,1.9012972637056682,2.0180282632535764,0.23412199553836632,0.1862377739649672,0.5869183153512876,0.8240788403723375,0.8289797141828885,0.8352486826947921,0.959842039299401,0.969316346977558,4.1692307692307695,4.0,36.8398793374883,38.482191815221455,5069.772577445007,4775.735394078904,0.17321926657364184,0.161634169639711,0.02201307884126888,0.0151201590798117
Nujiang Langcang Gorge alpine conifer and mixed forests,323,1354.2645082779877,829.5543957484449,8.690593101056061,7.985144941904859,1.8257764203315296,1.9299744040705056,0.30110893065836475,0.273264512268103,0.714011752633056,0.9413874512736246,0.8557177646249037,0.8617599373954351,0.9510940478499744,0.9545879415407732,4.130030959752322,3.0,36.43251075964146,37.47025191839396,6439.095953747591,6194.291705166999,0.20607513522673584,0.1912403257739381,0.010375111951152153,0.0055317513926358
Monte Alegre várzea,320,954.894887004201,734.7856168818394,8.505467818951232,8.228503566773401,2.0030744872572863,2.061762983536252,0.15299509124769306,0.09701764696094164,0.649229222924548,0.8330418483308426,0.830317892072828,0.8353447467669497,0.9701152876469109,0.9763770262335113,5.040625,4.0,26.360348443973596,22.648437969889805,5187.173581788193,4992.972424639337,0.2068174957640439,0.2037533550304326,0.0253757104925769,0.0182832187536019
Chiquitano dry forests,318,1386.859390833095,1044.8578997514694,9.869776970976323,9.339647985778425,1.855095923303745,1.965016522920147,0.2751400551291254,0.24504944819742086,0.614589226646208,0.8702085307189291,0.8330354611875329,0.8334184849616144,0.9545707223601119,0.962943624170838,4.559748427672956,4.0,35.97431507928504,38.17315303302611,5361.627108381444,5102.354516322543,0.21191672509645249,0.17716494906406477,0.023771155605087007,0.01113716464992445
Southwest Arabian montane woodlands and grasslands,317,1094.8865754715187,863.2476256080323,9.207618880796346,8.865071392638011,1.8709511114640807,1.9491701027523145,0.2788669746608678,0.2714610907725523,0.614604093996011,0.8603735573129372,0.8339117468954369,0.8426306217414722,0.953580182266955,0.9598698913788288,3.6498422712933754,3.0,32.82028126073546,33.88697929735422,5517.864565404161,5290.336739765154,0.17967051324078542,0.1656017803858425,0.006053054130420121,0.0034300311229773
Khathiar-Gir dry deciduous forests,317,1232.4483354834904,881.2806013697157,11.54981106491952,11.076595269177483,1.8656711755094078,1.946511314256633,0.2859780453754326,0.2753352683699126,0.7116582075197664,0.9348268583014352,0.809292173947102,0.8154023604408331,0.9362435516317147,0.9429916148227016,4.022082018927445,4.0,40.11745011372655,42.83834471424,4748.887016706632,4631.799995551503,0.1604881093111478,0.1568968054366438,0.014433312066400366,0.0112852797263025
South Deccan Plateau dry deciduous forests,313,1342.1331546764407,1006.2204937326353,30.170339018485915,11.876154975088353,1.8570605986152924,1.9416699765874879,0.29373366085084257,0.25592164526016814,0.5344098537353149,0.7943783558734973,0.8084002387485717,0.8031602968023914,0.9478822751018847,0.9545773984523396,4.36741214057508,4.0,40.743047537746946,45.5605184964189,4373.38084277228,4125.794836337601,0.1665251760403855,0.1534768142606271,0.022937659112190947,0.0165321668270223
Southern Cone Mesopotamian savanna,311,1321.898004621026,1060.9917298541095,10.98208947832508,9.548987379153983,1.874212726821443,1.9860059006094,0.2683684416444166,0.2215970968656295,0.673948853726138,0.8742939700794438,0.8412868550579613,0.8540628096948663,0.9479845759289445,0.9609400161921956,4.254019292604502,4.0,36.79374843593112,37.32736944292704,5621.253002907611,5576.846112514326,0.1938727256696634,0.1871316799673409,0.014582663766455633,0.0082041227332118
Brooks-British Range tundra,310,992.4201992770325,604.8341452841555,9.219947875972059,8.310672020171356,1.8164600126776511,1.9622164365289638,0.2861229978291838,0.24915475442584964,0.5942714321393539,0.8902849834666892,0.8658084834875244,0.8845187533386052,0.9410576641640902,0.9470485700961588,4.780645161290322,4.0,26.61275282413458,26.5397556982154,6816.570080451044,6726.012497397347,0.2801675320230991,0.24880054359698678,0.01387806666959785,0.0060386560865216005
Ozark Highlands mixed forests,309,3013.5080125953527,1579.3275615816815,11.489184371224614,11.168097349482515,1.809979745365155,1.8373261769881244,0.30852072061786956,0.3488647860710898,0.7632086507409828,0.9743506038108422,0.8206557853136118,0.7928235064065978,0.9468610443706965,0.9508895479259896,3.576051779935275,3.0,35.19685776341883,40.31861934657887,5430.01598375748,5117.64841208616,0.21899324608057424,0.186266979301423,0.012045954750941824,0.0078271693611513
Maranhão Babaçu forests,306,976.6909449584394,680.9775499301702,10.310781856237476,7.912942795581033,1.8599077779195112,2.023908633432688,0.22995268374476133,0.14622337670227809,0.5475349129889764,0.7973168124254641,0.8058881949332878,0.8370547102334087,0.9688469408103534,0.9765490460131868,4.5816993464052285,4.0,23.926427286711075,21.824898775885753,4656.243923416773,4260.727570957555,0.18553334350042866,0.1705572458160552,0.01120196982387188,0.008077103274454149
Magellanic subpolar forests,305,981.4541490404916,728.6295216586058,10.93966463371503,10.501589957624724,1.8377548195544022,1.9047418309620092,0.30318461942021624,0.2942260454332229,0.5272654653791805,0.7975519993965638,0.7979693904813431,0.7963298768460919,0.9438833353261561,0.9547929261160234,3.5213114754098362,3.0,41.02117585946493,45.02111801359031,4325.457123268224,4041.979860702353,0.13821859804203307,0.1264076806736429,0.020196385510842744,0.013888828426088
Appalachian Piedmont forests,304,1244.635481378717,951.6710670433977,11.222939730406443,8.590042188194602,1.8701224085287682,1.941551677921347,0.27348568957242014,0.2644994649937523,0.6733946821236184,0.914818055578974,0.8296415193415069,0.8372482813155031,0.9547461016770855,0.9601089151359634,4.184210526315789,4.0,33.06727957553404,32.32297846272107,5124.367654714072,5118.071480311601,0.17422650001128953,0.16505672437881985,0.01492281705025353,0.0071892871560948
Al-Hajar foothill xeric woodlands and shrublands,302,1219.3015245892186,895.0789068242377,10.603721905372243,10.192655862789003,1.8662513818166153,1.9647685610088526,0.2734867582446745,0.25303928468115855,0.6681002794318917,0.8802262009544561,0.8292158170032028,0.848232356543624,0.9494355064992133,0.9563589908708443,3.3741721854304636,3.0,33.62015167960297,33.89352981959918,5194.66829051529,5287.03030194776,0.16045247611452132,0.14846682174793097,0.008721758090466348,0.0046427374144382
Azerbaijan shrub desert and steppe,301,1257.6875032685239,920.455643259502,12.549290414514093,10.857468772406635,1.8636547549514946,1.9544164163769604,0.2704301910316763,0.2448312808090389,0.7397070348993319,0.9441920265546598,0.8590072624301075,0.864330737268068,0.9457947030603213,0.953873152864424,4.259136212624584,3.0,37.96485500698645,41.21075230749239,5690.89702779967,5226.716361668353,0.20217367071112238,0.1867917071984435,0.01591392542619822,0.0104154226489146
Arctic coastal tundra,292,2336.425996214895,1067.9653661284146,11.048700873230365,10.790353982790087,1.6999545727634804,1.7757766590102246,0.40786299269203763,0.4144415825603184,0.47966550451805184,0.7539948577282416,0.7784880711509321,0.7869523936947764,0.9353796745668144,0.9432467150216368,3.0273972602739727,3.0,43.092183763829794,43.94261960963006,4392.668727503014,4013.682843884889,0.1160796220569319,0.10204291494882009,0.015465727040131981,0.00986039787584845
Ussuri broadleaf and mixed forests,291,2880.377493694976,1389.6329482762076,7.685578289884521,7.354445317623447,1.9712797152772887,2.0469887440302643,0.18996292438126405,0.1343855522252153,0.7149068556048882,0.9038231411652008,0.8871476949139536,0.8930413825345034,0.965609491753915,0.9696199139514378,3.7353951890034365,4.0,51.70608016265971,53.5881950167898,5909.24894823366,6001.875325637872,0.19785052002711087,0.1981512807166966,0.024005645063460066,0.017372817030492
Drakensberg grasslands,290,1282.5920049387332,1041.2696053930567,10.726597851744229,9.26282667187875,1.7786296732412716,1.8676697273117218,0.3236407070444825,0.3281879562351435,0.681376098657987,0.918721298780992,0.821777118654927,0.8413631201707694,0.944451084734265,0.9506247451847616,3.882758620689655,3.0,39.81699263533996,41.46997986604249,5313.032598104647,5222.761922954267,0.18614281611279904,0.1835934799785506,0.015865581780827094,0.0116594389839351
Mesoamerican Gulf-Caribbean mangroves,287,1397.2834822391997,903.6579116766164,9.883317718307538,8.7640163770863,1.8101643789424724,1.9875067362991432,0.26489501027903334,0.2046884989895083,0.5616839855296413,0.8065500521923382,0.8209403483463956,0.8259375672005433,0.9540364751090046,0.964468418280807,3.9825783972125435,3.0,34.76395661237119,33.77629430024686,4987.583526131157,4749.837982850012,0.1678120401917194,0.159649170492785,0.018591585718991468,0.01234366655223545
Rio Negro campinarana,286,972.4415510638369,836.1125324868983,10.059647466815857,7.7522393745511655,1.9341904543870951,2.0427289365564785,0.20639401171268187,0.1357544959541836,0.5644240195001033,0.7744370976937167,0.8135293659503059,0.8270493764532163,0.9647745054889664,0.9701110766578799,4.2622377622377625,4.0,30.070259496274772,26.545713603361484,4676.611153029354,4475.66652699059,0.1839945716286407,0.1687018846672102,0.015551880506452348,0.01091594330567805
Tian Shan foothill arid steppe,284,1883.114046476655,1350.4092922321622,10.295443221684442,10.159094828732133,1.7086467364174283,1.8733172589886102,0.3258931122016137,0.323302566356571,0.7775517109264263,0.9761107388896617,0.8251317408254439,0.8326313424701055,0.9246554738443005,0.9320420143651539,3.1795774647887325,3.0,41.097185019024224,42.183268178322244,5905.925926826119,5514.930472491057,0.18344012064835932,0.18791196671413957,0.012009310834982315,0.00724769373000415
Northeast China Plain deciduous forests,282,1075.9311731265548,918.6238010136698,6.359347840396335,5.783476496875958,1.9606890326110158,2.0527235544842455,0.18687956071571576,0.12092000219383636,0.43784546867775476,0.5840401910142817,0.8545210550808052,0.8623423475433137,0.9693349168925364,0.9781806801488622,3.5354609929078014,3.0,26.071513678019745,24.74529609548141,5751.030260663306,5518.368443493333,0.17448957759284575,0.15453850635365846,0.007737613466615821,0.004093554378257451
Dinaric Mountains mixed forests,282,2515.514595930791,1236.8695598530992,9.01733011116138,6.937204113070328,1.634823704004134,1.882187131747303,0.2957434822766247,0.28295855214384547,0.6650788797184233,0.8586796545954365,0.8592417642708327,0.8668270553075643,0.9410205718016678,0.9521746671248832,3.868794326241135,3.0,41.015722229629375,44.11966344664026,7958.800142699501,5974.761796473092,0.1864331390323255,0.17824245906106811,0.012761096289893015,0.00471254607158585
Suiphun-Khanka meadows and forest meadows,281,2240.9561120107865,902.5340597956452,8.064633449078723,7.912034630160608,1.9260584829011729,2.0226389658934925,0.21427481043732563,0.1691858049602058,0.5245188518027418,0.7113887628896552,0.8612666015640441,0.8768842247761992,0.9659934021493372,0.9719271563654291,3.113879003558719,3.0,52.353434117467366,54.27833643877116,5295.3556539726,5175.568390480926,0.1599242662365959,0.152696621295103,0.028404830876504326,0.0221097506395903
Pernambuco interior forests,280,1373.1820643583046,1078.509700737906,15.346155052300771,8.496242502942938,1.901840501588755,2.0036641562584854,0.2475428352531505,0.2092263782597103,0.765559543730801,0.9375211239046848,0.8443303617332639,0.8550209234129582,0.9494646591184286,0.9538104692316095,4.839285714285714,4.0,36.8095722856807,34.532285417124086,5123.468498568104,5057.745331015174,0.2043282005118944,0.19302860717926157,0.024340481404810772,0.02036049892826385
Sechura desert,274,1268.5572660321204,801.0054181038267,9.140770194779178,8.068274730196725,1.8909982314773865,1.9793165388325984,0.24317744264609353,0.2260175763182237,0.4844449922557571,0.7008183846699564,0.8242202146911061,0.8355959512480193,0.9522337615902464,0.9621626252469272,3.4051094890510947,3.0,37.54076329434432,40.56353749713004,4825.247254550977,4355.432580403903,0.1477138568343379,0.1404208345702343,0.021247410527503837,0.0107806456511756
Bahamian-Antillean mangroves,270,1666.7328867326116,962.0891249886678,8.702773267425725,7.542665778489161,1.890454486731532,1.9678121269959443,0.268358601561623,0.24520343329805888,0.5051225634061614,0.729778353582545,0.8359028844383004,0.8403219577963812,0.9482111307671761,0.9580458602530304,3.774074074074074,3.0,36.41398886763783,34.46888606282472,5142.800298975737,4854.872959849409,0.16331766366606484,0.1524692643025078,0.017941547159874123,0.011212767075707699
Rodope montane mixed forests,267,3276.3010617646664,797.5883372475505,9.752440970918592,9.558492780138716,1.5614942318593732,1.8658687086734704,0.31763070491240036,0.2896143351706222,0.5925487535233398,0.8609457215994673,0.7864986261462645,0.7892320849659137,0.9514057966207395,0.9642529546920025,3.093984962406015,3.0,29.386880880906183,27.3300137863733,4705.509435786054,4054.296508173109,0.12371941345649275,0.1160100530217717,0.014095038703069813,0.00929629936958485
Greater Negros-Panay rain forests,267,1441.53990723172,1088.577043758913,14.12195376914904,13.09127130941496,1.6550440616314952,1.7938966945883568,0.398023281835064,0.3763269530707738,0.4504091304425978,0.8962877393683848,0.7423473130900337,0.7665573004122951,0.9567118486620957,0.9620634563030294,3.554307116104869,3.0,42.740081975371375,47.227109696217,4009.9137957164953,4049.10262186427,0.15872394502873347,0.160183430666004,0.02168329011964525,0.0170944290332797
Central Andean wet puna,267,1041.5896331934437,605.3913610233869,7.781684433932854,7.058269699369927,1.8744604129893199,2.000228558877455,0.2513779150607195,0.2090955781647427,0.49026640875924204,0.7444096021813909,0.8290016302364618,0.8401881600516689,0.9502148037727502,0.9653664833274516,3.0037453183520597,2.0,32.32775266965884,30.879237191233276,5447.566114377375,5172.23833876119,0.15710237765093543,0.1471597708026509,0.020130324092246688,0.0139228309867946
Central Korean deciduous forests,264,1675.041453520919,1348.8027668677569,12.282828106206217,8.175957256616833,1.8793635054377742,1.962220871997336,0.270766340044572,0.248779053036074,0.596141013963748,0.8648289161493445,0.8407437286862024,0.8459979102920641,0.9548482353610624,0.959745839413602,3.9583333333333335,3.0,35.22140542498215,35.193639406805424,5139.584938183817,4927.517761913552,0.1621432309217312,0.1542557703332671,0.020693232276924756,0.014705898069037049
Nihonkai montane deciduous forests,262,1119.7025196967318,870.7356937697657,9.811463952284907,9.043950171720846,1.8662959063536013,1.989787220089525,0.25959314580085063,0.22802886084121865,0.6594781540469504,0.8462946290657739,0.8410117926236286,0.8516381553456058,0.9500320326951863,0.9585191230007954,4.488549618320611,4.0,33.211286781360556,36.6698564194059,5200.382242268901,5162.20884911698,0.1960046814433702,0.19046437906095995,0.013364247224003244,0.00997391872083285
Gissaro-Alai open woodlands,262,1548.120891725203,1261.6782332614684,11.145348669017192,9.731354574031299,1.8554085685412534,1.8937843584738165,0.303948933962089,0.3095291778158601,0.8079833313811178,0.9356906708123952,0.8804869066182199,0.8851890561118231,0.9481371923815292,0.9518267819163366,3.9160305343511452,3.0,34.97875556657822,34.01760302756905,6787.609135054832,6847.819389851356,0.2253339060136096,0.2186823523752927,0.010621877539671922,0.00431247840732815
Magdalena-Urabá moist forests,258,1344.7615895516012,859.2125855716772,8.54583623353431,7.087550107692884,1.940915944825931,2.0370748817356485,0.201132839732651,0.1421353417606541,0.5589567098362419,0.7755316110843204,0.8262002709807905,0.8384429923530935,0.969431522040405,0.9776516735727532,4.534883720930233,4.0,30.84595207031246,27.977084375518455,5839.728540456276,5344.0484712250845,0.21164841790258349,0.18693571242771065,0.01835553132473838,0.0100352077939486
Solimões-Japurá moist forests,255,1315.3160519531755,1043.1754341430335,22.659038866672223,9.700987286687871,1.8862922059982627,1.9894029871423893,0.2487401655725947,0.19928082843825656,0.6502524755458662,0.907280661468891,0.815886304805703,0.8305602263003894,0.9626372832526412,0.9688239645509203,4.298039215686274,4.0,35.38399164223098,36.95608797192028,5366.331303562794,5205.809467480069,0.23474617710166717,0.2132628581645094,0.025157713628534417,0.0138749944659615
North Western Ghats moist deciduous forests,255,1066.8125386284262,769.1306438638705,17.696858765601668,7.946202161591918,1.8594440530563954,1.9810026635195088,0.2727495322744549,0.2321887034659822,0.5474072586818115,0.8802307170416108,0.8287020746163166,0.8408825279997213,0.9532071138420927,0.9611723445999272,4.443137254901961,4.0,42.51776578186294,44.57050273124443,5541.277541572025,5447.630376027543,0.21701440219788792,0.2122428548994974,0.028053466515442143,0.0133942920097824
Vogelkop montane rain forests,255,1425.1058763781673,836.5370460775308,9.892378185788145,8.707221669071352,1.8380731425301662,1.9509751155412989,0.2854763908238389,0.2510709091271341,0.6797367644145346,0.9156268516151396,0.8205362578627734,0.8436407151270808,0.9558471003564819,0.9635807152971428,4.133333333333334,4.0,41.76068970250471,43.72230998081707,5250.191196084963,5279.308402572076,0.19143569124671236,0.1923101286382536,0.022756461591616033,0.0147629977731758
Congolian coastal forests,255,1362.4099736043604,852.6713877119561,11.370396430077715,9.223842789562896,1.955924796866691,2.040502549045894,0.19867939030005916,0.1448906741371043,0.6622169690581803,0.8822680767174543,0.8218130875683641,0.829643168865188,0.9677776478978662,0.9763977850395936,5.823529411764706,5.0,37.18401222536228,36.279304630945326,5357.971157667537,5248.905047284877,0.21717801258848957,0.2104878855893186,0.017509446886560195,0.0120714172544819
Chin Hills-Arakan Yoma montane forests,254,1254.4723032292118,1004.3411956746259,15.788917464611767,10.551936030875375,1.817576052719526,1.8969696603854722,0.315310054078945,0.3013661287788394,0.6776681084528879,0.9236696350398634,0.8323596386510084,0.8513320327181088,0.9484995667759415,0.9540427268938085,3.8307086614173227,3.0,44.3533334633674,49.08976950399668,4881.425144525788,4867.643638577878,0.20301995954763383,0.19941266586184564,0.03349963266384596,0.021631505040061047
New Zealand North Island temperate forests,252,2264.068721705939,1425.1833574432258,9.07796419006844,8.302172129026117,1.8577680630595976,1.9182433440491928,0.30182124863260634,0.2987180882913287,0.4791128638782075,0.6705514919609838,0.8349324498199768,0.8360880885299333,0.9528892407661461,0.9575713483793226,4.567460317460317,4.0,35.6078339152089,36.02082207616862,4800.476148803896,4737.589130811442,0.17271489870962356,0.14416917486224964,0.01385574311226638,0.0096737636256703
Kalahari xeric savanna,252,1447.3264129022755,1003.6941072914672,10.576678605794372,9.711077866636934,1.8291411520653595,1.8912384412662395,0.3194376642381302,0.32034684985128725,0.5118607239171649,0.8302095586226519,0.8374182863235594,0.8486891191247931,0.9407406895065539,0.9450551840360428,3.9801587301587302,3.0,39.114595586935465,40.49016093533555,5784.105760467043,5765.501715951623,0.1949012166764421,0.18623824236414993,0.016063890525286083,0.0073162591418357
Mississippi lowland forests,252,1937.4587744738403,1403.5769392276677,16.79837344792242,10.899139230187352,1.8983899926943997,1.9632765348134857,0.262097201807937,0.2456933572921814,0.7095350588925645,0.8920100138057545,0.8307175825548235,0.8242694250905516,0.955605983373211,0.9644536459918086,4.222222222222222,4.0,39.75511417134045,43.24336861984457,4557.58399093968,4310.264789309905,0.1987835228249324,0.1668133536908959,0.0202963194732135,0.01269917378296565
Northeast Himalayan subalpine conifer forests,250,927.5637587639585,825.4472870816521,9.334083091062949,8.594587829922586,1.8824155583059878,1.9765399829423935,0.26714137211042144,0.23418942164510065,0.6739851138471349,0.9486709503988227,0.8640274126915027,0.8761119720972279,0.9492380097400841,0.9551821725827834,3.86,3.0,31.64043927289969,33.165357214582,6358.008782080347,6320.777363727954,0.2069873165014345,0.19586098030917634,0.008879220071824859,0.0051709390283782
Narmada Valley dry deciduous forests,247,1847.0182599442908,1223.9689914954777,21.520355360411134,11.53103190444189,1.7967161564931495,1.8421480516530395,0.3453390255332073,0.3563395436589822,0.5515936912598345,0.8168687177686631,0.8063611680088502,0.8150597400874231,0.9378261216451153,0.9481526276599176,4.449392712550607,4.0,41.890064651713466,43.86698245915973,4159.229114202869,3811.9531690149743,0.1523037802033221,0.1362631248573385,0.014169437665736256,0.0065233815771059
Everglades flooded grasslands,246,1285.320481603396,840.4381506052698,12.122139660481041,7.438969622001466,1.9477500681401483,2.006309895477582,0.22065928456030962,0.2089101803672048,0.4228146008903289,0.6184238753859257,0.8323148427306291,0.8367033742200956,0.9561783408743468,0.9633702907552524,4.219512195121951,4.0,37.49084922825666,39.843834243124206,4969.516710773951,4814.381268817784,0.17252474784326632,0.1608676047763793,0.015546227357947934,0.00857688243474515
Central Andean puna,244,1311.0126604607094,932.6780036943884,9.479721772442353,8.874770186692858,1.8429774623957926,1.9168770950446286,0.2919552503036597,0.2932975675463464,0.6765165743346209,0.9431120722349224,0.8231289804336726,0.8329672632242938,0.9365970058945895,0.9463251588631542,2.9959016393442623,3.0,43.45448938556781,46.39252568309921,5814.082430156828,5646.367637574027,0.18218941196693672,0.18131074740835956,0.019857273444108127,0.0153160774112579
Jamaican moist forests,242,854.9174639207687,654.4796680192371,8.71654806060487,6.962595552130033,1.9073664819690117,2.0283720743584626,0.22199863335420889,0.151926456334145,0.755393859744069,0.9195489917988081,0.8526274639534597,0.8705656055667632,0.9462779515610462,0.9562908044766456,4.553719008264463,4.0,38.10929783610762,40.278769859009486,5913.881305529071,5765.283173930364,0.20696765559685923,0.19872267455727105,0.013030154738442153,0.009341959302326099
Gariep Karoo,242,1558.9266031286859,1188.7558393980944,11.650106166813304,10.588142998095385,1.7190903973711242,1.8134927132749548,0.37485223754744207,0.37181155819174494,0.7970291808589395,0.9641831991144993,0.8177884358349596,0.8292194284547538,0.9237110743963731,0.9297091457614617,3.384297520661157,3.0,44.52258062655895,45.40658351516905,5953.387280587317,5441.689273748672,0.21503408941661625,0.19361719616284745,0.014204609200829948,0.01046658273661625
Meghalaya subtropical forests,240,1102.8067846685647,913.4338782931292,19.839525875333326,12.633145426147497,1.6815810908377842,1.7703277148874088,0.4022126022799815,0.41150691221482383,0.5993105655074776,0.9467650565246878,0.7812094880705579,0.7903049848983128,0.9337555276397066,0.9386162737457355,3.7041666666666666,3.0,38.90170759397045,42.721955980439496,4806.404689974472,4669.463188861349,0.18925095202789302,0.17648241950573507,0.019654120384195378,0.01810683010290505
Mizoram-Manipur-Kachin rain forests,240,1101.9227187627446,768.7293014714428,15.432025784264717,8.490301768732895,1.9033273427631074,1.9997566194406873,0.23935028997974572,0.20408019571443176,0.6121024416779816,0.8517532812989174,0.8307352497475368,0.8482780075777467,0.9545304047128513,0.9626079938453413,4.133333333333334,4.0,37.83039889287707,40.53580633089434,5072.522488970109,4891.335934666542,0.18480059338740512,0.17220629207825244,0.016955567997484152,0.011320640835666751
Hispaniolan moist forests,237,1482.8091831917452,816.9724017436683,8.64090109137109,7.590725328294488,1.8872378561410748,1.966999417359265,0.2586728034748726,0.2501254017105645,0.4618943564279916,0.655065632507176,0.8244496442114564,0.8365853056014653,0.9584981743337657,0.9734867936668732,2.8945147679324896,2.0,40.2234643295801,41.25522102977445,4597.18693530443,4344.290454028056,0.1418698714760766,0.1246332094431607,0.014702814331767105,0.0114833021714036
Alaska-St. Elias Range tundra,235,1995.6499565679069,1354.2289073194243,11.769605761197674,10.579122301642922,1.772776406681815,1.832890223088509,0.350156296102004,0.3749381973400134,0.7406678028870616,0.9634540957504996,0.8230410162996633,0.8252771501911295,0.925349829328658,0.9290956147751273,3.595744680851064,3.0,44.84692908074631,46.81983087608547,6009.51403028038,5291.269317696657,0.20777102521946603,0.1836538224566246,0.01371029832144245,0.0110096053156989
Kazakh steppe,233,1973.7421254516032,1229.543252658335,12.057040820190926,12.197785066702206,1.8064409991111166,1.8261013554299028,0.34513478030763733,0.3628908071530046,0.6509938298914121,0.9048856305841638,0.8068628754420543,0.8189903577983857,0.9406719762611842,0.9490434880055634,3.240343347639485,3.0,44.21595843163107,45.5484354445873,4863.142838916236,4767.145917861854,0.1614388150315729,0.158446396797153,0.012045868439936071,0.0097308274216783
Qin Ling Mountains deciduous forests,228,1965.313290137366,1348.223463448848,12.39347614004144,12.153911030060335,1.8564190513255328,1.939831668850767,0.29511882254630867,0.2723898710776774,0.812088517869643,0.9621941211744242,0.8193532249846301,0.8208119631067589,0.948462214296912,0.9540913258107091,3.9210526315789473,4.0,29.897993265368434,29.299269363199492,4667.154050368292,4466.818521040854,0.1740939411474257,0.16655529447661088,0.02586461059218762,0.0234466827518851
Southern Mesoamerican Pacific mangroves,226,963.3174721081695,640.6068699404682,8.64979275707115,8.385756213680716,1.926057607226862,2.0061100898773425,0.22524265991379677,0.188986052603163,0.556239885711751,0.8069102904081341,0.8302196986227016,0.8401736146948069,0.9617670653845506,0.9686905140274843,3.8805309734513274,3.0,37.43856480123039,37.91438322930354,5002.020144382673,4901.054213699282,0.17242068692281712,0.16532425379863805,0.0226366308666815,0.01350412571156215
Caribbean shrublands,225,1677.9987228994212,850.1689493509555,8.201970611010978,8.058285408889216,1.3705290393047092,1.8164524906941584,0.29837670636380437,0.2831313703284255,0.6828620146119553,0.886736138395071,0.811059636008004,0.8130250084419662,0.9494655086217195,0.958594696056278,2.897777777777778,2.0,37.34923901902941,39.89342358928947,5132.622114195095,4538.340985191474,0.11487261647593312,0.1088230298913043,0.015097220508624724,0.0092645163744429
Maputaland coastal forests and woodlands,223,1501.0431985273242,1004.9972413051694,9.58030848937809,9.009511159622232,1.739846326863261,1.910411311989391,0.30551375018832794,0.2887020889135914,0.5631813690154158,0.81815480874638,0.8209257679267759,0.8406992557909851,0.951612836214342,0.9595961481318491,3.8654708520179373,3.0,41.04104621366556,44.519944674045576,5042.456348673597,4984.292195386306,0.1635744974381123,0.1659569151957357,0.016039844607060566,0.0114163883214391
Hokkaido deciduous forests,220,2753.1938647987367,1800.530693997912,9.000066275612607,6.891815792698753,1.6675152834672566,1.8502880872679066,0.34575807530341374,0.3287780208861302,0.6047886717822254,0.919611201521395,0.8577702092375492,0.8728623156623845,0.9581997677928162,0.9651808049859173,2.959090909090909,3.0,30.323092929866664,28.21847897773589,8259.82377822091,7026.418816514623,0.20760202999061966,0.20126442202184905,0.018813659151726923,0.0157026945570783
Cardamom Mountains rain forests,219,1619.545919941834,1197.405676943686,9.097797643636552,6.943636100736821,1.8999874432920703,2.012206807053042,0.24848604055666018,0.2007187382906972,0.5317505723593453,0.8537127635392917,0.8304687666302686,0.8384671838866009,0.9631174368933352,0.9655610576088384,4.401826484018265,4.0,29.977372744860304,28.871706288028676,6290.802346601699,5644.948532268194,0.20149490288607685,0.1861990418683028,0.019950831093231113,0.0134302737783307
Eastern Anatolian montane steppe,218,1140.199238101845,910.5322444306912,10.943002823167284,9.181241676172231,1.9354075017697008,2.0049744195754537,0.22475905092017237,0.20574290718358312,0.7433196475314356,0.9223117124999748,0.8683961334443897,0.8837629768101057,0.9524160402138202,0.9592001571822513,4.073394495412844,3.5,31.42090733602239,30.395447333938293,5939.324900188916,5953.94617890476,0.1923453643816519,0.1834857108447196,0.012173017731431925,0.0052432659656219995
Crimean Submediterranean forest complex,217,1426.2557238572658,1040.7034860639087,10.441065916474397,8.012000776114132,1.883522871299729,1.9905163009076874,0.26539438236378954,0.21908710250846705,0.5843202195796727,0.7249477454311793,0.8467470582615224,0.8424530649901902,0.9612801844319527,0.9681589098757925,3.815668202764977,3.0,42.64534249273706,43.24821340112599,4483.344762266827,3896.1871301738615,0.13762134380146943,0.122381802262931,0.006908021140418492,0.0058169447443618
North Western Ghats montane rain forests,217,1088.3503867215363,805.9075862362656,12.215311009411321,8.18240282928028,1.8994049574796432,1.9995002572628549,0.25207924159453443,0.20188834485571144,0.51627591309032,0.8723813354148227,0.8388400959632197,0.8532733376241987,0.9529524378479528,0.9591937221552878,4.345622119815668,4.0,40.39540627562019,41.49257584123936,5458.214135065782,5391.170983809519,0.20818287776147557,0.1967584845334396,0.017547599837858002,0.010139913223462
Granitic Seychelles forests,216,1083.2224401879605,759.0082299511073,11.165456164589672,9.681567296226326,1.8893534636773677,1.9571679087244536,0.27222792573777344,0.25715622426356544,0.5409705791520396,0.7791939936463308,0.803387861518173,0.8121095498866706,0.955447350172502,0.9617080425480367,3.3472222222222223,3.0,28.391625909015154,27.793607127301733,3951.488781058184,3778.551586306461,0.1288093291290412,0.11888680567380965,0.019688019502080975,0.0159330781028508
New Britain-New Ireland lowland rain forests,215,1539.7708963013379,1324.0935111431045,7.955528802102016,7.254875360948546,1.9717762521203133,2.0413592909772715,0.17926176345789394,0.1474779269630637,0.6279721837803419,0.8028777079566248,0.8666395779347443,0.8725278339378549,0.9748523062750554,0.978844602445341,4.8604651162790695,4.0,26.467117777413304,23.911422162480164,6223.481418885717,5652.093520736114,0.24886918610883707,0.2144219988746304,0.01586245602088099,0.0094680553736562
Euxine-Colchic broadleaf forests,215,1202.8741876791744,617.3196050922686,9.021508914661199,7.326522229364563,1.93882042966365,2.049821568360381,0.20226821970347458,0.1235806577916991,0.5248233878172219,0.7049425553599494,0.8472128538004863,0.8521183112894684,0.9597066484331218,0.9735729876162604,3.7906976744186047,3.0,31.043755328462243,28.99704959607965,5403.0182550312775,5061.076679420726,0.17210715625530748,0.162043462878293,0.009096419198518202,0.0036334152157697
Mid-Canada Boreal Plains forests,215,1781.5540540230168,475.383277163162,8.117624770871563,5.619814680124817,1.9174218176800994,2.06493992767686,0.1840844554556426,0.09307753975791941,0.529823144983287,0.7303627248308263,0.8494999323242789,0.8593433599493934,0.970674888693786,0.978426222564303,3.302325581395349,3.0,32.56693048225655,33.86599771900346,5354.309289651542,5166.963311273104,0.18397336387563315,0.1677991615853658,0.01405309804831302,0.008859423922934099
Eastern Java-Bali montane rain forests,214,1216.5715833475736,919.8612697068106,12.244917949355287,8.995845380014362,1.7375314844781056,1.8861021277820027,0.3437252371637051,0.3300651230101303,0.6255800014409578,0.9023610006630545,0.7917910309691155,0.8213839030080277,0.950925182619591,0.9578692666360307,3.696261682242991,3.0,40.62919342744131,42.35534864913879,5066.846348343363,5090.258155352385,0.1886648980595072,0.1731210848841176,0.020967389530874972,0.0125361957711024
"São Tomé, Príncipe, and Annobón forests",213,1871.2544846757128,1463.570342782133,9.034363212448033,8.772756929621746,1.9465672714192663,2.0193368029220293,0.2147636191323495,0.1794844176360763,0.6995993703687082,0.865623213764295,0.8360905353473558,0.841386051326726,0.9638982430892533,0.9710867594265415,3.971830985915493,4.0,35.79744453144719,36.49104319618407,4773.4312010704625,4782.301069737613,0.1882958916515635,0.1911514737824278,0.02118455143861668,0.0136517729478383
Lesser Sundas deciduous forests,213,1836.5764671261018,1252.1528987082256,12.554767828583,10.8943952613336,1.7163422249626283,1.7708844824719052,0.3827269932817426,0.3941993574470879,0.5302548776841124,0.8371142079360812,0.7823298124339279,0.8019194737382335,0.9496755420482024,0.9569406533896953,3.859154929577465,4.0,38.48835031696559,38.88568145322157,4545.580680027965,4634.562378854859,0.17468593182378425,0.1757149904402392,0.027154662521795932,0.0202518011065823
Cuban moist forests,212,1375.5804136362842,945.0712131280623,7.918826307890136,7.351474477134665,1.9106526549702278,2.0168690074454116,0.23778273274463288,0.19386809795230858,0.5215544130757793,0.7729874673821142,0.8587984466847042,0.8701697517134379,0.9578545734581606,0.9657796374799292,3.7830188679245285,3.0,30.548486653238488,27.398300185360494,5776.529893860153,5834.338774646217,0.17803524463250997,0.1565565268003058,0.02232811174150184,0.01597703040488715
North Cascades conifer forests,212,2353.1814933417527,1119.8942103167713,9.629278846554708,9.217488192686837,1.7691962423426761,1.8951268515716437,0.33811804893846026,0.30403070118527564,0.5211609848040926,0.7822087022364457,0.831949649416092,0.8381196283707097,0.942466508098128,0.9497115987336144,3.3254716981132075,3.0,37.04524409270027,36.03678948337898,5678.2770177192715,5170.954055821008,0.18640181698279482,0.16636085582480414,0.020914336900018305,0.01584705095414
Kimberly tropical savanna,211,1396.5851849970275,1014.571309188168,8.387648457813626,7.388844729617083,1.901577606712173,2.010694672414971,0.24344053742684746,0.1991895915653849,0.6371271413463248,0.8545412010042306,0.8461323103113091,0.8578791391267856,0.9522081108370352,0.9597030105146052,4.0663507109004735,3.0,38.65428399769063,40.07395083129835,5547.008375615737,5404.051147998202,0.20062952074304075,0.1913550861332574,0.015930137284330577,0.0080247666432827
Western Java rain forests,211,909.463861138311,672.1616517539148,9.492756212428098,8.871372493101225,1.835880845871033,2.018773052397971,0.23015436241943363,0.1657214611872146,0.6924054054479701,0.8828669593586433,0.8141690340254572,0.8241388040691496,0.9690993499602711,0.975328210677971,3.796208530805687,3.0,28.242975045682442,24.2236193145146,4807.166005851111,4711.452248939064,0.1742783901209325,0.1666469792752867,0.026795034863464944,0.0229337223981267
Hawai'i tropical moist forests,210,1673.7822499146541,1155.9685458806707,10.848341671735868,9.296095228485612,1.8592452614875237,1.9204448432252024,0.2924356186285321,0.2831092318914805,0.7488380008128878,0.8870968039106726,0.8436402809945442,0.8484810605809636,0.9592960232280475,0.9642784240806508,3.8523809523809525,4.0,38.48876029978486,39.00682556869582,5108.025878726419,5061.283341505074,0.1741612974345522,0.17598033279666764,0.017720253033066524,0.01048029776980465
South Iran Nubo-Sindian desert and semi-desert,208,1315.8746219996744,950.3289168796365,11.222081424019756,11.133358038088428,1.8853041403386765,1.93114278951239,0.2773010576547234,0.2765453153394042,0.5750147377504834,0.8236102091541655,0.82387462061749,0.8184861441443368,0.9500086122128449,0.9548236688907553,3.8846153846153846,4.0,38.693667441036624,38.86006723174134,4666.9205128497615,4282.779354737608,0.15068649028447637,0.13157370270822216,0.010561748905164259,0.0070854641686347
Indus River Delta-Arabian Sea mangroves,207,1309.538793780445,816.3440066544605,10.690373607693752,9.95962079888844,1.8870564934559266,1.9356385861367376,0.2797704078419513,0.2851932489987923,0.5494785443825941,0.7569934914350596,0.7995055077721136,0.8165663848992697,0.960199128000063,0.9672435661367824,3.1207729468599035,3.0,30.94949972957579,31.771011579415724,3894.351483694479,4073.3498151887056,0.11614730657183492,0.1139587752235725,0.010697267046238393,0.0060457204186733
Drakensberg Escarpment savanna and thicket,205,1249.9392130216108,974.8372419830946,12.531693759402588,11.283289712628685,1.7161351233203086,1.8301210705975497,0.3810451600612065,0.36439373249541374,0.5642709032179091,0.9035059450833846,0.7666631729219492,0.7914351201956641,0.9438542914837164,0.9507114793372016,3.951219512195122,3.0,40.31093505538972,41.94411494381792,3897.3467208726674,3974.3083057094873,0.12887084497725892,0.1157831437186808,0.02230937069761881,0.0181597488486637
Central Andean dry puna,201,1189.0917742280608,691.3535870858784,9.050361605521081,8.117996881022824,1.8560387846552062,1.927625020299001,0.27546432522848524,0.254268782643632,0.5970678453243337,0.8478601093070192,0.8605866593565646,0.8788412213222752,0.9366820065782097,0.9463539220229934,3.7761194029850746,3.0,39.9172227407064,42.30791433443984,6853.547025884699,6715.001383236105,0.22862799535033193,0.2160922811398355,0.014308935291880558,0.0096907332232785
Trans-Baikal conifer forests,199,2627.5391562473815,1700.5455951814702,11.584970259485258,11.099813518853727,1.8071870690048093,1.8571994328883008,0.33419841066999617,0.3538187662497249,0.7323960955476694,0.9817620369333172,0.8182819173382544,0.8294334122893712,0.9395654307140069,0.9434025527561224,3.7839195979899496,3.0,40.383402475371504,41.58695157155967,5926.775080134021,5843.399080884426,0.197389978824419,0.1928726356907894,0.017855579925449692,0.0160846932972477
Deccan thorn scrub forests,199,1521.2171309809312,854.2775618608322,15.740066951244412,11.133021076559894,1.8482274623929127,1.9196122900070327,0.3000208759903666,0.2977587533666799,0.7139261575601424,0.9538919024377808,0.8109274807886812,0.8124477396098703,0.9431349946888421,0.9504205241514532,4.311557788944723,4.0,35.715120899175375,34.996010451282395,4901.819164694956,4539.365271137548,0.17712783584250227,0.1586115615172956,0.01657931481707743,0.0121750957436245
Central Congolian lowland forests,198,977.6675808514752,796.7753630299454,9.662232621981525,8.758511710984326,2.0136143070762884,2.0680953512902747,0.13720532188190965,0.08260487887510176,0.8427645201855202,0.9743725560949659,0.8430290135289203,0.853595961450354,0.9828955119303491,0.9867806685978815,7.545454545454546,6.0,19.77660762890879,15.273488446713033,6379.5864468338505,6302.171651287252,0.2707124197648595,0.26676122568415356,0.010070415153979882,0.00851467533011755
Central-Southern Cascades Forests,196,1812.7815017102093,1225.2368867811576,12.589040829336726,8.15423358232147,1.7953686556901065,1.9429984412969576,0.29760349209834724,0.2437425085184037,0.6033404555796836,0.8897032279499071,0.8508665799267151,0.8662365691288184,0.9515777476355518,0.959831081716906,3.4948979591836733,3.0,42.20833640661888,45.59160492209958,6070.840091995539,6084.8234004830365,0.2075622511676207,0.18638602083256856,0.017155442819463424,0.0118401883254956
Panamanian dry forests,195,3062.604062507793,1881.621102877297,10.62567720674711,10.053680801893154,1.9326946048800333,1.9949503697735684,0.24099349616436558,0.2140160958972414,0.5578706965554816,0.7886860721514787,0.8318327843062694,0.8256409212517699,0.9641244693551092,0.9675805631431184,3.841025641025641,3.0,34.82625930664454,33.597996292259054,4359.486245942512,3868.914471140904,0.16243680109909114,0.1433642280195545,0.022376340622564835,0.015384173861378
Flinders-Lofty montane woodlands,194,1641.5563831309184,1209.771699598683,9.594640118052686,9.40510366748953,1.7511586051598975,1.885461924796898,0.3619204307657374,0.3254891110130548,0.5584692555830134,0.8867359319560923,0.7894691233439909,0.8167008932474414,0.9312331175488453,0.9355258053488272,3.685567010309278,3.0,43.48762401306853,45.717130580120966,5003.234067424881,4716.332282244652,0.16113315131998,0.14792879429093364,0.01701686635945257,0.0127224915765591
Northern Thailand-Laos moist deciduous forests,194,1634.348913110789,1269.7251105661753,11.545792686457094,10.79414324609786,1.773260287802521,1.840489344552284,0.3510866346201092,0.348447437255032,0.645038524543742,0.9502706690049461,0.821136579769624,0.8354811604483251,0.9474271350908628,0.9505362870367096,4.180412371134021,4.0,42.199536827862254,42.160433451558156,5801.014267226059,5506.48624793438,0.20833786783224686,0.1928444594660444,0.021570165479925518,0.01786884786013935
Central Deccan Plateau dry deciduous forests,194,1229.741457625179,985.8027228484593,14.355914322417084,9.148440881839393,1.8478486270903396,1.9499294376850904,0.29672754915293753,0.2657654813186509,0.6508467731535471,0.8776542651395438,0.8297870162645934,0.8367665565069031,0.9559475901161063,0.9610506075015726,4.443298969072165,4.0,33.9392434722553,32.410678523162204,5546.443742011849,5502.037978584929,0.19367435779704728,0.18888342049440582,0.027967664086261442,0.0203590501059093
Cuban dry forests,194,1372.0585365231218,967.369418885829,11.252584957971937,8.20113007894936,1.9440331657171543,1.9982051611410387,0.22689970251589017,0.2067986444847187,0.647109357041284,0.8829276398978508,0.8539782442295348,0.8656069634785217,0.9532239785719416,0.9627360931722884,4.350515463917525,4.0,33.88397683562405,30.35166499570481,5770.020811085124,5993.870297705005,0.2032668401113885,0.19588301940094216,0.018184641775289223,0.0131923788877248
Galápagos Islands xeric scrub,192,1499.7722116827717,898.4653112808177,10.156268895490697,9.852124761842441,1.8468673454594615,1.887954010755874,0.31685126920119594,0.32747589062681154,0.6281286971447447,0.862184021256746,0.8286458376453436,0.827836148439929,0.9413772859945206,0.9469647220796555,3.8385416666666665,3.0,42.189051586338834,44.84622931716446,4897.326764811721,4647.379828175004,0.1569101425021741,0.13649094081888596,0.01931525682872846,0.01558688275050975
Alaska Peninsula montane taiga,187,3576.421205962703,2725.189578768393,10.694866553084205,10.408779267489765,1.6350014673737043,1.7514685748287109,0.42887128107694444,0.4258943687071193,0.5378080657362523,0.9604897975258904,0.7915144015213716,0.7910773478820239,0.9397449836673764,0.9435764119404452,3.090909090909091,3.0,32.64847248180152,32.08473131676919,4117.256423427023,4017.112712830561,0.11018786067733406,0.0927670540373523,0.012908540661016285,0.0081502365613654
Lara-Falcón dry forests,182,1582.534556360677,1154.125115642758,23.287172492515698,11.869055988570972,1.7660890644745584,1.860929137633601,0.3429910472239755,0.3456620088292168,0.6393087664802901,0.9107719669214944,0.8176985369762171,0.8356581293202051,0.9413236839504093,0.9510869274375164,4.225274725274725,3.0,35.45815106134835,34.87598825168781,5076.975489037199,4990.938037650944,0.2240872125260313,0.1982401085603251,0.02135695214190382,0.013048354837266001
Cook Inlet taiga,182,1127.2172029860621,956.6294146993287,9.985738301493202,9.47827447628765,1.8404662831533274,1.9194478573106042,0.31071933719354644,0.3058273075064265,0.6581490864271785,0.9224847078757472,0.8134249235347143,0.8116290309321272,0.937157745694159,0.946395749568478,3.543956043956044,3.0,43.8323622228588,45.87845230414759,5310.255000317376,4908.94903282028,0.16681958890335374,0.1381581803079777,0.020983156290872166,0.014777239528334051
Great Basin montane forests,182,2889.781040046762,1660.5685672062407,11.91599008559393,11.67125361528167,1.6854081076733072,1.7135050724477376,0.3982173776230265,0.44802378723389125,0.8116314799023233,0.9819058565015226,0.814869773167239,0.8085403798486209,0.9328587674091554,0.9352252771194141,2.934065934065934,3.0,38.41032722177921,39.29673569515809,5433.970779867821,4915.927280365904,0.19312882769438158,0.1743578310744906,0.010489592994039404,0.005582724671281699
Guinean montane forests,182,1021.8966983609635,799.4790473130489,11.26983339691634,9.491850764364962,1.9115618046175256,1.9993538271078366,0.248994941870988,0.21080745934139575,0.6279451208301062,0.8792915147688296,0.8203584753252503,0.8263444779298772,0.9672169787064324,0.9723328789300856,5.06043956043956,5.0,27.725557456659843,27.80627849823987,5211.854693316361,5057.535270327594,0.22511749307343498,0.2141593493512749,0.01063444068157626,0.0081670232659413
Eastern Java-Bali rain forests,178,1436.7964240795604,842.296081244224,10.920463704010627,8.711434950479731,1.8042907755744158,1.926796008886618,0.31566221938496875,0.2900021371847302,0.47495457824832676,0.6993858738152587,0.7943046400453584,0.8107475233254806,0.9588896959218546,0.97078478155044,3.6123595505617976,3.0,38.8674972856804,41.355474547912635,4566.832541196795,4517.113751122939,0.1552143455915837,0.15239440617025385,0.018008413972659443,0.01304501070919325
Northeast India-Myanmar pine forests,176,826.6995606484227,480.77832304157903,8.596418858109375,8.10219276570605,1.9312618658458973,2.062305385487461,0.19142847020113926,0.0991144592151913,0.6781064992389151,0.8661194384779112,0.8456756012584115,0.8745292525655419,0.9611265107902468,0.9713834132460497,5.380681818181818,5.0,25.77262764710748,22.07012656372942,5165.577836752942,5328.286286792171,0.1829137379366034,0.18521733700200982,0.009167719942891851,0.0034078631208578998
Guizhou Plateau broadleaf and mixed forests,173,1564.6764037957307,1217.2687950564602,12.279971154677341,10.71725810774181,1.6855165424822236,1.80366087413458,0.38051411999384327,0.3645479626485568,0.8107664843465987,0.9807387017369296,0.7769373798003274,0.7922032922904003,0.9364902506930973,0.9396435436635612,3.7341040462427744,3.0,41.69831352569459,45.14469298245031,5146.962527621037,4910.667131648556,0.1796373262584787,0.1707272085508073,0.020387943195380395,0.0148656558287188
Einasleigh upland savanna,171,1251.7638490825975,954.4376180286562,14.828634762054971,10.31572845230684,1.7566024878755495,1.910753220761631,0.33843943704552243,0.3131276353044221,0.5986715648148236,0.8765733903008271,0.7936478891664405,0.8090712305591543,0.9352644973868501,0.9387933920666742,3.9649122807017543,4.0,41.458124069720654,43.23794371262855,5081.275825590395,4902.4288846399,0.1869580303933069,0.1719041271577031,0.021138971319542246,0.0138534070116864
Yucatán dry forests,171,1294.4803377923533,903.4818755290823,11.583366313954789,9.42907720050414,1.7658089054828083,1.8674952621147936,0.3327771742292686,0.3332969753676975,0.5313375806139958,0.8698687533999812,0.8089691265642993,0.8270700980037068,0.9443612611269088,0.9477723435006072,3.9941520467836256,3.0,35.489583434529784,34.82575093211391,5039.793356770873,5101.850689672153,0.16706731253082643,0.1690562767572475,0.022528515338736323,0.0165021258458111
Wasatch and Uinta montane forests,168,2588.7699477584824,1484.2383471843757,12.067854777334015,11.059572144101068,1.7435500216064805,1.7958158378132607,0.35583334314194204,0.3663284250577305,0.8050607835949178,0.9679305307523416,0.8201319012621429,0.8078829477495171,0.94613276158903,0.951885763091017,3.142857142857143,3.0,38.07637336458173,40.030798760070525,5499.859511163911,5027.718381219053,0.18139991086595128,0.173775375957915,0.011690784131318787,0.0074454642332261
Canadian Aspen forests and parklands,166,2001.4111988226807,1191.8538546336908,12.552042122511734,10.334132647179711,1.828587432581774,1.9153496548470266,0.3057577067526172,0.30018566622728104,0.712139640080595,0.941182124399434,0.8082124104574779,0.8218647431946676,0.9333090909167737,0.9394672367254743,4.0,3.0,38.14552571070495,38.85226862321279,4972.1006540859,4792.340142547965,0.17391727441620325,0.16203471628398775,0.015167212100800864,0.0098971915999914
Himalayan subtropical broadleaf forests,165,1293.3613690673621,781.0870867082879,10.155394806351941,10.280551853541992,1.8137718258383735,1.9166204762110524,0.31557609753920424,0.2946676651649882,0.39779929118975826,0.7320337340501938,0.8024698289872678,0.8089889263233567,0.9500079124326819,0.953400001986291,3.727272727272727,3.0,42.962583519825316,49.246185174426586,4412.624858446552,4394.209953086902,0.1533649614367566,0.1496368919938097,0.030018160926815418,0.0253898455639915
Caatinga Enclaves moist forests,164,1390.9519020165837,1028.4937705058042,8.107140937519686,7.082619401527275,1.8446648934441592,1.9666341432933605,0.2914509565468031,0.2567251611784298,0.45897985642786043,0.8403179601126385,0.8463366963763223,0.8640122920972417,0.9501950910989868,0.9537622822406113,3.908536585365854,3.5,43.164026234742856,46.518268519553615,6011.2878951132825,6032.54136793338,0.1922392951030512,0.19022391605384553,0.02396210881125464,0.015965160718694
Puerto Rican moist forests,162,1224.767142065965,837.0096363710388,12.056368154739522,8.420829216638104,1.8673728281688218,1.9254593059068625,0.28147043783898423,0.2770395550061804,0.73409762222553,0.9234989990967982,0.8230170803150371,0.8384336507794713,0.938524772931907,0.9470393433844001,4.7407407407407405,4.0,35.02951631505116,35.25103383718768,5154.323391342045,5092.541424387215,0.18271262521053336,0.17075752978628816,0.023843566260340246,0.01437959163677
Karakoram-West Tibetan Plateau alpine steppe,161,1763.5933396113483,861.6902395180389,9.318142877932234,8.626906834638968,1.8236003844375575,1.8974564489596184,0.3135563467334456,0.3232539387172808,0.47763767459276685,0.6271117853295002,0.804026862107214,0.8078079340180474,0.9376003510457457,0.948122462110376,3.0,2.0,36.04496477453198,36.72408107124715,4475.412135799621,4526.125774303234,0.12518392553245572,0.1259867125304068,0.007914551736959595,0.0052765886913465
Tumbes-Piura dry forests,160,1513.3591937386807,1132.5517141668834,13.374237750063296,8.65758151097307,1.8816975388089496,1.9732884194706373,0.26971792669674033,0.24310035385280984,0.6293095723450681,0.9055463760350514,0.8396527130595773,0.8433263008543764,0.9351603201353402,0.9393390242675448,4.59375,4.0,40.33473131157539,41.720499388954785,5602.938902790249,4948.9857432277495,0.19405711804418618,0.1839467656023008,0.015843172431905448,0.0102759493749497
Central Asian southern desert,158,1629.633153482763,945.0082070054407,7.840784993603258,3.6234827853742777,1.981664867457329,2.0678217838718087,0.15962640835251984,0.0566051278364304,0.47613164072684244,0.6613065250060688,0.9184378153684697,0.9378303329135789,0.9656203356032315,0.9780724095062052,4.949367088607595,3.0,26.138915820164193,24.32531006051712,7001.928225795199,7362.57415650724,0.2527926584423138,0.24644897383491365,0.0056669725815317,0.0018835026006516
High Monte,158,2310.4788654785293,1306.024283732428,7.990571062389762,7.5226900733170545,1.8975924813362959,2.021380719531108,0.22935902785237025,0.17516074468896245,0.6671796906293918,0.8645979039373701,0.8696802432613969,0.8945635196585223,0.9463776017935719,0.9591041625164868,3.1835443037974684,2.0,47.43325841271332,51.112902952921615,6345.629769529133,5999.836314858571,0.21382791359453956,0.1961165168335628,0.02419441449717616,0.02268687129394175
Eastern Gobi desert steppe,156,1481.7719672515907,871.6559089307245,9.530186102961757,9.354350912989158,1.892406607147202,2.0142967833350363,0.24433431604016298,0.19182067758112675,0.7256298037593067,0.9179474667227521,0.8713167637273744,0.8761397634896597,0.9436314039984927,0.9526976960561448,3.4166666666666665,3.0,34.332225649009956,33.477525556040774,6115.6126759129675,5916.3249647202065,0.20418420491907047,0.2026386028170381,0.009079744630602375,0.0061651103417627
Sierra de los Tuxtlas,153,1144.7527570073357,829.038737668811,11.455178369643614,9.477003497413053,1.8787350814957517,1.9508747227713925,0.2778346887250882,0.2611375432525953,0.7840689282842955,0.9538623216299756,0.8281171819770745,0.8383854407921699,0.95259465128504,0.9582332796617729,4.647058823529412,4.0,31.232793508843976,27.788130365167422,5198.244309665162,5280.032173885602,0.18980252207380705,0.1749360037120453,0.03173977089459302,0.02167374574167
Central Tibetan Plateau alpine steppe,151,1157.9149863767034,867.6638350285514,15.227954736508439,14.448385685718062,1.7779662455489498,1.7954631087472916,0.3574558483043868,0.3855924811374243,0.7803642523066894,0.968205884896084,0.7907275281119813,0.7907066790456867,0.9251416863627715,0.9286533670294864,3.384105960264901,3.0,43.12213950601014,45.24007389563913,4587.393640380914,4235.645865813246,0.16634035663613597,0.1571665828115682,0.013474454443567482,0.0114897947528419
Edwards Plateau savanna,150,1777.8448568857593,1289.2172229180499,14.674388979482805,9.348280052998891,1.8682793676487108,1.9680885781870652,0.27122410584858303,0.25213554820662215,0.7008625081437574,0.9391162487551289,0.8384987917198724,0.8406371415545393,0.9459988634876837,0.955122488778567,4.8533333333333335,4.0,35.48752850837134,36.54463022185017,5663.057611178099,5120.142678588114,0.20735953773187116,0.17904470289097035,0.01836184063833291,0.0085738495680407
Cape Verde Islands dry forests,150,942.3480317766572,526.0612954069427,8.243303706855553,8.042555605901612,1.9636335124519428,2.0425801338246528,0.17757637448073016,0.12360599027892735,0.6380439283461571,0.8845664173652049,0.8390983423424035,0.8498119926969244,0.956171016365821,0.9604983058617265,4.653333333333333,4.0,30.710688740916332,27.990707223832914,4936.080025943919,4778.991346714127,0.16516060439189617,0.15876143974687845,0.010555849048613437,0.0069459994091681
Mentawai Islands rain forests,149,1725.9273954544446,1358.2065802030804,16.11946454025871,10.616129981207491,1.8168584096221543,1.9173286943324688,0.31852753141183926,0.2969930456772562,0.5681509108545764,0.9156355967359974,0.7905313191605124,0.7974064398301338,0.9687243744907951,0.9741768913710716,4.194630872483222,4.0,48.86444650299964,51.16378380298688,4805.630583761987,4785.6610660526985,0.25230043990501516,0.2205436520214521,0.031255507141666694,0.0202117368877018
Southern Vietnam lowland dry forests,147,872.1188461577717,537.5567213519802,8.493602518586579,7.880369093396494,1.9577368210989328,2.048904740150672,0.18402301348206557,0.12840114213619497,0.38924342392634204,0.4546417348114543,0.8480203803315832,0.8669578701653304,0.971113918976416,0.9738897951144426,3.3469387755102042,3.0,47.4110172405861,51.46139168471319,4910.293017896371,4802.358047629075,0.15541835280330707,0.1524159496494582,0.0203810913948068,0.01560627329303935
Mulanje Montane forest-grassland,146,1513.319743967362,1316.0861944244696,11.70340850803639,11.19409117691551,1.7236775806710087,1.787853451058289,0.3900422667281141,0.3937922582110456,0.6146174850177072,0.8303282487084782,0.7665808790416011,0.7733970755506905,0.9477172013654186,0.9550863918453336,2.9657534246575343,3.0,51.02953295273864,53.683984278618844,4207.658731519211,4019.6717787848565,0.14093838781034554,0.13711583135350155,0.02889959764862151,0.0265855225608124
Watson Highlands taiga,145,2308.676252569676,1443.3866335971568,23.563297881459892,15.943413204261152,1.7867478651948514,1.9139519648072076,0.3152688476872655,0.2898195708410103,0.739622789730397,0.929928437712484,0.8799460401170984,0.893984160236578,0.9457848806929067,0.9534820549609564,3.5724137931034483,3.0,26.859396190799785,25.98249718713716,5473.065006118068,5216.3808247221605,0.25781607822288233,0.2396494614187418,0.0045245256267112234,0.0012475101581323
Guianan piedmont moist forests,145,1067.9747905653587,940.1261186365576,7.997858421162809,8.158418214077924,1.9249109777352562,1.993524313856748,0.24549748689602485,0.2158560462643604,0.578959244323828,0.8454793637819288,0.7895277731745548,0.7950740218483354,0.9626145726878435,0.9661937712323768,4.931034482758621,4.0,32.225436877766825,28.249687602004894,4391.269372478362,4157.501845963548,0.16573460365107504,0.1557446888263517,0.03279622930179623,0.0226328585467909
Veracruz moist forests,144,1485.7923538422656,1140.7209265814095,29.90343858840006,10.126206853920602,1.842544938747138,1.9158817912688872,0.30751244920560455,0.2953592244442513,0.6177357467327043,0.8577649928240441,0.8231465570388905,0.8272806261222725,0.9506412501649965,0.9541408199031652,4.736111111111111,4.0,35.18488164959623,35.5416974677685,4497.030256914659,4374.826154585691,0.1809640511418414,0.1608545960613541,0.014285583277423804,0.009909672184456299
La Costa xeric shrublands,144,1259.3467132919532,976.179181529944,29.252518946229177,12.536471709059683,1.8732893776360398,1.975585947883854,0.2594717533970218,0.2220318445628575,0.5242576016346606,0.7636946303819,0.8119197907551988,0.8152638416430114,0.9611649467725678,0.9742216107977179,4.215277777777778,4.0,43.61582599809057,46.685339595992325,4164.457171753151,3831.690635504797,0.18687362666938656,0.1723018178129044,0.0369466863084965,0.020677039391833248
Sri Lanka montane rain forests,143,1075.5113812592303,940.4641128378356,10.9366629611092,9.957105208324124,1.7917641451423378,1.9336424641676369,0.3139557211061245,0.2791594678645475,0.4828552679122428,0.8407825015996859,0.8005919848172751,0.8157160719320787,0.9454471520695429,0.9550957453701712,4.13986013986014,3.0,39.52511012806195,44.21319519136354,4425.407644053518,4169.645895811439,0.15831086285304127,0.1538585633116883,0.018533057934631208,0.01697030719133
Biak-Numfoor rain forests,143,1073.5196030153563,777.5590667572988,12.97904561046173,10.693823476342024,1.920529737384629,1.9837322883152826,0.24653378283845123,0.21859903484497056,0.7140546367268003,0.8758433685127089,0.8241384153989573,0.8365661703254736,0.9654321691042524,0.975111855083205,4.328671328671328,4.0,40.946318640390686,43.96105267412886,5798.894921177622,5981.472493428937,0.23884632398655656,0.2500959821428571,0.03555716019515407,0.028190766315084
Sumba deciduous forests,141,1283.7755408971352,1074.3554387180095,13.92649785286431,12.202302959603356,1.7958038587271266,1.8623147059762075,0.33680535796045086,0.3320631988867863,0.6668785119591301,0.9263545034844758,0.7861585179832756,0.790912552023347,0.9644355563495387,0.9707623761304426,4.531914893617022,4.0,41.23433754629599,46.788080208211085,5030.9773443572585,5079.286638989318,0.20015664159361302,0.2040820126310772,0.033103909205702414,0.0284852843610598
Caqueta moist forests,141,1032.4475492281151,787.1207040041154,10.638494403202763,9.65043387919095,1.9158663987299251,2.0638644476557326,0.20180927339954363,0.0919552461657347,0.6664245399095784,0.8627251911574073,0.810412953372279,0.8153487696298974,0.9736603781927136,0.9808681868708554,3.9078014184397163,4.0,35.039601617138615,41.33697551149312,5221.375527564689,5069.157009948699,0.2058510764499561,0.1971047415568369,0.03638416663329479,0.0265257286606729
Interior Alaska-Yukon lowland taiga,140,2946.1873568502137,1741.8703145004054,13.462402410465009,12.11894578888085,1.7471242019935411,1.816452665195968,0.37308762449154437,0.3735522557222678,0.5574671027890722,0.931274126055174,0.8021248816253274,0.8006913841224186,0.9356524054323897,0.9382706157168872,3.7214285714285715,3.0,38.25942461672564,39.0354569315009,4401.742045912072,4154.788168505203,0.17011263504084498,0.15437628836245826,0.00876967196493909,0.0051657084897969
Southern New Guinea lowland rain forests,140,1716.7635136163572,1273.0241174318933,10.302326459618778,8.983296874823573,1.7132506924537279,1.8512324484809621,0.3760240132470124,0.3512496000837789,0.2185125888818705,0.40606213304760985,0.7822660188836356,0.796635139355363,0.9672484800687576,0.9701251656396948,4.35,4.5,46.69640545879294,51.78158888370977,4443.520898384755,4218.777038068284,0.18781279545694313,0.18208653923122908,0.031112441263518243,0.0276022019749655
Pantepui forests & shrublands,136,993.472869969601,805.5590872258787,7.002127504901226,6.892949810421383,1.9449212340987296,2.0357158071482995,0.20859905209463883,0.15437504673558405,0.6005263580743074,0.7736917550277714,0.8243958636417652,0.8313190406651094,0.9625382801787585,0.970730894066858,3.8455882352941178,3.5,28.41800120911475,26.799296337308412,4142.866790463227,4133.372471840704,0.13755458201347245,0.1376343592228209,0.02327567113258059,0.0162488517324825
Sundarbans freshwater swamp forests,135,1511.2015557251977,906.4802648793616,11.338294165121546,7.457061914512172,1.894808838898667,1.9887403790573344,0.2539658203833004,0.2284705862835527,0.550885480634178,0.8708261069476532,0.8041821786439837,0.8153095615061969,0.9492872264623402,0.957541127790597,4.296296296296297,4.0,37.17707698571279,35.1960361228672,6101.849154139022,5450.971483093597,0.1609902071333771,0.1311136652030293,0.022143955349978706,0.0156226890028579
Angolan scarp savanna and woodlands,135,997.7129753493232,855.5159480771649,11.198185959545194,9.864257786205616,1.8968079204926847,2.0113571382230084,0.24929265583838733,0.2004662004662005,0.4692643323931592,0.659758834076635,0.8239105543672437,0.8345089527414212,0.9594116380070806,0.9668863835867604,4.762962962962963,5.0,36.554860695880365,36.26332034964736,4692.140366077273,4574.931099330418,0.17828085317966325,0.1641884331132524,0.021188500449392224,0.0151557915574983
Tamaulipan matorral,130,479.8162871934437,319.7494188822112,10.195639323630882,8.416051810175617,1.8353998562504759,1.9396623507694337,0.2662791979604085,0.2195751255834893,0.5820232401979296,0.8014105509680535,0.8203844950224267,0.8438201290447067,0.9595909443193241,0.9673654261321364,5.607692307692307,4.5,38.420036562197325,39.80548855856651,5877.854758737686,5593.502951369988,0.2090417588527851,0.19004935201765022,0.011090821008392773,0.00688038151731265
Kopet Dag woodlands and forest steppe,129,4765.119394211676,2117.647602278215,6.9962306201980855,6.99527123007233,1.9058109134017787,1.987687488643628,0.25146167897515387,0.2369762144686569,0.725885472433996,0.8909782605776863,0.8900544101910872,0.9061106362381832,0.9493282553549993,0.953782513409505,3.558139534883721,3.0,43.69405118071277,44.3061828788029,6307.633749426474,6439.085265415405,0.21533016427916002,0.2116642089297536,0.009305258615510195,0.0063222289546706
British Columbia coastal conifer forests,126,1934.525261249622,1336.3521513984263,8.558600975552006,7.719593959126614,1.8683273603068917,1.967187999434634,0.25893471569077414,0.24191527454950118,0.5918809173231393,0.8168203523294066,0.852007269802818,0.860896160550042,0.9549080192712838,0.9638113394176977,3.373015873015873,3.0,40.01618707965945,44.605770171826165,5371.699340766829,5165.245421085537,0.17850670666012278,0.16088443261121682,0.02188012975219677,0.0134834691305856
Hispaniolan pine forests,126,1455.2207944643053,1083.1866670209524,10.169590903682751,8.840597002453276,1.7858567648081467,1.8978215454679874,0.32991436462704,0.29242754991003916,0.6483325458673014,0.9590861389023254,0.8158947857909827,0.8299825593865229,0.9123581989964274,0.919632414341249,4.087301587301587,3.0,42.59678859477576,43.32915194458354,6117.329004933797,6292.68377460605,0.20541744431962236,0.21167260325620024,0.015262207920121215,0.0106695946200678
Qilian Mountains conifer forests,125,1389.2189878901152,1261.3328726210063,14.828658535125689,14.788850736003743,1.7509271041366585,1.8312184076331088,0.3671227649761825,0.3571571402202671,0.8421881716047246,0.9923169138968746,0.7682567175261773,0.7742569379526454,0.924510873127323,0.929865217037132,3.32,3.0,45.62303364978709,46.36426067257391,4422.902844031058,4352.019761985598,0.1742411799668448,0.1709370424597364,0.01661494091927046,0.013363015189473
Southwest Australia savanna,123,891.3613861113371,759.935037775028,11.45712961568082,10.91589640540042,1.6062414573042427,1.7289077047577954,0.4366420956364749,0.4401771902060847,0.6831781590483802,0.9458513196756784,0.7529515725792061,0.7674953589030945,0.9163703060121923,0.9196656465833262,3.227642276422764,3.0,46.71941223264433,49.98769483395357,4909.238460141812,4437.194812451012,0.16313802367426838,0.1462906093684868,0.02163862006431566,0.0212214417183236
Fraser Plateau and Basin conifer forests,123,1667.5139572963644,1306.116981916943,9.99239836959328,9.067802875607391,1.8594611535585672,1.9730918616365416,0.275486211326382,0.2315590818998212,0.6625724922858037,0.8895802798657029,0.8309814403676665,0.844335280413996,0.9493088176319852,0.9598152458379556,3.6666666666666665,3.0,35.91333602772195,38.81292754381715,5154.283676554468,5016.782433609374,0.15458297509399824,0.1482122516811773,0.026952546113946794,0.0194817071618018
Cherskii-Kolyma mountain tundra,123,1593.3914145520737,962.6085425106504,8.060481690989166,7.070551358036303,1.912196124318511,2.024368818568421,0.23602394248151476,0.1845913282724436,0.06678870357590759,0.0092653090601049,0.7929617128994577,0.7973699123704447,0.9790497716261732,0.983403602722442,1.7154471544715446,1.0,50.76084212370831,52.13507099329841,3402.5382491043374,3376.4507368459117,0.08652630547589431,0.0771609139082462,0.0372933617542533,0.0297722036160995
Cordillera La Costa montane forests,122,1489.1259739973657,1369.9329746016565,13.42924135147973,8.41822754538207,1.9490605662469513,2.0181442026184824,0.21184438050913257,0.17070596474699762,0.6030266461316982,0.6849705252028048,0.8168987639822626,0.8229546874658196,0.9644866256690894,0.973243566309163,3.860655737704918,3.0,43.63933327013484,44.80235174682641,4304.36402749863,4031.053983576746,0.16089382368743574,0.1542667043395775,0.01742926703124753,0.0072023650833421
Irrawaddy freshwater swamp forests,119,798.0035312828688,724.6839450042762,8.012319495946441,7.980899160008902,2.004957032907251,2.048438097874796,0.1587328400603668,0.1307492565039161,0.7161287202788574,0.8722543954168843,0.8528819137552727,0.8510470195699779,0.9665151514407073,0.9693181256877088,5.336134453781512,5.0,43.8190689193606,46.30725303798052,5402.366159708417,5294.29905124536,0.21055499589210927,0.2074058493589743,0.020666543791435302,0.0159322450214192
Honshu alpine conifer forests,118,1478.6319030762845,1330.2102603556418,16.69261075091939,13.381730467867582,1.5546608100290784,1.6731047722089811,0.4571621550238187,0.4566044078496404,0.8427824187304052,0.9952055564974756,0.7532271584451289,0.7593618523259396,0.9274801560986027,0.9269533860496558,3.2711864406779663,3.0,42.93637451978805,44.938983781722946,5284.060430318135,5303.042618580063,0.20428648956184525,0.20748738409498468,0.019035196504557043,0.01737823620123935
Cuban wetlands,118,1482.756926605444,981.4512416491048,8.860993480453196,7.492850540916063,1.9330855881798246,2.0108668367910525,0.21626025197983875,0.18410349661023562,0.6924561795886435,0.938307049821331,0.867825305918908,0.8930958757022021,0.9477977822243474,0.9534995363788471,4.915254237288136,4.0,32.39565075604711,30.96839240503017,6450.584160736231,6670.8026830281115,0.23566153196588815,0.23103750945969825,0.018161295141151924,0.012299970665978752
Central Anatolian steppe and woodlands,117,1296.1993336799085,905.3923570373277,10.755764922790688,9.772811934009496,1.8487561897034408,1.9688807604065293,0.2871246267702308,0.2513881595581231,0.5535828144086316,0.727651448150031,0.8418430571365755,0.8415301457343789,0.9511089504836859,0.9587859028463234,4.17948717948718,4.0,38.524421439976294,38.28957369890538,5643.785063745991,5332.65577364873,0.18587895801325247,0.1605803336705754,0.013701037487138168,0.0073577684849472
South American Pacific mangroves,117,1270.1621994348025,952.365890381299,37.03836613439315,8.56320753496882,1.9263977023630918,2.0188054991795554,0.22716784753347977,0.18319116428520996,0.552679609482188,0.8179310605618221,0.850490179596217,0.8579488966114943,0.9526337798732457,0.9630676006339632,4.358974358974359,4.0,40.17018892743919,42.09709778600869,5230.283469857604,4890.423996917451,0.20542644796855034,0.1760199912208607,0.020301259748802286,0.0147786171931857
Northwest Russian-Novaya Zemlya tundra,117,1944.676617391685,660.9035363075404,9.832398595372116,9.469467321517971,1.9799628501044257,2.050883934718192,0.18466678740564416,0.1308580628721014,0.830415218374205,0.926871350689639,0.8915827512189359,0.8941526275678445,0.961218837945013,0.9724734257994486,5.17948717948718,5.0,47.19182653031258,48.496860796773866,6006.795488619451,6066.011039309479,0.19139948834972834,0.1973719329038795,0.01571585262784669,0.0117399449426325
Mitchell Grass Downs,117,1148.661139691118,963.4931491995244,11.675252286790842,9.22058669087713,1.8498029049243647,1.98129206020712,0.28596677799224857,0.2321006803680332,0.687364993649625,0.8918222005428158,0.806907861058514,0.8171751705078153,0.9335687158396911,0.9381686351403508,3.8547008547008548,3.0,43.66479011098406,45.24453835371264,5224.2151220898295,4833.500421619891,0.18724314396047514,0.1748581706389452,0.01774985215085828,0.0100891993546776
Zagros Mountains forest steppe,115,1537.3590189011893,1186.7003961266928,69.59148736014104,13.636219842317004,1.7519892788791358,1.814240781409299,0.3756386808297912,0.3705480287478186,0.5739502148324255,0.7502159405626969,0.7985056152191975,0.7970048020478196,0.9487460107096902,0.960855929254826,3.6608695652173915,3.0,35.30639663108868,34.17652710557424,3331.787395684911,2999.538663350417,0.13963834154147803,0.1158315617476387,0.007317042184707651,0.0051511755744201
Brazilian Atlantic dry forests,115,2048.7460198758113,1756.8195922630707,8.427312960923242,8.15696050513853,1.7978322120007142,1.8761445065247235,0.3347637078671551,0.3212576239912983,0.613704276636928,0.96007387885151,0.8410010627739417,0.8520888905870747,0.9310010198654458,0.932640462114348,3.382608695652174,3.0,47.5218557389342,50.15260177192667,6664.958082971783,6564.441557721894,0.22189274218241292,0.2043034001627972,0.0202411248187986,0.0163817639076177
Southern Africa mangroves,114,986.7322015006574,835.8491000779472,12.896511832269331,11.250390938287218,1.6659559229365921,1.7525108246193848,0.4131679316699654,0.4223833279026778,0.571424704658074,0.8440051454747355,0.754889061354834,0.785962966328026,0.942303757645612,0.9482734744957212,3.8771929824561404,3.0,39.2538225153747,43.93331317913823,4214.280211394556,4389.73875284063,0.14720493564291715,0.13752433060227248,0.03426634839702606,0.025409327273618047
Central Persian desert basins,114,1792.7871352822738,1218.8172761893957,17.840017393305683,10.490425375453391,1.7514640897889902,1.9092101421465073,0.35060945567393764,0.2876736632251789,0.5577001464831158,0.7754835028353528,0.8052185598990301,0.80296652803645,0.9472540835402976,0.9583420884142209,3.412280701754386,3.0,41.211804548096396,42.07439470684905,4754.9898954861455,4162.026421242008,0.16749202283087625,0.14729561970846575,0.015958141552294556,0.0121982525645845
Pantanos de Centla,113,1430.1017825036288,968.4269482558024,13.660835728160627,11.18466416237886,1.8261865266716977,1.8786068503561493,0.31072812664393945,0.3199295301403946,0.7062616690986152,0.9679533956602716,0.8364179353722949,0.8399805484110356,0.9450325067170922,0.9545281784741568,4.469026548672566,4.0,31.52122857120602,30.41418796397121,6012.186457148668,6053.139492283594,0.2458406600158637,0.2393322510208711,0.008724634328495014,0.0063972668497518
New Caledonia rain forests,112,1505.5017852837534,889.6339209504441,47.73357391257859,11.454327629485306,1.8060698489821574,1.9064969031736116,0.31928272266964813,0.2910414201897773,0.5321146643923972,0.8103665290708001,0.8247921181502148,0.8327106910832958,0.9373825778497376,0.951072520632595,4.973214285714286,4.0,40.56469655085927,45.769739847915034,4247.667373020679,4228.113128468599,0.22602063327878819,0.17680248958472616,0.020049590182803896,0.0144500609535387
Chhota-Nagpur dry deciduous forests,110,1053.0884207552094,856.5308949793672,12.352241669696205,8.356277792545155,1.8651642393359458,1.9696244113140289,0.27194451436554057,0.240445373071772,0.5425356469270562,0.8565687392709259,0.8280480668665792,0.8431080381647222,0.9502018418398757,0.959192408978356,4.9818181818181815,4.0,40.52905620638349,40.19081434191581,6068.946508054223,5725.695294966337,0.2045697568012604,0.18011959300685315,0.013962719307623684,0.009640873133840301
Paraguaná xeric scrub,109,1105.844203456376,662.3026553830572,11.630763399390542,9.689709587765996,1.7771759566527554,1.8969114738460304,0.3263378189704706,0.2999906003258554,0.7173937042609612,0.933777742936175,0.8217109253053262,0.8394021570984473,0.9417406008440387,0.9471693225650684,4.7889908256880735,4.0,34.42217766842124,31.934680267234747,5371.080050225173,5336.578135689603,0.18917277180189257,0.1803958582535885,0.0124183845829555,0.0077794000513418
Tirari-Sturt stony desert,108,1181.2887008244772,951.5359456937429,10.009534679065515,9.189942739703147,1.6721177940483842,1.8125964133235724,0.38774615985594485,0.38454136000144545,0.7626018765135923,0.9516482333361529,0.8003638144558499,0.8039036409953881,0.9227092551505771,0.9318240721958553,3.4814814814814814,3.0,44.82156577578802,47.356685675779325,5388.062210835066,4857.559884043546,0.19170284722744657,0.16580942271901775,0.015107924875665372,0.00975217336950665
Northern Pacific Alaskan coastal forests,107,1334.3849356689575,1133.4387379060422,12.965978096304395,12.400108586332829,1.7718906143933495,1.8770861281768527,0.35799692080462264,0.3304225145869472,0.7210851263540956,0.9562836860383552,0.7995583018382524,0.7876859951808279,0.9284926490676942,0.930967044147294,4.635514018691588,4.0,45.64569131454321,45.83417739168371,5194.283462059575,4581.145399165376,0.1692657722220317,0.1471306631498247,0.019166891194961812,0.0149444661241135
Southern New Guinea freshwater swamp forests,107,1321.6486357835793,1072.904388780934,8.363401174170784,7.7596823922870755,1.9650400169145659,2.041988162857947,0.19669991178664137,0.1394477305633232,0.578179416954125,0.7476542809408436,0.8531441378415628,0.8523847506214308,0.961645614943303,0.971763894810226,5.4392523364485985,5.0,36.12860391137782,37.58848410648859,6175.573839184667,6102.093653822478,0.2549113610978866,0.2454833702000925,0.022102141929636346,0.0119245197088886
Sumatran peat swamp forests,106,1103.6488153538771,620.0057846103649,10.08686770739288,9.45737659416789,1.8999621029608118,2.0061121230771675,0.24272476175904828,0.18822881167532066,0.6652906658151887,0.8619013574882068,0.8516318012935995,0.868713903200601,0.9663511131807468,0.9703253970258774,5.235849056603773,4.5,33.32139780579134,33.20424101355625,6062.186487405665,5983.227400306281,0.23613564774906867,0.23657923999773767,0.01655357780002258,0.00955182843595795
Nyanga-Chimanimani Montane forest-grassland,105,1053.9612129848365,889.7697925359215,11.380780671517911,10.608937700062787,1.8015895210257946,1.89058155137234,0.32275736360075685,0.3281267467859139,0.7141190400200847,0.9170218414817342,0.8100926619612234,0.8206334376617639,0.9506244691334589,0.9554950586510134,4.171428571428572,4.0,32.435969961565235,32.303222177121064,4873.02596872238,4487.660219077482,0.17237289081503052,0.1606894108962758,0.021524497790499357,0.0182505573119416
San Lucan xeric scrub,105,1986.075689913189,834.2610090174155,11.487074179298785,9.197369410223152,1.8041272853717727,1.92472281154338,0.31770145578044356,0.2972931954763778,0.5926909685021821,0.8202885514340081,0.8372369378299237,0.8385580939377377,0.9422824301316208,0.953094367807648,4.580952380952381,3.0,38.126222220357505,39.5260592600525,4668.108400631571,4455.378100656075,0.15654408654046742,0.1332984767725825,0.009949940918919617,0.0056597589742008
Tonle Sap freshwater swamp forests,105,1324.361995179816,935.1077645905492,11.647018103359441,10.240910609268797,1.8884725195551655,1.98810129694959,0.25586967326760324,0.2205914907721995,0.739096935728486,0.940636716476363,0.8048666420737488,0.8188987844351161,0.9536736130056556,0.9621570376269608,3.8666666666666667,4.0,44.63891161695858,47.35734301439264,5137.495521948049,4785.306365110474,0.16824755593655594,0.1716912547933532,0.02183412893054894,0.0178759453501598
Mindoro rain forests,104,860.6534223040469,504.07408611727897,7.348648018506115,6.52986116893929,2.001886261810304,2.072784637164109,0.13169699307415766,0.0631600323807831,0.6376359335304345,0.7589040098803692,0.8826016640930513,0.8945509400080234,0.9744183128868849,0.9794909406732129,5.240384615384615,4.0,46.57006604916691,47.96470919008075,6725.952913674969,6360.234420149614,0.2675123470214785,0.24927251174034648,0.01717902927166022,0.014072931817344949
Southern Andean steppe,104,1586.1534265212463,882.9399021806842,13.937254056824063,10.988300911111946,1.7281605907606579,1.839032967038341,0.3686257851825332,0.3528081173907091,0.7314707337639353,0.9806933021886532,0.8213142858798984,0.8385382292249028,0.9283031017704602,0.9322043334477019,3.4038461538461537,3.0,42.073850757705095,44.06617430014747,6063.638752603111,6146.803068881556,0.22335838106470762,0.2026939445646358,0.014158424576699276,0.009595997287650149
Baja California desert,102,3703.266839213412,2611.2311403306176,8.261252314349887,8.457513619819448,1.7518355447779401,1.8230482451188474,0.36451810335211504,0.37134358991870486,0.7910297667342704,0.950792729011419,0.8480224999073195,0.8522409281218521,0.9275645529531432,0.9292902838757751,3.4607843137254903,3.0,44.466727581412044,45.56746357806702,6698.159014602899,6658.563350474089,0.25603119687011133,0.25215311659973316,0.0074579786723315885,0.006078306018566199
Esperance mallee,102,1355.2958362012698,1008.8759371483818,11.977990572189565,11.40471319093847,1.721031533020095,1.7625500709750441,0.3911236271240084,0.4220162323663681,0.8101758619836094,0.9675971741078064,0.8004944931091966,0.7954402334150016,0.9171216043851144,0.9207696333855437,3.8529411764705883,3.0,45.84861843554466,49.55916097788281,5294.2749622823785,4847.603873045056,0.18119655808106225,0.15960853136970354,0.022596429329461636,0.01862505442490675
Northern Tallgrass prairie,102,1813.5688130421042,1021.4994363461084,10.195364167829462,7.341845737975559,1.9088481349740334,2.019016549526529,0.22950942465296448,0.17923386661056345,0.7740253907918924,0.9584988083544159,0.8662357927359963,0.8762846155962564,0.9497533519385642,0.9592997201272012,4.1568627450980395,4.0,46.021452701403,48.68255196540761,6592.853599711258,6691.14496552123,0.23940731509375932,0.24931552284010475,0.014441731507776426,0.0127498174227361
Alai-Western Tian Shan steppe,102,1996.9933379866154,1313.2365956143788,10.386017337462452,8.937356095232959,1.655030817064653,1.8797318857154206,0.30711040246633836,0.30862113822272597,0.5578643803190889,0.807319120126496,0.8501127615312568,0.8477026174395514,0.9549601569585278,0.959220563216461,3.7450980392156863,3.0,40.82857204861551,41.897095906538866,5581.703271209282,4774.618791233008,0.16115200240412414,0.15381999105698013,0.013141620081343753,0.009322120542682649
East Deccan moist deciduous forests,100,1094.3304108446298,813.040076598664,8.800163166180168,8.018141945245572,1.8816889406304633,1.9767585052133305,0.2738367487911628,0.24858366338604493,0.44543180199243165,0.5320608874374224,0.8403759102836215,0.8649366982896631,0.961020249093593,0.9676587414462337,3.89,3.0,33.78146521425959,33.7396500996463,5472.1165875023535,5245.87511992225,0.18655265810974545,0.16798962442846427,0.01698904562850577,0.00720922963525155
Chiapas Depression dry forests,98,1692.236597413888,909.1115721982471,7.8109387463647,7.366411186112034,1.859094213049997,1.9682694886731675,0.27700271891240796,0.2459698542703957,0.569723815398149,0.7454623025818776,0.8472220085120876,0.8517915858182399,0.9493135853560798,0.9581553273185954,3.816326530612245,4.0,39.01371597854038,41.47795140522176,5366.917359277607,5258.933892819072,0.1691100634198398,0.17108291958161445,0.01234882866547656,0.007462589005557151
Russian Arctic desert,98,2760.660121767888,1104.753370221797,7.825875408082288,7.724882635904827,1.6384798047713438,1.7646048182572316,0.4198687705274338,0.422299520363369,0.13703409755048385,0.20814829565773854,0.7745309881889498,0.7855471403215388,0.9488202667648543,0.9553853126438204,2.6122448979591835,2.0,32.703835696735084,32.20793298577189,4365.505921943732,4146.0286989942415,0.12219010122226798,0.10197746972767069,0.0348101013818078,0.02284273038427575
Timor and Wetar deciduous forests,98,1674.2671344775622,1281.627981231863,10.745926073967809,9.814576364891291,1.8123321513319848,1.8826821505605869,0.32865888352479505,0.33233471334900877,0.7028554976957514,0.9722839056108157,0.8183052339937076,0.8273575923950591,0.939314796039281,0.9427521953726706,4.346938775510204,3.5,42.635340082392965,42.75004609197387,4882.78542294722,4789.619098980535,0.17387618249689096,0.17255024251662615,0.02061632154674573,0.0170369619477382
Khangai Mountains alpine meadow,96,2317.9065876402556,1149.2425783995604,11.546143451581614,11.810919951288374,1.7455817735093981,1.7435350347996494,0.3649106878450668,0.4254579041724445,0.5620953495970019,0.9373980720838856,0.8262024703955101,0.8446034607499155,0.9337110064647991,0.9362410446062237,3.6145833333333335,3.0,37.255087537941534,40.19342966065086,6478.778346918226,6477.408561589104,0.2153752551945376,0.21209285658518573,0.014091682261752414,0.011780342811163049
Atacama desert,96,1753.5751721543263,801.240452996122,8.507638494242407,8.03343532111592,1.8833073807233538,1.9978453791072994,0.24364773519407554,0.1974569889430938,0.5854320641528471,0.7797648317696473,0.8370764662640878,0.8494311252891507,0.9440033361329255,0.9610949603044456,4.09375,3.0,42.1451543886888,43.69985443569037,5774.813156658934,5402.878972792958,0.175093028400141,0.1514096984817899,0.015293344926973693,0.01075701873277935
Borneo peat swamp forests,95,1243.8972926170547,928.0724970076149,10.66638745630007,7.839544559969335,0.46697324175994065,0.0,0.25648546382219384,0.15097883465422873,0.7170123272721413,0.943867220987015,0.7930612752915068,0.8039724477512072,0.9685233734880327,0.9797441178770672,1.063157894736842,0.0,26.72270173356713,19.06912196290356,6246.036982195364,6644.286836137677,0.06444027280245655,0.0,0.03978736398052423,0.04663301479199085
Knysna-Amatole montane forests,95,1715.1636714886847,1527.4053598436144,11.712674728665247,10.648248794614103,1.6535769792132622,1.7513078761608143,0.41065658632069485,0.4256960527320388,0.6065244191144206,0.9348126567056028,0.7593136778498387,0.7917385785374321,0.9386457713134961,0.9468129065857784,3.5473684210526315,3.0,48.85180279493565,51.03052507957328,4407.439516472383,4491.643874303056,0.14411113291503752,0.1457725217490842,0.018323210161457427,0.0144591386535048
Sumatran tropical pine forests,95,1860.2824975729602,1277.724002580991,11.996579555611937,11.747194779032188,1.7175623076234277,1.8006719852367832,0.3890173731250757,0.3692146798789533,0.687810754213607,0.9647347418719346,0.8084952248272228,0.8256121566893824,0.9484222525475328,0.9522787394526736,4.747368421052632,4.0,35.28929245534207,34.147625824493375,5309.812315731862,5146.770976350158,0.20964980486208454,0.1965590439116285,0.03497261574503928,0.0309012428979795
Ethiopian montane forests,95,1276.8909567053252,1014.3554819852004,13.309109246524512,12.29346333502221,1.6971825322434626,1.8011285740911538,0.3948713298075472,0.3769383451184716,0.6975566751916671,0.986297566020092,0.7624947180229361,0.7841862288829103,0.9178066251890336,0.91517919937913,4.147368421052631,3.0,49.48225773450417,50.242126348465206,4918.496486678905,4643.428233020218,0.16803699829461277,0.1684764294835414,0.02201939606198712,0.0181698780650248
Cross-Sanaga-Bioko coastal forests,95,1560.6161128604647,1300.5162752794574,27.504211189981074,17.149208332076437,1.9860405091040159,2.027235836004432,0.18739090574964062,0.1490791458934663,0.6735046036190676,0.8313388861980994,0.8548955416243987,0.8716172587422295,0.9776061886037358,0.9809209307900948,5.747368421052632,5.0,45.27539155516625,48.5124198708124,4831.641384524213,4600.434980720387,0.273344566342688,0.2547188603229602,0.05979455179190694,0.0299137499274505
Bahamian pineyards,94,1999.4628110480912,1446.7260660139962,11.304578789464424,10.831644619079643,1.7228717394973283,1.8310231986928431,0.37424015274439637,0.34925005161861034,0.8641496434129896,0.9885947907051952,0.7834325238057894,0.791555889591572,0.9027109044052778,0.9016030223990759,3.5,3.0,50.408502025419686,51.051586547044266,5698.578548311856,5861.259607015996,0.18995694085852077,0.1919349384487149,0.01899537462155454,0.01640264144405795
Namibian savanna woodlands,94,1210.073632381959,1034.1754879735245,11.395846013927601,10.462089710513157,1.80067293124697,1.883981689135461,0.32986407580165994,0.3098660244270227,0.53635749861656,0.8293412743005977,0.8163492540285862,0.8232463485242711,0.9388343753929048,0.9426020779579383,4.329787234042553,4.0,41.910629191091424,45.0578805130821,5046.968980056176,4328.853135389492,0.17661828243210595,0.15983098925011358,0.01577415699353856,0.0134184719196049
Taimyr-Central Siberian tundra,92,1111.299224661178,691.3958715242629,7.786906926423923,7.910250163102689,1.9924909527140726,2.0390894764633423,0.17754661860751159,0.1460951346225243,0.5684167023243738,0.7504535394451398,0.8822773511693004,0.8898994381729606,0.9494165087363384,0.9601595475501512,4.467391304347826,4.0,44.23506512549633,44.59642033446465,5845.9046547928665,5568.270176157286,0.2052813152688367,0.19576225857460294,0.011811680974116317,0.00988680857135015
Myanmar Coast mangroves,91,1219.7735736377247,764.3001605130037,12.205150470518767,10.303970238329306,1.8818120669551084,1.994125716445896,0.26960577483180004,0.2294728570214936,0.4512493802407392,0.7975921232318259,0.7970996114449346,0.8050356625758532,0.9572931967757997,0.964391976779318,3.7142857142857144,3.0,39.81549017574724,40.97412400365015,4718.067216542975,4629.781580590309,0.18570644274707865,0.1716941550925926,0.02334713261532044,0.0148930007161433
Ethiopian montane moorlands,91,1084.7370342629263,914.883499282739,12.678867059538252,12.247074233203676,1.76831070742676,1.8519922838232303,0.3613300391500116,0.3393093140339833,0.6010094819306138,0.9051228029867482,0.7906080494448514,0.7957556749299098,0.9216180286070941,0.922174192785101,3.5494505494505493,3.0,48.85671049983719,50.5147378510792,4805.296280851186,4269.495628155066,0.16376247422198062,0.1539763421607817,0.020555169088252525,0.01864722732086
Nelson Coast temperate forests,91,2557.468978971469,1310.4230452474485,9.809311148256684,9.497172027459513,1.749151322376587,1.8089364795482163,0.3667949529331207,0.3865337054242839,0.4428210378788711,0.482416331035374,0.7994170379817378,0.8083899772038499,0.9469738556738772,0.9543213550001536,4.186813186813187,4.0,38.94515282794286,39.90824974193032,4304.993378402752,3755.336922005102,0.14051418947079694,0.1257298495668461,0.020781576972029932,0.016741354240335
Carpentaria tropical savanna,90,966.2484066748051,639.3097638505358,11.210302616776145,11.13984543134052,1.7991625219967153,1.8909767915560076,0.3281617597207023,0.30185586520499724,0.601837649448262,0.9304871158778334,0.809427951564264,0.8248063551924193,0.9333841758516431,0.9402876994504104,3.7,3.5,47.603233966158434,48.58401829028333,4757.109380919178,4544.756333019986,0.16645598852736873,0.15179058415993024,0.02055157448121617,0.01649495691065935
Tuamotu tropical moist forests,90,1070.9413948729614,545.0821050143293,14.296617470080813,11.597877580991238,1.7711647864476516,1.810440624731768,0.3659667088045319,0.38680089702470516,0.6235441575673367,0.8359829840306743,0.7568967333684964,0.7599401557072647,0.9332656291262197,0.9387171121352593,3.1,3.0,39.57500652403733,39.24121764422285,3051.460008420684,2970.498023728311,0.09421942789900804,0.08546228763876965,0.023454083640796035,0.020688471323131598
Fiji tropical moist forests,89,925.2857846468362,834.9363672368247,10.751844573102657,10.396254330257255,1.8617513328102326,1.9675646679284404,0.2800245781205124,0.2355599461913566,0.6915765640355913,0.8756677961066714,0.8207157366825488,0.8262899652164326,0.9532040669579147,0.9599115420469856,4.853932584269663,4.0,42.04626938354251,45.19850425232326,5111.189054502859,4868.346747349621,0.1849381567287149,0.1904630511311172,0.023421887496417593,0.01947552970205
Central African mangroves,88,1764.105584785294,1078.139570813701,10.365504189200665,8.987541228144034,1.8418152116957678,1.9547367654191974,0.2893358639098287,0.22974776855653828,0.5512778134258902,0.895654428354788,0.8237496631837877,0.8316418848266123,0.9504813608421577,0.9578039063843988,4.431818181818182,4.0,34.75816885581481,32.479845483545276,5153.6020129611215,4871.981149190075,0.19948417686669168,0.1880879059195224,0.02051817492306765,0.0161012831109133
Trinidad and Tobago moist forest,87,2114.28380547146,1354.1115353903247,15.813837816644108,6.898155160830575,1.9607165831510436,2.0450560159842643,0.19004544862365955,0.13593569530150212,0.6693986498172694,0.8431190291740654,0.8312589509410241,0.8418296806814533,0.9612971082110968,0.9738471634285316,3.0919540229885056,3.0,49.485468637053486,51.58806008593506,4708.322931584472,4632.993120120217,0.19092411709869236,0.1852861215689137,0.03514036385373622,0.0321634098150225
Puerto Rican dry forests,87,1153.3729738095349,1177.8241876240486,9.480398772717448,8.349202557056596,1.7466455726586427,1.8735160475142736,0.36311509577736384,0.3467028973258053,0.4490424312921882,0.7365944215607444,0.8088442572573041,0.8306460664684884,0.938393931255329,0.9439689086669834,3.5517241379310347,3.0,34.79795968845847,34.050897891972475,5164.00173579673,4936.379071920195,0.14674672552859944,0.1309959120402573,0.019412011017967214,0.0148776142370704
Namib Desert,86,758.5346033784856,625.4419166913864,11.759103304336833,11.424067460975888,1.817652656037454,1.8990576426427845,0.3280161019477816,0.31506966606698494,0.5233645456221282,0.812573453114091,0.7965291085265208,0.7857185137883471,0.9443458917831571,0.9526734029453838,3.604651162790698,3.0,43.37508994167994,46.20210165982513,4141.450352451222,3615.0832375016867,0.1257615484801131,0.10843729435231135,0.018112712392167413,0.015449169150003349
Anatolian conifer and deciduous mixed forests,86,1799.308032110058,1564.2236309742627,10.09870867507572,9.54849378961628,1.8160855103132008,1.8904218594044435,0.3202468932388061,0.2978405247091822,0.5983698670262247,0.9098894620831477,0.8251019566171173,0.8396379756894549,0.9530368356329494,0.958822023590399,3.011627906976744,3.0,34.936176803757014,34.010720669747435,5394.387131181079,4928.129894474049,0.16838152440467588,0.163886854481024,0.009299487256718463,0.00480392831291765
Bajío dry forests,85,1544.0250190738834,1283.2739834781753,14.375010977806433,8.87802791631172,1.8677366144207541,1.9223529933415395,0.288985958255095,0.2949647475237631,0.6082036786114496,0.7910127838290001,0.8024856627211061,0.8114929884697019,0.958314266259703,0.9659344572320482,3.3176470588235296,3.0,40.80613578803293,41.32847196286349,3891.5488195835806,3759.79215568621,0.1266858347209222,0.1205348705348705,0.01731076752422286,0.0115084509237973
Wyoming Basin shrub steppe,84,2244.3866985541613,1260.9382730191005,8.543574148621191,7.16673309462122,1.8520741657775912,1.962537094135036,0.2786973020117151,0.24920734266744943,0.5540301475506519,0.8574072756764588,0.8464047075084873,0.8546166564137747,0.9519637856211122,0.9579370675422338,3.6666666666666665,3.0,40.09280079165064,40.50858228168846,6015.045859407988,5443.970926618384,0.18127784163714183,0.1783835871950008,0.017061359733298646,0.014961014771652199
Eastern Himalayan alpine shrub and meadows,83,1561.3831170511853,1207.6758681646563,9.20556786644177,8.13239021112457,1.7459473903789424,1.8536962403437067,0.3348360870212284,0.3407891408334096,0.4194934504929025,0.6906293336955078,0.8101034766586266,0.8274964748961087,0.9605566384788674,0.9715437434604822,2.710843373493976,2.0,36.59401089781485,43.82258806517528,4596.683060244136,4294.400388327809,0.13606409280954385,0.1248017378369336,0.018772389215092746,0.0128405146906879
Hainan Island monsoon rain forests,83,1518.555917643392,920.5506629560648,10.916196758708084,7.418702423507717,1.8762769314848937,2.0159344022053824,0.2454509191199217,0.1695387368664127,0.4455453547010717,0.7731112415519035,0.8161588119160668,0.8298459984538857,0.9541017300560644,0.9663895545024804,3.963855421686747,4.0,33.9543995500185,35.55809994392566,5008.337186093315,5032.4428598059285,0.16856495575074917,0.1726908812915176,0.007552216714126553,0.004354239524375
New Zealand South Island montane grasslands,82,1348.9366151529287,881.405222700851,10.278186483347346,9.812409852177403,1.852849437308037,1.9409037518951076,0.2939267157977915,0.2720369662556531,0.5713037326874626,0.7731413213534593,0.7912419095618539,0.7855805905333855,0.9627541792713875,0.9668407779120451,3.9390243902439024,4.0,30.665248441579806,31.1237543679033,3914.6191147442596,3389.888292891309,0.12985501377598496,0.1104919311691363,0.02327253965911613,0.016690428168358
Luzon tropical pine forests,82,1367.7515603451607,1079.9441375476538,10.473768150285842,10.582510903529208,1.7533754987163515,1.8604734096801532,0.36006466572166634,0.34365879209075667,0.789955059039928,0.970687204600698,0.8086705751200494,0.8094153021450069,0.9379930415600197,0.9439666102058026,3.3780487804878048,3.0,46.64106554069349,51.25692977291471,5580.614458470983,5050.260739026309,0.16971743488857527,0.1582462850562797,0.030620755438527866,0.02679442045551025
Hengduan Mountains subalpine conifer forests,82,2035.123591281342,1124.3545157947653,10.483504622818977,9.346769532731065,1.7290857085318474,1.8010934179032372,0.366036642705733,0.3632369365299144,0.755253028608401,0.9719571756741356,0.8374608703353312,0.861455305467669,0.9435365943008381,0.9537989749276354,4.158536585365853,3.0,41.09107966131051,43.10645487536212,6453.3631740649835,6214.966601157861,0.21536260747301614,0.19993876891101847,0.010393316997740178,0.00831641784658645
Flint Hills tallgrass prairie,81,3002.160201084353,2420.198990103605,12.464891549532597,11.976938645996684,1.6739579427951365,1.6778169317509506,0.44818774845231124,0.4652971363405978,0.8048137602946959,0.9876727798928492,0.7669804475824026,0.7748971944787365,0.9269109194277391,0.9313698002014874,3.185185185185185,3.0,47.101335170912094,47.48871343439527,4575.490848564518,4610.346102163583,0.14760672088262877,0.1614696290089379,0.013494794191634766,0.0126573842754571
Louisiade Archipelago rain forests,81,1745.9539330432065,979.5688391932964,8.451396906175264,8.707231309336036,1.9489518088816993,2.0407325067607665,0.21058663270687272,0.1446414999715639,0.7361408026586339,0.9374906476781816,0.8297439473603241,0.8404400862302797,0.9662862281839844,0.9774598853199334,3.3950617283950617,3.0,26.092531711765417,21.78577357666458,5402.9911006745315,5469.359663430529,0.2038204182770889,0.2001621791294643,0.02651305156395266,0.015982139047637
Irrawaddy moist deciduous forests,81,924.9861557396525,639.7700267363176,12.324284036588327,9.43110171025649,1.9303528715784837,2.011779566131057,0.2304750987434842,0.1963257686371031,0.6312616279564494,0.8992516060178466,0.8433215007894259,0.86268029434211,0.9552285798136023,0.9660592071951696,4.518518518518518,4.0,44.29748801672719,49.99680864653861,4783.076610351027,4824.709187539214,0.17891072416913278,0.154250480514316,0.03335745863546667,0.0224675246137796
Arctic foothills tundra,80,564.8408342348711,455.13856158764395,12.808891607833335,12.194382737463574,1.8626302547001383,1.9919755658553393,0.2612637158887342,0.23170219021060565,0.5546020185911722,0.7674342681713102,0.8442754101237346,0.8483374972688384,0.9362534374186515,0.9466672163599028,4.1375,4.0,30.24064764673151,29.15932988779324,5740.049876152622,5506.753675751059,0.20882017464522362,0.19814015382785805,0.019641441743951715,0.010250235387972349
Richmond temperate forests,80,2806.769278359324,1327.8836814431415,8.597390341473226,8.374049082260449,1.7488829214358304,1.8827082227924645,0.35020421704356036,0.33239521157326385,0.11007656207486079,0.07021010784323115,0.8173780077367792,0.8201818450337945,0.9505151068692574,0.9603342513488908,3.1375,3.0,40.63816769167589,46.4757780425659,4252.86204868968,4048.2955153970333,0.13137706081321018,0.12630149858329595,0.021620897781468123,0.01838666420848015
Blue Mountains forests,78,1245.4792934740985,957.9290058611368,9.487555741681938,8.184231504094203,1.73398909046884,1.863343911271207,0.3333786566897911,0.31916100495440924,0.6200117188172574,0.8042147573704927,0.8475259255998129,0.8696501587726422,0.9418784385367405,0.9469832951794346,3.1794871794871793,3.0,45.17932054745043,49.034739905695304,7071.778408000323,7456.176655398154,0.25497327745873716,0.26530893357968843,0.023552668156503098,0.018476164255396298
Kazakh forest steppe,77,2032.1730057393697,1089.5061859507496,10.264112396013017,10.646197373914893,1.9582609589127675,2.0262479533275237,0.20196899425867804,0.1722394061947254,0.7538411885888403,0.9717623559611442,0.9026460655997152,0.914733846581916,0.9600815923331596,0.9637071288430992,4.441558441558442,4.0,49.65595739714306,51.14451613205436,6665.423878483794,6793.635470553152,0.2168358841432995,0.2249528434684684,0.01793581165599272,0.0147964942206284
Rakiura Island temperate forests,76,2053.6340224175424,1110.979049631374,9.632396424380198,9.45921549568573,1.8497073550453804,1.9360766704271701,0.3012046208323477,0.28076936579399214,0.42544478274195174,0.5323571404325337,0.8083041837909997,0.810277677247841,0.9466828110833224,0.9541465735307262,4.0394736842105265,4.0,42.975700053584916,49.449565002936794,4064.125601198981,3571.1259877961597,0.13823796661969523,0.11571234609904354,0.023248044721986893,0.0161960732635461
Islas Revillagigedo dry forests,75,2250.004796942036,1397.2901354404626,8.475145447803527,8.819124714034839,1.8895529768035437,1.973031347170192,0.28577437064056366,0.2434483300177992,0.5706116312453233,0.8708769147429821,0.8257992173365868,0.8289342594554332,0.9118964051225762,0.9206567759273252,4.053333333333334,3.0,41.2642172571977,42.63207934148981,7039.627255431707,5703.7905333271965,0.17100236818192335,0.1663314074901482,0.008603663645682729,0.0047678026097469
Russian Bering tundra,74,2800.7644261561672,2311.4339677862217,10.416848977101614,10.052625447900393,1.705264509861167,1.7913417179064173,0.40657695427863727,0.3868800100805565,0.5065072569034188,0.9095450138876537,0.8120021885950317,0.8194524973659274,0.9247039218949954,0.9271206873861861,3.4324324324324325,3.0,48.458874122782895,49.387108056583855,5913.508008660618,5664.4531047900855,0.17881806202637815,0.16214202755151313,0.021011758138167594,0.0162433027031413
Sierra de la Laguna pine-oak forests,74,1917.2413587652306,1089.2487159445704,9.161171162570119,9.484953109085648,1.842194682409934,1.9599041597815796,0.28482071452415025,0.25257052710322336,0.6357550375006475,0.8948208457347316,0.8516103777415649,0.8661509410941471,0.9361462641340634,0.9460324255737425,4.554054054054054,4.0,41.33317321643748,42.17541991097505,6222.9520768702205,6206.293330371446,0.21243165078663936,0.1788346459323144,0.012921329012183453,0.008322367790655351
Central Asian riparian woodlands,73,1555.8194241780063,1217.8404896051068,9.48304155543418,8.986105456590694,1.8466761896360004,1.9297840976474807,0.29113951504957924,0.2724238227146813,0.6830028354533167,0.9335403821300704,0.8216169796271354,0.8376337269190637,0.9369558135771167,0.9386827816796,3.1095890410958904,3.0,35.91337457578341,37.11159206246266,6113.389454375982,5305.256583087296,0.17201202573237934,0.1608603426499348,0.007564505805133103,0.0048982685729384
Seram rain forests,72,1503.3346576244983,1147.9827613971831,9.623722426453744,8.914344707558774,1.805692699297803,1.9131536373440041,0.31251770007065205,0.2914779817846057,0.6194578141385231,0.8967061564917731,0.796659848145659,0.8034707852287859,0.9508890406512595,0.9658522603860071,4.361111111111111,4.0,35.642320203596164,34.68910241399959,5269.009197706982,4997.884734616068,0.17730733997468376,0.17101206202739944,0.021356478806360647,0.01529724195205695
Faroe Islands boreal grasslands,72,669.1929745879274,623.9927742276831,7.894404951523899,7.046583988685935,2.0031229922754807,2.0752363660409134,0.12857323304482945,0.0482668658363444,0.0351582495238841,-0.1318993969252772,0.9143281716047902,0.9179521491929075,0.9742634091019594,0.9859565688776466,4.319444444444445,3.0,22.72226998181689,17.239738939578938,5225.930718557787,4887.570006602984,0.21288911234357333,0.1805155656012405,0.006926874734780301,0.0041366450405907005
Huon Peninsula montane rain forests,70,1234.561843094131,795.7271932954882,8.005394293472039,7.299118079837733,1.8288903289709164,1.9438736475137128,0.30100926623818175,0.2643181421337526,0.4945432325782954,0.8146229871512957,0.845762206632074,0.8631617487280929,0.9549298669383991,0.9673877934486906,4.142857142857143,3.0,29.513941677274033,26.92464037825944,6146.836380773623,5606.037384208762,0.22623143231692786,0.1977989614591147,0.01571846244989621,0.011720960793800299
Cross-Timbers savanna-woodland,70,1419.4665514147896,351.7508874193904,10.325337266520714,10.057147772116021,1.6348228635153323,1.85331490853132,0.38926371046341396,0.36148709447142635,0.22611401485593124,0.6055736019016402,0.7380927314548353,0.7843215635873417,0.9476870655940973,0.9507971226388663,3.942857142857143,2.0,32.945972108487084,33.08461626862818,5351.244314537682,4720.885262228838,0.1816359301735969,0.1573878215365217,0.0324069374258524,0.012102648589468301
North Arabian desert,69,1077.467679918938,803.8963199085144,8.461216164802593,7.337276751741066,1.9957581602996324,2.065885110750398,0.1419697976885068,0.0802649749697912,0.5812789283012308,0.7725387020350718,0.901845749406571,0.918729830948132,0.9635974955245419,0.9695306492158572,3.2028985507246377,3.0,25.9867358682857,25.7663043502612,6091.125417300854,6462.290782762942,0.20845108021035955,0.2229014999755704,0.0035043149859667424,0.0021929925768251
Klamath-Siskiyou forests,69,2744.556245881644,1772.909577939782,11.192039364427984,11.738642839984308,1.7893374751610818,1.8109832506013344,0.3536825420633515,0.388389357004461,0.6991320648667755,0.9620469883124568,0.8342186969171456,0.8390249428732687,0.9443314461707794,0.9516063228520988,3.5652173913043477,3.0,39.72736436321868,41.38581873390071,5525.993565227318,5644.728601309149,0.1603357652263396,0.1524778269887384,0.016718748354575288,0.0146736389224239
Texas blackland prairies,69,1102.5248959809437,847.2939367613334,7.754360724469143,7.432511839222975,1.9251381235745695,2.043656960587146,0.22195702821590643,0.146206165973999,0.5323334778879801,0.7360145436436879,0.8234449334383747,0.8307830342087705,0.9767130661267258,0.981867391795712,3.7681159420289854,3.0,40.1219850680179,42.49510229366133,4723.1473014664825,4164.248076180638,0.15853089573968054,0.1178396593347639,0.01431886645870262,0.0080838636482637
New Britain-New Ireland montane rain forests,68,1098.9522517667363,921.2027857830153,3.3749525528819753,3.67127525936172,2.0449666820057053,2.0761423459183224,0.07815309980596752,0.032848031542396405,0.5346366601095032,0.7236443603316174,0.9196788626368456,0.9044699565393961,0.9795763916046546,0.9869492058515186,7.088235294117647,4.0,13.764377092969198,10.472554060975614,7542.124740818163,6342.8712766565095,0.2961267777882821,0.21376992060418745,0.007851217581023053,0.0016282797172991
Hawai'i tropical dry forests,67,2490.9670698655937,1177.1612989136806,9.605882127937493,8.731083164358997,1.8604948613603782,1.9387840020351228,0.29363945235704964,0.2936698962299495,0.6213240057334908,0.8183134989850208,0.8283256766020304,0.830407704836583,0.9555433265048006,0.9565787457085291,4.044776119402985,3.0,37.8177416147525,37.706028728054505,4442.024875299246,4415.076806810491,0.1387814616276373,0.1344086616158243,0.023186694316153774,0.017613567630076
Venezuelan Andes montane forests,67,863.4780639047755,540.8793332687997,13.731213104107042,8.527519083998106,1.9889570446111915,2.029731429003101,0.18962678100883879,0.1701871190558275,0.6221499215241072,0.7478666565893073,0.8428708687188611,0.8364387344937878,0.9613898165123252,0.9641734171730352,4.298507462686567,4.0,45.547933810793694,50.63834072823322,5213.034555567944,5083.672832513545,0.20756189223264163,0.1870733874891868,0.016423349762174074,0.009576175677112
Guianan freshwater swamp forests,67,1576.480539585255,1038.9895001507098,10.33349988977129,9.74956896965901,1.806027067737457,1.867040312497369,0.3225865867423548,0.3147063923773365,0.6000458907438693,0.9493441381726894,0.8199934215660247,0.8300442130499442,0.9430669602798657,0.9449289277681387,3.671641791044776,3.0,47.85269990264901,51.24680554076706,5858.714535012833,5201.370989749224,0.22218075435398535,0.2179677233153245,0.029247708249114497,0.0277663206313765
Tian Shan montane conifer forests,67,1638.4673372968518,1369.501251334813,8.654548673606566,8.160906154283413,1.7389193131364593,1.9140683271787209,0.357190458010652,0.3070553860295104,0.6031555491955302,0.9314599970605262,0.8087096425243954,0.815384931491845,0.9401251516929958,0.9460845402816036,3.4328358208955225,3.0,37.766836212442165,36.65579263373854,4818.46672571371,4671.63873939949,0.14620734916937383,0.14006103515625,0.010229552584766302,0.0069444336333292
Northeast Siberian coastal tundra,66,950.1507365975997,623.8343992237021,8.108423207645405,8.060606447501112,1.8190538281055402,1.9530449330976276,0.2977675334327089,0.2728751702574722,0.3017704664121643,0.7007727023577062,0.8776462485546781,0.8874367120066265,0.9311924180944856,0.9474777924305442,3.6363636363636362,3.0,33.849518941344634,34.914928059909194,6408.391138715419,6221.975207077519,0.20391338361711528,0.17389124132414455,0.007494748087098577,0.0042039016621807
Eastern Panamanian montane forests,66,2239.0744478685233,1441.98187323669,8.059508433802193,7.596869921937625,1.8889494103166007,2.0295308503459015,0.24533013772298187,0.1643490770400443,0.6189711221837046,0.8997649658782485,0.8391273357176817,0.8512144603414501,0.9691031474764781,0.9785395831142105,3.9696969696969697,3.0,38.43148895742278,41.43150639110563,5822.354586246914,5920.248370104529,0.22793158905846114,0.234446720507661,0.03632569507693197,0.03403175173358235
South Taiwan monsoon rain forests,65,1310.0516476403986,982.3695586300556,10.767662329334334,8.96661363636491,1.8337939487372714,1.8748738977228392,0.3026383701521404,0.3191934824629374,0.6031003741688893,0.8112247244979801,0.8219980890764186,0.8257764635035402,0.9611324560109599,0.969257976639874,3.523076923076923,3.0,29.466165092998416,26.977791588642383,5603.402941049118,5172.85887320119,0.1654546363423397,0.1503320890257667,0.019951109180603558,0.0132343980968887
Tapajós-Xingu moist forests,65,1624.7463909667922,1290.116530609006,9.993240854576307,9.202285052590792,1.8509915214923436,1.9246550877579844,0.29528747906000946,0.2801599927958216,0.7303526937903895,0.9198252506598052,0.84243481015144,0.8591999300789404,0.9503710403659088,0.9564859193185752,4.723076923076923,4.0,35.773639272512796,35.855146982944234,6146.123070500023,5843.582159739857,0.22817116101824453,0.2139959074604843,0.016277465436600202,0.0160476875063644
Nigerian lowland forests,65,1019.6794310646783,993.3620394146672,12.122832260134484,11.487468759372872,1.7115878824502586,1.8281834587272856,0.38333513001293945,0.3752199180220479,0.20741756443201578,0.5087122257855746,0.7864428589583653,0.8191361273162243,0.9641441545512643,0.9667513844220068,3.7384615384615385,3.0,25.074025935912093,23.956197299186417,4343.0585737782685,4557.505208675455,0.14800840987710098,0.1404156810258964,0.03697074137637132,0.0347810593503098
Southern Korea evergreen forests,64,1632.3149414513703,1190.304187707883,6.626790041356365,6.243064235151236,1.9134496336467008,2.0233943031773824,0.2252813323729474,0.1621392386801199,0.7150866355395812,0.9140993843772836,0.8254571434760938,0.8288307640916741,0.957972842821116,0.9603983955135684,3.8125,3.0,35.18076663888569,35.19007351950755,5259.173061346155,5226.680025093252,0.14871045541815753,0.1373033121633896,0.017445488613084238,0.01221240553332955
East African montane moorlands,63,928.6894809667065,845.3442646461427,12.873309896104377,11.151632645061737,1.8347736898339353,1.9312920890301712,0.29375971460914463,0.2757261978140277,0.7525479042908265,0.9042088084520664,0.8122736286457105,0.8065387683032552,0.9427253575364706,0.9453525067315784,4.476190476190476,4.0,36.56356677917567,38.90050698832097,5242.0209650791985,4871.379934442914,0.18619880148962364,0.1722706011146496,0.015102336340487407,0.0111049832031977
Low Monte,63,1468.6993302648189,800.4107191838357,15.172710384131495,8.598161066618795,1.8509080406871365,1.954140310999464,0.29358111356361427,0.2609924120921985,0.6657969395876862,0.878856831407179,0.8352695669398388,0.8659866125075688,0.9444907268676669,0.9563987510653884,3.6984126984126986,3.0,38.124629142854936,39.64291295899445,5221.882131417244,5594.356693096636,0.16921626037866297,0.1731212494914564,0.01315440065722463,0.011421160749315
Southern Swahili coastal forests and woodlands,62,1385.6943887633533,1027.7643585486703,11.885322275403118,7.989298472086885,1.8444268092794949,1.9245440536577858,0.30241877870539,0.2941850620490451,0.6669966867538147,0.9467185435575032,0.8553711469407728,0.8590977846390344,0.9454411433709917,0.9440218046724038,3.967741935483871,3.5,33.2130078707083,32.4274480013011,5963.289940978937,5642.673785952905,0.226617525902373,0.22374736597339695,0.023122491554895645,0.01599859788650515
Alberta-British Columbia foothills forests,61,4299.125346717951,2032.7060002216767,11.595793328849426,11.943254837922323,1.680563158804925,1.7388469257129529,0.4082926721521368,0.4282690163895541,0.868985972506,0.9845860425342692,0.8058440124957909,0.7898919671693667,0.9359198895735606,0.9387706125220657,4.114754098360656,4.0,43.13669151071605,46.13306406144178,5431.91557007405,4748.441937599289,0.16610812101680636,0.1306296667588495,0.018747053720324047,0.015658075763044
Juruá-Purus moist forests,61,1226.6478023377283,855.8454833390003,16.82752099130221,12.26021552736901,1.9027121122786321,1.94090250653828,0.23793336000812423,0.200947172210502,0.569337363346036,0.8658626118446489,0.7905906740351936,0.7958833274793043,0.9750312272130287,0.9799793633457504,4.262295081967213,4.0,43.93805301529574,43.17801224871636,4994.214726890769,4888.295616525652,0.19510545407384677,0.2007905717329545,0.018230010202018015,0.0139290773387236
Changbai Mountains mixed forests,61,1561.599077991668,1222.4387277979142,8.40791023504548,7.7188279396336,1.9826727447842272,2.037904215014575,0.19307068044792094,0.1460418429162764,0.6133960919390602,0.7860196944243842,0.8218422977488079,0.8339639186471975,0.9656440970258628,0.9729996454050992,3.9508196721311477,4.0,27.148660421533023,27.202291338368116,4327.660590313578,4457.673666577098,0.13547224862950147,0.1355986958532393,0.0034770076317804503,0.0024423508155106
Sichuan Basin evergreen broadleaf forests,59,1409.5635523620306,1172.502543122093,9.852876042044604,10.206690374351451,1.7842834843871855,1.914016884839587,0.32842364008122704,0.2761972279397611,0.6436242497008121,0.9357048824367667,0.7892099397366283,0.793283388852476,0.9598564897934347,0.958881555750984,3.152542372881356,3.0,35.21435663690865,37.427508949996735,4185.576479785352,4300.853096616731,0.148910324893477,0.1574695678889331,0.020994998796759284,0.0183112609873275
Pacific Coastal Mountain icefields and tundra,59,3394.5377218659887,1578.5026249808764,11.523659556370033,11.59333136862368,1.7792909524445102,1.87883317546832,0.3372380528496505,0.3179491113588257,0.6098952828042155,0.7326898248261355,0.7946594745477868,0.7951275668755217,0.9450146452330287,0.9595230051566956,3.135593220338983,3.0,41.13289459228057,43.99958556333596,4432.814012546287,3972.781798014849,0.14135954850343152,0.1133257032908705,0.013199114889848824,0.0092733113135722
Cayos Miskitos-San Andrés and Providencia moist forests,59,1651.241512503585,1156.643578640599,7.804095409221646,7.487648867662132,1.9672238281057093,2.0323955797835778,0.20703848851816226,0.1595843579606055,0.7888939306239162,0.8891045738949125,0.841735164310023,0.8393575283806408,0.9623443619378793,0.9692145666008596,3.389830508474576,3.0,39.59469018502374,44.06224563337992,5399.080240914531,4355.621147016892,0.15539254993120322,0.1504411175735488,0.027273843998289166,0.0212839865877166
Miskito pine forests,59,579.4642223151477,511.501624410794,8.591941137910803,8.500657470279556,2.0205016480345526,2.068909013073847,0.128424464757977,0.072044874480972,0.5789001252529976,0.7626110127697867,0.8580726370667351,0.8572337908890714,0.968700676359268,0.9703276124815604,5.966101694915254,6.0,47.49552035582626,50.15203929704108,5277.457759578006,4942.335993238852,0.21039021070998556,0.2052827578207847,0.011254283453425325,0.0074250038163869
Western Himalayan subalpine conifer forests,58,2477.8796331636336,1774.8526696649233,11.872497707267852,12.061971162715402,1.6904285372438408,1.7559586848515174,0.409256882859633,0.4165773469201077,0.787929305825036,0.9944306962524536,0.7689591815913629,0.7619600895550862,0.9188385343058981,0.921753687747023,3.2586206896551726,3.0,45.990855229494954,47.899981886800184,4242.967815748807,4300.301832304477,0.14564329995959474,0.14575080650867223,0.016504831228692722,0.0144438242726837
Banda Sea Islands moist deciduous forests,58,1092.179751860308,903.5154359991873,10.829825236936498,9.120753057346128,1.8459361564607688,1.9261846407229553,0.3001744081858305,0.27707785179708755,0.5935361313539033,0.8471197432438189,0.7881100826652967,0.8001232477749591,0.9554498126714606,0.9605812251995582,4.275862068965517,4.0,28.582109743632262,27.64728333355884,4317.405101535346,4077.986089643873,0.15650094883506246,0.14712063694163985,0.019650654835550434,0.0142210044201515
Comoros forests,58,1215.9092411869538,884.2844352864488,10.783019693279503,10.08888974399643,1.7165507468975851,1.7922233866121606,0.37542779893116496,0.380288342584394,0.391295299331864,0.9002317701817656,0.7414742451829458,0.760647273889313,0.9259934467916877,0.9301763216912308,3.1551724137931036,3.0,37.986654354312805,36.87564962147762,4136.208641222752,4093.7347324736015,0.13698479548614778,0.1283496927362524,0.014709110183300837,0.010836489019592499
Western Congolian swamp forests,57,1789.559634086322,1670.0640109922308,9.415303211674448,9.144927700423484,1.9741719610753488,2.021660810662444,0.18999526494098506,0.1609180845847095,0.8565519467482045,0.9480812119374742,0.8660457865223096,0.8642956112529676,0.9656586669223519,0.9712675122445276,5.228070175438597,5.0,23.66888827089381,23.068030248353875,6302.168513374752,6228.325568127259,0.2344843878877058,0.2313436637822924,0.026868381075195288,0.0238343969297871
Tonle Sap-Mekong peat swamp forests,56,1287.0611673373044,1117.5878897809328,6.7102319566527955,6.402636304435522,1.9240309086643284,1.99146769912341,0.24319465641228963,0.22438889770235781,0.7139328537358764,0.9522053108620077,0.8408103323885072,0.832922763890461,0.9391204199674215,0.94383799350255,3.5714285714285716,3.0,43.26125702352817,46.61640568625464,7128.119526084491,6091.567900371914,0.20750492450836652,0.1920946281629532,0.012834362566517864,0.0109659986954409
Cameroon Highlands forests,56,1814.7828450340933,1053.148983601932,9.080412277698409,8.744422704590367,1.8313677865881544,1.914776937846553,0.3066999315155045,0.2968941784509609,0.6172819401353502,0.8633380602920577,0.7993990758404899,0.8208025932567865,0.9542501323620698,0.956647919600626,5.071428571428571,4.5,34.17316178891439,32.84625015029971,5217.081784505665,5095.249389477678,0.18617839742587736,0.17626635736843793,0.01618214270699346,0.0064346664409651
Canterbury-Otago tussock grasslands,56,1832.9012109593145,1378.558290161293,8.058384941657836,7.6287530052852714,1.8448412634562605,1.9606515384268441,0.27693337784247996,0.23955382880953874,0.2824576143507171,0.39967724269500093,0.8190584343438942,0.8304067187344432,0.9511419258593137,0.9673048065296999,3.142857142857143,3.0,39.18739144293472,39.33298313194265,4991.41263922722,4778.808267841444,0.1472110729166176,0.14049181624632,0.020475173604777176,0.01566471876785185
Tasmanian Central Highland forests,56,1294.787976267486,701.8426840036674,9.61788178021357,8.81020900067827,1.8121103127997713,1.8897025538158987,0.3295174826278012,0.3230832752353612,0.5227292055893283,0.8775750338578512,0.8354995569898793,0.85704039596353,0.9278137276883911,0.934314005888403,4.464285714285714,4.0,45.690951206658106,47.95136784340555,5343.707823771339,5169.87748465121,0.1596584378602258,0.15387225741047875,0.016512545275988312,0.010889372054938801
South Sahara desert,56,1413.9458829321102,973.5852576597516,6.942091818191996,6.833339553678523,1.8208305746476374,2.013109719706829,0.25144769909817566,0.1741581212035772,0.5680626030527067,0.7970975468253485,0.85039080959447,0.8661757852906421,0.9585856669090013,0.9665961267816324,3.0357142857142856,2.0,30.585844882215305,31.103285439535927,6095.4701509947445,5321.650008004072,0.21790081502137063,0.1828872073653941,0.013159209688773526,0.0033367596387092
Okanogan dry forests,55,1116.6260016824024,964.849853582073,9.552142524245824,9.25797841439326,1.8965673718884246,2.000353171758551,0.2501326751037868,0.2198348376415293,0.5319715410772197,0.7506301000485116,0.8554583445010554,0.8564240455429935,0.9563801252605901,0.9635617155196228,4.054545454545455,3.0,31.167306269861253,31.341869481616424,5947.398644502855,5131.370028988871,0.186216399928584,0.1536940730504929,0.007572302412222073,0.003758521474923
Urals montane forest and taiga,55,2429.222433109287,1313.5969765469822,11.890033047935116,10.015659677868795,1.861620863609924,1.9890795152675225,0.2657433582319617,0.2208123788385356,0.7403389804805927,0.9436744263088478,0.8179203171010689,0.8333390532634337,0.9508659537920634,0.9711606107240772,3.5636363636363635,3.0,45.619558513141236,48.468512311668185,5059.315740495631,4882.425419581175,0.15683878326502157,0.1490258155770248,0.021661058220928325,0.014296728262406
Kola Peninsula tundra,55,806.2981684013969,475.7312542627053,7.912028366036709,5.682193711348136,1.717704966210795,1.7675043947542275,0.4043844774797814,0.4157179212429682,0.5571572985388427,0.9004741040807464,0.7205917097331447,0.6963377223815451,0.9322169226145925,0.941816580726718,3.2,3.0,37.96220885229948,39.30997378241879,5459.599566004722,5549.375081308661,0.09599335960837388,0.0707857375979112,0.017643798182962772,0.0133390418085754
Alashan Plateau semi-desert,54,2606.8838067495126,1053.3764364394442,9.855593757507298,9.352263105918283,1.7726386820556443,1.81976755642455,0.34099331772369795,0.37337537234042517,0.8226916407256744,0.9310022744738352,0.8497504938863604,0.8603061490310424,0.9386300747898529,0.9434051469267752,3.537037037037037,2.5,37.19030161651992,40.11603492770389,6652.987542377943,6196.101190866814,0.22194463895084815,0.197691014124426,0.012231859606033608,0.01137932699566795
Angolan montane forest-grassland,54,880.9031733010643,718.9022055807011,8.2822778720254,7.7201024774298075,1.9981137900866088,2.055662653854844,0.16135899028095893,0.11328539510045471,0.5441885386928265,0.747830472713668,0.8676632570296219,0.8806103530281085,0.9655335766076724,0.9698928732989451,3.259259259259259,3.0,30.382347723635924,27.354176699262972,5164.9316750688895,4690.871752385833,0.16530917430161235,0.1472204405142584,0.020785308826950174,0.022333254275503603
Etosha Pan halophytics,54,887.0721304533329,728.7399512786732,13.868002589670711,12.201039121803035,1.905316913418046,1.9415780809229712,0.2760462669758665,0.2713201369251379,0.4994961456719484,0.7904444527722685,0.803908382064354,0.8093643998667663,0.9357281352314665,0.9421509947556199,4.666666666666667,5.0,42.94954374176859,46.99983165637589,3953.629004042909,3816.1906413511924,0.15089545568239032,0.13775962644126705,0.02239047737103143,0.01601325146586795
Central Ranges xeric scrub,53,1471.7959037812534,842.9944013170623,8.416764626179877,7.571658656998013,1.990229348667231,2.065412578407796,0.15281520097093124,0.0922252254923974,0.4008038145366982,0.5643114041414852,0.8699130467958899,0.8539141122339612,0.9673930480269538,0.974853249325422,3.8867924528301887,3.0,30.46530900406534,27.59049618747135,4697.7625231262655,4574.557468971102,0.20632184111694993,0.1690954660404624,0.013304769980287946,0.0042175621852255
Santa Marta páramo,53,2288.3148294266803,1308.760046079369,9.381917647387532,7.986164891393676,1.8157631324353976,1.903785519619077,0.3127867786466073,0.324407359011805,0.7046726860516394,0.8451095265955217,0.7945103603396995,0.7956036942584626,0.9368918232455393,0.953485253271176,2.7547169811320753,2.0,42.04144459062657,47.40479408305052,4799.390673060421,4964.049869331225,0.16065581136699217,0.152267156862745,0.01660744757731522,0.0114986916449155
Beringia lowland tundra,52,4248.902680087339,2865.044591428895,7.477814871722048,7.651636168350155,1.5179907937155142,1.5619860889368966,0.4956618875212528,0.5287312347478388,0.27927874775877226,0.7726014768721932,0.8487399600711606,0.8542739308214325,0.9234437433044689,0.9205632042294298,2.769230769230769,3.0,21.364258266379508,21.29110604163961,5963.487564618723,6167.289046476873,0.16086275220247603,0.17175553550885758,0.0016038425480046407,0.00027509945075554997
Sakhalin Island taiga,52,1633.4493484319953,789.0048581706499,8.391814452888825,6.535294800875282,1.9461382793991011,2.065658624374529,0.19668541029936337,0.0913335925940682,0.5111239833024969,0.6383011565652673,0.8658871715978117,0.8805768638094341,0.9614082173203937,0.9745285169860516,3.8076923076923075,4.0,32.86767551204882,30.908296089875662,5196.823104568577,5134.876865517734,0.1630162864410525,0.1652547870249565,0.00526781338484191,0.0030048714045911003
Windward Islands moist forests,51,2066.8279881317058,1803.009604392688,6.881015246235514,6.535941744580525,1.8251551302242288,2.032169628120986,0.23554334324398213,0.161995810071811,0.6898217421761638,0.8685318539172491,0.8377164052030327,0.8386891538790978,0.9634374829791084,0.9723770825125152,3.450980392156863,3.0,34.034916896837274,31.56848209831496,4551.898602083059,4315.13902077002,0.1563543747670787,0.1613756242297422,0.01769597937045173,0.0107495473761696
Thar desert,50,1484.8119267690483,980.0783390542488,9.349066522213832,7.3685282157758,1.8994934560664896,1.971045079325608,0.2609480958162354,0.23354421332271255,0.36545604647596214,0.7759994831386183,0.8397381479825525,0.8478538495245733,0.9566276341910279,0.9585792247348235,3.56,3.0,34.83038640155809,30.91543805391131,5397.144201403965,5604.015669240991,0.17631430990361077,0.17377128157531965,0.022117094673563254,0.01837985487670605
Junggar Basin semi-desert,49,2796.3194614624454,1704.592642829164,15.730965152920309,12.564872349436111,1.8002483507743163,1.8396643927944665,0.34690404934253305,0.3571399351243132,0.891209514267628,0.9872216281000789,0.8267472641389152,0.7993851602271272,0.9196512117473085,0.9261788608343652,3.6530612244897958,3.0,46.249144069370416,47.48939683905268,5423.116975932622,4883.566334101079,0.1887623966899011,0.171137963872372,0.012749062954788897,0.0122973782704513
Irrawaddy dry forests,49,1609.8222467929522,1091.7690212835032,26.265664920881754,12.795430444310613,1.7990397830692293,1.889675362981796,0.3291511942553316,0.3176897776048446,0.712839533140637,0.9006859792480653,0.8314873086301826,0.850965111257872,0.9502696734679938,0.9518521044934232,4.326530612244898,4.0,47.556854985787844,51.70506175542464,4200.094456397664,4007.763936608729,0.1895627394339377,0.1763248790698312,0.03347844939748309,0.0289403214953961
Sierra de la Laguna dry forests,49,2520.1326890643636,1059.0479488156566,7.857291196701835,6.838790786629904,1.8247117269125679,1.905366130847096,0.2921969140897116,0.2812032704645215,0.43149795806579694,0.7096655108737197,0.8615759186207563,0.8793967102126459,0.9519118619561665,0.9550580309120424,3.63265306122449,3.0,30.8680973154767,31.348037427591247,5594.167767367664,5842.982413064133,0.21196559655620797,0.1994501859255883,0.006119584591755022,0.0036895063596859
Northern Vietnam lowland rain forests,48,1647.3634837555592,1303.328901118862,9.434304609329123,8.647223571709862,1.8384094075017803,1.9503966726872572,0.2913633732502895,0.2647728084037003,0.5095788709459652,0.9352248353188308,0.8239135645524159,0.8435011187283296,0.9592545527082817,0.9631742469414994,3.2708333333333335,3.0,38.95961485094738,40.934495709501164,5469.764903555454,5842.1942011986275,0.20173185732146173,0.1953563911971116,0.013769346292312948,0.00896230839283505
Marañón dry forests,47,1062.0182461950135,918.7310003729132,7.841314764662889,7.413154795297549,1.84061684284674,1.9742468195558576,0.27820340355881396,0.244497089986569,0.7143641954107887,0.8453620384299431,0.8361736069374732,0.8738026382062736,0.9414703472791868,0.9521334162186484,3.595744680851064,3.0,35.573733079438924,33.99301055409286,7150.202005201775,6155.596999867795,0.19100492909308858,0.1743895427489177,0.014439184249038608,0.0123594941985491
Tibetan Plateau alpine shrublands and meadows,47,905.3329202654169,648.407878812698,13.84585931912917,13.455445331042446,1.7961281738017718,1.86852481882747,0.3449739467839431,0.3512807743385431,0.7870525360527278,0.9887700557357756,0.7868518257131246,0.7944559175794371,0.9178952561684057,0.914135145627837,4.23404255319149,4.0,43.974261193233765,44.40473848147128,4190.838770578554,4197.963414367968,0.14912797740460873,0.143569345841785,0.017152452213130064,0.0118954733991221
Kamchatka-Kurile meadows and sparse forests,47,1438.3569928219433,1175.914224652143,10.08902864412817,9.2455689099488,1.9262568145547634,1.9931966014568867,0.2487428309178165,0.2099450031904228,0.3480443207105864,0.5762825221801651,0.8026741353467737,0.7960512395394457,0.9686966399119623,0.9738698630258832,3.1702127659574466,3.0,53.95818689799938,53.89919983720899,3698.379631552182,3206.514070589377,0.10538890473184187,0.0903317409766454,0.05507969706478672,0.0419073177684107
Peninsular Malaysian peat swamp forests,46,1824.7825057260789,1254.5235518191832,11.546555583878591,11.167573317241134,1.6162849183288654,1.8173488086544403,0.42167816682096,0.3774509569626511,0.2737054717114722,0.3217501362309585,0.7173399865682368,0.7471028096525406,0.9418676861340812,0.9439366412308108,3.4782608695652173,3.0,45.94056098264076,47.75645276528255,4058.12456204673,4285.5130722747535,0.15341063474452304,0.1560812860903969,0.023062534416923026,0.01712079232805925
Jarrah-Karri forest and shrublands,46,1456.7397189286964,1109.99797161476,10.075156151659337,7.2094800853600844,1.8984600288696767,1.9913861180588395,0.2491041304044061,0.19864452028288376,0.6173104295592526,0.7590380219934241,0.8895012848369902,0.9071598049493053,0.9559893080789,0.9648668764692752,2.9130434782608696,2.5,32.393134155770824,31.280266600582962,6669.062295226578,6244.839669958426,0.2462291071108847,0.23620061991955194,0.007931196580622007,0.00454878496035645
Hispaniolan dry forests,45,1965.4178925738056,1545.5930071983544,11.616490700715417,10.254997946137376,1.6990447423838333,1.7623082030110249,0.3880700923510351,0.3799520919452341,0.5974451953014783,0.9745576354696994,0.7739634521689234,0.7794793307110929,0.9235279872884197,0.9292014887579028,3.8666666666666667,3.0,46.17482799605326,47.45162551586233,4656.096000508622,4971.752944966512,0.15559946966003674,0.1553825188591847,0.01937859171190195,0.0150965431806038
Bohai Sea saline meadow,45,1486.5383103951767,1157.5206484766425,10.464954772898821,9.804325667915275,1.8263014280643493,1.913488698882368,0.3114298330500475,0.299261777869678,0.5348542895370535,0.8018217551265814,0.7972944292562791,0.8011256682015327,0.9474910782879836,0.9550492494040236,2.9555555555555557,2.0,40.66913416153682,40.40895272942085,4422.363937030939,4280.855647430893,0.14318067594699893,0.1314276468723584,0.00869767380075986,0.0058271027691013
Chiapas montane forests,44,1415.4012797694331,875.8279600717599,10.925432503871777,10.75675795603037,1.8755169561157474,1.950330514657765,0.2934526394257657,0.2710753254867245,0.5915682102958354,0.9210372744675948,0.8271675578543114,0.8328596191324347,0.945565171595362,0.9478650043997516,4.863636363636363,4.5,33.91161881489645,32.2604519112437,5093.2739823898355,5005.92597812414,0.18335184855878517,0.18085087288769044,0.013554459848669065,0.01111263454328745
Santa Lucia Montane Chaparral & Woodlands,44,2613.341526331824,1160.7873860307022,8.522503384254227,8.408544947575496,1.8155713886881608,1.888973407207396,0.3359535707050481,0.341996279788018,0.6425761634422472,0.8715935774678949,0.8145621118276075,0.8198210163135649,0.9476536687667191,0.9562349235116065,3.3863636363636362,3.0,45.286244260895685,49.31720181369865,4460.832384180539,4029.8447612383507,0.13143744404068772,0.1169780138443231,0.027543512486816094,0.020867019471709
Sunda Shelf mangroves,44,1019.8349661108944,807.5782676412116,21.804298181908614,8.70285160098846,1.918575836281356,2.0260349128903368,0.2394167455146315,0.1733017369627278,0.5060129924714848,0.7056194828814467,0.8343915192204364,0.8432789196969177,0.957986244674727,0.9648907375110832,4.090909090909091,4.0,29.419421614877685,24.389508329638502,4989.39208291876,4849.607756963049,0.19285312813767747,0.17637851570424073,0.03036085459746576,0.0277448835628317
Fiji tropical dry forests,43,742.0325517747398,548.8956744475915,10.507265334983988,10.86825150343897,1.8278439360104803,1.896726233543481,0.32558458097596404,0.3213430903240994,0.826992560464756,0.9578121217586572,0.7938232662302962,0.7965081891556179,0.9345795276698563,0.9406985389917586,5.186046511627907,4.0,53.05038673883203,53.41815528790095,5098.0127301828115,4976.574479056064,0.18715787670266695,0.1880488295413343,0.03302681011796945,0.0257012326829196
Buru rain forests,42,980.6273773255629,820.8057273844618,9.87180127096606,8.996766980440015,1.860505893929373,1.9213638203123908,0.2861285767680967,0.28707993846833557,0.671295784103268,0.9199288198255883,0.8217671974445642,0.8264932687587616,0.9647247832314207,0.9687503973914632,4.833333333333333,4.0,33.81294539959576,30.60928730582711,5505.862701178076,4980.444168427581,0.21501306531282569,0.19537393487147695,0.021965137735375492,0.01823805928102575
Yamal-Gydan tundra,42,1479.4163787438492,1302.6578996789494,10.12608947077826,9.73406418387162,1.9131161527892864,1.9565761035019433,0.2709941716980503,0.27006609557676,0.6748273317259834,0.789602947972985,0.8394234104756755,0.8484427524613312,0.9527930889313619,0.9617980400186255,3.4761904761904763,3.0,40.84665137325294,44.230547484541916,4394.424173122632,4250.978521517731,0.14577968449775333,0.14200014918540144,0.02283800402839553,0.02018833485320925
Eyre and York mallee,41,1680.6836786665913,1467.0557884657928,11.41784590439417,10.442404052171497,1.7352376238367673,1.872518781119746,0.3566395492726204,0.33034895156460364,0.7482080187714202,0.8943256381229734,0.8181669972727136,0.8503534991467173,0.9350832877663343,0.9480843648507107,3.5365853658536586,3.0,40.14447669393657,40.73932326956158,5779.664447322489,5225.928192057494,0.16557363238708053,0.1443448755774505,0.020749595390295136,0.0164212827384346
Mesopotamian shrub desert,41,823.4920309145435,610.0909406820128,7.256507670165174,5.355691696843036,1.9214546271467403,2.0511046849149164,0.1993096915971026,0.0943726606450456,0.2945591953174768,0.2640885544697436,0.8894119325687181,0.9081046106912236,0.9634340029041729,0.9747128504500596,3.6341463414634148,2.0,24.7103447914403,20.420779946242632,5585.90774062479,5662.627478753559,0.21741996918786521,0.2295222776610644,0.008432847741663106,0.0036747259737025
Taiheiyo montane deciduous forests,41,1557.2596327960323,1116.9737847948752,11.550688610644567,10.745937311259596,1.8339854425637847,1.8631237080431364,0.3154795335148311,0.319101568747183,0.837583905124371,0.9727789945397782,0.8267418329785075,0.8350958558336783,0.9423575504542263,0.94907193292225,4.219512195121951,4.0,42.655077211983595,43.72324132512719,4997.373428514078,5356.740200427698,0.16586878172000116,0.1524037135766155,0.010387649125973486,0.0094094647601079
Central Canadian Shield forests,41,1067.554828163505,669.0085411651421,7.52312398774576,6.8081722636876085,1.9263272613800424,2.054479696780186,0.18033043989342631,0.11566396773912965,0.6628171627691486,0.9065907913482945,0.8649913960576402,0.8622503864799076,0.9621973161814001,0.9697188132221507,4.121951219512195,4.0,32.56442243129901,31.769045031028163,5800.399053627725,5811.140448622657,0.20861726433856964,0.2044307376292466,0.01560466763415562,0.006039454979551551
Northern Canadian Shield taiga,41,754.6162316840229,619.3872311300566,5.828877506014305,4.813281731643146,1.9711824840429117,2.075559532427319,0.1508308728056034,0.042410589298713,0.5368385952101623,0.7279922946084681,0.9152163077677921,0.9343304093137536,0.955040240831635,0.9778026657576012,6.804878048780488,4.0,22.505946253469638,18.10164745303884,6254.654752922677,6740.851639419251,0.2832716545990301,0.2670220979221204,0.0033338531151516073,0.0015818146744791
Saharan Atlantic coastal desert,41,1788.8885377345387,1085.9367689481292,9.424167524642476,8.031453367863389,1.8040690767981136,1.861587688139405,0.3427393542769445,0.3435947858838863,0.4625094338575218,0.6782216867602988,0.8339961550449267,0.8327191497589157,0.9511929438596206,0.9616073073357322,3.268292682926829,2.0,35.396203182774045,34.83063034406639,5553.599347328448,4886.648502837413,0.19312011041037827,0.1586816221644612,0.011030783092690033,0.0043846294347859
Gulf of California xeric scrub,40,2105.1614227965047,1312.9433249388294,9.28331382627044,9.047155998505364,1.8006840476723187,1.8876542291541485,0.33910168758008963,0.32314740015552157,0.25238884488512714,0.3077565085640629,0.8399987429592096,0.8336531828284963,0.9488056566774269,0.957275457124658,2.725,2.5,34.61432206692287,35.70711540593703,5935.09777160511,4450.550475763666,0.20452097125025573,0.10857065133347366,0.010543090895359656,0.00597743596118315
East African halophytics,40,1089.4587031774258,803.3509717281521,12.60255857553507,9.228874469620555,1.8200058606835892,1.9204640196923304,0.31587155818509904,0.2906397276211543,0.714456788833,0.9528021966611807,0.7844569494239375,0.8095982404836326,0.9398050157574247,0.9417355089499395,4.4,4.0,34.530212729098096,33.44365813305328,4764.128466522554,4483.899036048401,0.16126559455550732,0.140162574872196,0.01231627392887838,0.005224818728929
Myanmar coastal rain forests,40,801.5702629374773,815.3220839612793,8.519077565477446,8.26727031136459,1.9433521722116915,2.029719456380353,0.21241000950887762,0.1579460300251285,0.6283887672701016,0.8046630699351416,0.8203877140056981,0.8323279845620245,0.9695242775491162,0.9762190759836415,4.075,4.0,51.697307226392205,54.18977778335353,4537.902230323819,4499.87526168546,0.1676927407185033,0.16776290168931654,0.05599287255721225,0.03755299591189225
Tehuacán Valley matorral,40,1170.4061375302122,715.4663326162387,10.202307945382243,9.169861591726697,1.9260037425510859,1.989028925242268,0.24529071858618598,0.2270976448309185,0.8054079137026637,0.915638388921675,0.8495617261806105,0.8665398294136775,0.9501630735266321,0.9557777851062084,5.45,4.0,32.397868305913,30.20746490604845,5141.0573683620505,5357.886772795811,0.17564041522948357,0.1638207059298464,0.005325560542855162,0.00203185225723475
Mount Cameroon and Bioko montane forests,39,2970.5667655794696,1072.832350707258,9.393700755696246,8.693164565175563,1.8873453168018626,1.974724252082092,0.2707209515428851,0.248369087943796,0.767992803377616,0.9467520368585594,0.8166752779660224,0.8207392477392189,0.9699126726530208,0.9788450523509686,3.282051282051282,3.0,44.08776361540608,47.573883231939234,5797.127747361676,5471.394765169097,0.200848571238987,0.1836113987198795,0.021651139595417923,0.0133266402393249
Mediterranean High Atlas juniper steppe,39,1191.8869586668106,926.2426739884625,13.243292628735206,11.308357735601865,1.902166109138849,1.932118961863936,0.270921640050842,0.2551369863013697,0.5806446338264595,0.6685548813591854,0.8692293839496591,0.876589097295749,0.9580905025790275,0.963971358449398,3.4871794871794872,3.0,30.349513719085788,32.920813206423944,5530.555426904482,4865.171333400884,0.17819958510536257,0.1562049888228245,0.008265162498114782,0.0054892047182384
East African mangroves,39,1020.1201667272697,961.1295871063749,12.896377895414433,11.965623653218758,1.7839276203561372,1.7772115389642122,0.36949267289093085,0.3996530604141439,0.7087299078239399,0.9309080645693382,0.7713384343501614,0.7642877606003623,0.9471385844644532,0.9469588352271914,3.7948717948717947,4.0,40.11617363971665,40.75418307625466,3641.401684577382,3514.868762865417,0.12665924844809143,0.1301718887382766,0.013128257181452167,0.008936581675815
Trans Fly savanna and grasslands,39,729.8639652152475,675.1854354380825,9.843103919051588,9.330195623905944,1.8964937291086805,2.0043522303087635,0.2549990258299714,0.2109166926083496,0.45497791739383875,0.8228211171137988,0.8457125699590674,0.8511057899781187,0.9568513973573832,0.9672611944247756,4.230769230769231,4.0,44.13965127114558,52.500757661903485,5482.062861675545,5690.124287377984,0.19477468712772228,0.188981309396076,0.04436537830176069,0.0409628952293886
Trobriand Islands rain forests,38,1513.7002229648049,1386.15306307969,12.457634364050483,6.7560314974434,1.8983631257581193,1.970782221795816,0.24999804187394642,0.2526139770195037,0.54443277953387,0.8602067485050611,0.8322153596894423,0.8301709585001443,0.967160242863436,0.9762640293959532,3.210526315789474,2.0,34.041333953557995,31.79841861055779,5149.929643412061,5037.148615217465,0.21474082008065806,0.2059602921792618,0.025782917581447403,0.0076473281120883
Nile Delta flooded savanna,38,912.7565590435852,633.5616747843065,10.231208469435087,9.506287121325538,1.831830469432749,1.9275779946837983,0.3007391116731655,0.29385006698273,0.37090378202244817,0.6442442596562952,0.7742652125919466,0.7531493185868641,0.9663255470694657,0.9740270192191796,3.4473684210526314,3.0,43.79516928690477,43.81380831486521,4159.52158415767,3598.2364662059963,0.13293795800450023,0.10108832397618034,0.014313613468677605,0.01241328509132765
Godavari-Krishna mangroves,37,870.3094860901901,698.7292765285555,10.554884625839739,8.757162676575014,1.7590818308677891,1.904251436325472,0.33480210209840894,0.3185005015045135,0.3892905645397221,0.7782102888836058,0.7606580776790935,0.791072298909909,0.9480806999620431,0.9588532095237888,3.810810810810811,4.0,41.41828467954775,44.14580606311083,4390.424396580498,4499.405127508421,0.15284238751162754,0.1561553207771114,0.017007041905394718,0.0124948520783192
Yarlung Zanbo arid steppe,37,1077.947042710134,926.8861219193952,10.166378870224802,9.66564229762,1.7836487895470652,2.006532748406308,0.30929827592578846,0.2066171738530846,0.6934723525797307,0.9100009452076075,0.8110906864698648,0.8233424649565011,0.9353719130021919,0.9484335329942624,3.1621621621621623,3.0,37.234023581804514,41.04586405535515,5207.663118864313,4798.616938255021,0.17696785607047333,0.1673605187655087,0.011647023777691078,0.0082828270258627
Great Victoria desert,36,1347.5886892163232,1113.4656739785391,11.514579672164801,10.743052799508012,1.7642841756662468,1.9401610832197314,0.34348789831709636,0.2853423481256781,0.594593859754535,0.8890190536777337,0.83811937365555,0.8761015587243111,0.9450752783440222,0.9469180243522103,3.25,3.0,49.14164486100017,54.041141799632676,6963.98505533229,6402.602382786812,0.2115807313931094,0.201308050407424,0.04937187357342786,0.040831271155954654
Belizian pine savannas,36,1519.5805237319519,1222.5577162917368,9.879935779148626,9.738911832939028,1.8768605503700269,1.9322491673796878,0.2765976746265959,0.2954286425399366,0.5480376187318571,0.9248461141717312,0.8352704015462811,0.8425945264161541,0.9576222869937254,0.9610140719597364,4.055555555555555,3.5,34.28973910692095,34.67727425088961,5233.513630471424,5081.684349666231,0.17318278931576245,0.17082754301437997,0.009885706026114362,0.00607364420000055
Motagua Valley thornscrub,35,646.6165942981746,539.1327831767596,10.040156103216285,9.298734659174425,1.9349048807532143,2.001331096885322,0.21518657951505188,0.1910310493460947,0.602448133077984,0.8231285261180058,0.8731024167466105,0.8850330803252286,0.9554698517629299,0.958281200361062,5.371428571428571,4.0,32.9029469783253,32.11368744361897,6192.868857009598,6502.873896435015,0.22848751390180397,0.235365462775607,0.008819148599510891,0.0050322392631461
Interior Yukon-Alaska alpine tundra,35,3268.5406985688146,2227.099686624849,50.42507220777195,39.558222313228406,1.5173476381075781,1.5511130107548414,0.4789904899891814,0.5344681535492175,0.8060860495512835,0.9871825802381068,0.8509103379243529,0.8516458456070655,0.9123180579682469,0.9216503551616146,4.0285714285714285,4.0,35.91828224023562,35.77458262999891,5630.391844002198,4985.302069729757,0.3718032197654644,0.368015896692806,0.0050892036343928295,0.0016349203533869
Red Sea mangroves,35,1591.2896148021212,914.111813207564,8.656009187846324,8.33353796391473,1.8414950883531218,1.907903999510435,0.32351812216941656,0.31418098844548,0.5169911978356485,0.7675645788868022,0.8660326137989746,0.8649920715408631,0.9492190289637789,0.9505698546042214,3.9714285714285715,3.0,43.18800032166977,42.23057881249461,5882.187129455313,6227.964202956173,0.18400884989809033,0.1774417357114507,0.014179413688035814,0.0059621022311567
Samoan tropical moist forests,35,1977.1074984348363,1408.4378244196332,7.817534903242657,6.939159538390391,1.9450860655239677,2.0286205003530227,0.2173920012124231,0.1723978226290372,0.6778901547272351,0.9414292537335596,0.8402822876323527,0.8404248428820023,0.9660564366944495,0.973491863210426,3.1142857142857143,3.0,37.38734959250295,41.379328693296365,5254.747282415669,5508.550671583652,0.21705748752920456,0.2272004918337045,0.01259651707367448,0.00760384491312
Northwest Hawai'i scrub,35,2082.961720682255,1499.8566120567705,9.989587305334267,9.523647778461893,1.8011080249730227,1.8451444118799136,0.35325728331201106,0.3603566219003065,0.5546358816509356,0.7283333154613504,0.7943262873378146,0.8054598154105269,0.9671673511998002,0.9706872899893264,2.3142857142857145,2.0,32.492474855237006,29.893890191878533,3566.9224584471417,3474.8045929347945,0.11269507918767349,0.1110789194141424,0.02053877131163211,0.0152975383756339
Taklimakan desert,34,1140.3679769197254,857.2515544002381,14.752562334098963,14.793706864380097,1.691950507663186,1.8178404352813093,0.3847036262348432,0.3682554067584279,0.6371756351127497,0.7238136983235454,0.7436581692609221,0.762685835109499,0.9425979088145825,0.9463608490432027,3.4705882352941178,3.0,44.301000307045,45.052466198728176,3360.5306798650017,3371.2013755076496,0.11717618154927985,0.11331032716439535,0.015804117457277153,0.01380468444545605
Qaidam Basin semi-desert,34,1212.3450026905455,1051.385542939439,15.890376859312212,16.211512939984907,1.7211559624468722,1.790215733251746,0.39428651287229677,0.376721320551542,0.581069272613981,0.9738599858318373,0.769293860272905,0.796531380215151,0.9181178906802243,0.9288206718585474,3.8823529411764706,4.0,45.470901694702796,45.3983313256514,3968.083490627626,3969.38841503385,0.143591803641886,0.154460672393824,0.012541463756425121,0.00961294668407645
Great Sandy-Tanami desert,34,1592.679939907135,1131.5884715473182,9.343173470988706,7.871276988129697,1.8886264886442439,1.9682588803931922,0.2557832577946319,0.25503287067232416,0.6023249694842675,0.6643204404830365,0.8840268943380424,0.9096446712951312,0.9608840050050832,0.9621788188179582,3.5294117647058822,2.0,29.613659100594234,30.313491998342293,4890.003468726753,4529.293376136801,0.20494170047269034,0.21065780525437305,0.004795168089169262,0.0034159969949862
Angolan wet miombo woodlands,34,1237.7853599910345,893.1494560603406,9.821114469266663,8.05814399214473,1.9492895238202497,2.047538983961318,0.19980008054755968,0.1392516916138919,0.6425684971598442,0.8155856762442955,0.8495542621322503,0.8655958188276902,0.9537415230257039,0.9588941270581706,4.352941176470588,4.0,31.751846891784535,31.172147435677495,5279.600956844086,5375.8073264061295,0.2043010022642828,0.2114082720563947,0.05287003063956992,0.0329355898706248
Masai xeric grasslands and shrublands,34,1168.8219104214074,752.8158885639971,7.67169606463909,10.142574130339788,0.39847342130994823,0.0,0.2525642745845759,0.2773301714487712,0.27290937412319843,0.3450380575059671,0.9073568033681454,0.9005078052466737,0.9480673191438533,0.948247118236474,0.7647058823529411,0.0,38.73364536834221,39.97793286004928,7328.880568005317,7510.53884222594,0.0502627704529805,0.0,0.009138046704998914,0.0082790231359585
Orissa semi-evergreen forests,34,1059.8661088984345,831.4096278975783,9.614823307401844,6.68733942020093,1.8770493414390894,1.9712456201291058,0.27882824754543567,0.2557516328431181,0.42930151915444836,0.6679065782893827,0.7881706128065625,0.7946069066982135,0.9543819965593843,0.9573905838039419,3.264705882352941,3.0,42.65531723342148,44.83873631470906,4864.683762103231,4648.845094687892,0.1660140918876082,0.1528203626227257,0.02549177951113607,0.0087856280390139
Guianan Highlands moist forests,33,956.2647584169249,808.6084510857656,7.140040607192125,6.924157041194279,1.8569692924475456,1.971531233745181,0.2740532647958501,0.2459225023632054,0.406382487206613,0.5034982263504987,0.7877030611991156,0.8029839474261576,0.9624619894363391,0.9724013099616508,3.9393939393939394,3.0,33.50347044655213,30.028334617619933,3467.281609922168,3351.783629864888,0.11184170098304916,0.0970708009556984,0.020024788017052444,0.0143594456416179
Norfolk Island subtropical forests,32,2075.313515705078,1154.1916050790687,10.32207346734745,10.483381344109468,1.8468970012769708,1.8900417244979022,0.31040136063894774,0.3176819201040509,0.8361631021382068,0.922017932715308,0.8148991692376742,0.8199179450002393,0.9485856368129686,0.9599156596688678,3.25,3.0,42.921873638484655,46.873058669356425,4673.30954938234,4741.570060239371,0.16419922871412695,0.17161426188777051,0.025477940298139608,0.01593476625820265
Cook Islands tropical moist forests,32,2359.5676078620586,2009.136941233374,9.705710682099973,9.626450394871927,1.856646452196711,1.966216642167967,0.2752327505929225,0.2566111392120074,0.7472796998232416,0.8258261808387801,0.8302025037318028,0.8573656891120083,0.9736054644471813,0.9810556963570725,2.9375,2.0,22.642133629398657,20.441207901900974,4637.277945500405,4544.842079869801,0.14360479367554474,0.12981625459398044,0.013850135232116232,0.01183761528217335
Aleutian Islands tundra,31,1913.91143999804,1302.875129079158,8.063982623975912,8.616473108262872,1.8437099453503145,1.9257288783700932,0.3208759288696658,0.306080816964722,0.5528078828966435,0.8129260221025081,0.8547465303341711,0.8655322141236729,0.9548945571632541,0.9627019901338664,3.0,3.0,50.788681854466056,52.05289634226848,5845.990726376668,6185.572679161324,0.1727683294057737,0.1615592844795843,0.024611774376428367,0.0188207886771668
West Saharan montane xeric woodlands,30,1008.3839796688037,937.6437751283024,6.756665248637219,6.784506592267297,2.0608114960582813,2.0740419891164263,0.07757204265280905,0.05604718399376455,0.7345274322730045,0.8501454853911314,0.8590481332434169,0.8641668195298742,0.9685287122406488,0.9737056440483491,3.6333333333333333,3.0,43.34152414007384,45.20736654967048,4975.0276010456355,4919.494955200411,0.15547982586879627,0.14782029651523004,0.00944106823352455,0.00458542204032715
Da Hinggan-Dzhagdy Mountains conifer forests,30,2962.4012489940064,2201.9481695043023,7.42524800609513,5.966436897029664,1.8825906851156067,1.9457720429751681,0.25616253729415556,0.2331386449054374,0.8840597257551676,0.98517549767294,0.8487750166017459,0.8583635052712709,0.9415066936887739,0.9366028211994191,3.7333333333333334,2.0,48.62001624602858,49.98317150000868,6448.051534495608,6252.514963935506,0.2391666505166179,0.23644404336785715,0.018180511383735037,0.01854814005489755
Rann of Kutch seasonal salt marsh,30,1143.1975690047839,706.0477396617259,12.421119208440496,10.709788104351368,1.7529154556850226,1.9265606518013247,0.35139489903515986,0.2960759956692536,0.44843121109260514,0.8533398579594997,0.7871974072284011,0.8284345493186462,0.9472639831893097,0.9553496794892512,4.066666666666666,3.0,42.92207217167481,45.993415120270086,4971.627662259937,5152.458214685873,0.14857598499657276,0.1541604396207276,0.032441317371518126,0.02679850335169575
Sinú Valley dry forests,30,1500.263065813811,991.6996517712255,9.657163878159707,9.222510602065018,1.7608883961820212,1.8701944023517965,0.3435197247682765,0.3448805104199882,0.5227127693519041,0.7273706578456821,0.8099762754882641,0.834126913000777,0.9535333684501526,0.9545782106500726,3.4,3.0,40.43787970209492,42.08145995397177,4802.437146114959,4527.739865557149,0.17057647802212475,0.14008460557020158,0.02877190346473567,0.017523491450637953
Leeward Islands moist forests,30,812.4120453403117,641.60096882462,8.127685631644313,7.311759159990547,2.019842448655118,2.051418138726582,0.14333946610533996,0.1304162688141992,0.6810154307514389,0.7409290058633522,0.8499556008041632,0.8459140482564222,0.9706071923391755,0.9761265321730345,4.966666666666667,4.0,33.510280042703265,34.4717419902148,4815.987217170686,4671.360509457055,0.1958798419759556,0.1879289535691897,0.022165805033402795,0.005100112250002
Sundaland heath forests,30,1238.1456292230228,1155.560286463131,10.302288906957083,10.400728422958299,1.9302328886580644,1.9765609747634154,0.2462264991168994,0.23506697822840825,0.6443586955917698,0.9541249554636222,0.8660179886560919,0.8654272078440522,0.9665734271876828,0.9729207433206386,6.6,6.0,33.63195443490086,35.133782775235005,7456.1140079127135,6770.325180038795,0.2968427677363686,0.26806853450491663,0.023359370002925716,0.015780779713950352
Admiralty Islands lowland rain forests,30,983.6951073544957,914.8298443468793,10.185657086012952,7.935569454932439,1.9846254638741605,2.018625603019739,0.1968027088594616,0.1937568650877768,0.6191908852313731,0.9056499586509579,0.8569058058459675,0.839441838904387,0.9701265550276569,0.9731362261889384,4.133333333333334,4.0,33.89003639998165,34.75303370357659,5863.215172216135,5156.638694389882,0.26010247974481554,0.2053928444602272,0.01464811959239045,0.0120946107379884
