eco_name,n_recordings,n_complete_all40,n_complete_core11,n_zero_metrics,median_metrics_present,pct_complete_all40,pct_complete_core11,valid__Acoustic_Complexity_Index__main_value,valid__Acoustic_Complexity_Index__min,valid__Acoustic_Complexity_Index__max,valid__Acoustic_Complexity_Index__mean,valid__Acoustic_Complexity_Index__median,valid__Acoustic_Complexity_Index__std,valid__Acoustic_Complexity_Index__var,valid__Acoustic_Diversity_Index__main_value,valid__Acoustic_Evenness_Index__main_value,valid__Bio_acoustic_Index__main_value,valid__Normalized_Difference_Sound_Index__main_value,valid__RMS_energy__min,valid__RMS_energy__max,valid__RMS_energy__mean,valid__RMS_energy__median,valid__RMS_energy__std,valid__RMS_energy__var,valid__Spectral_centroid__min,valid__Spectral_centroid__max,valid__Spectral_centroid__mean,valid__Spectral_centroid__median,valid__Spectral_centroid__std,valid__Spectral_centroid__var,valid__Spectral_Entropy__main_value,valid__Temporal_Entropy__main_value,valid__ZCR__min,valid__ZCR__max,valid__ZCR__mean,valid__ZCR__median,valid__ZCR__std,valid__ZCR__var,valid__Wave_SNR__SNR,valid__Wave_SNR__Acoustic_activity,valid__Wave_SNR__Count_acoustic_events,valid__Wave_SNR__Average_duration,valid__NB_peaks__main_value,valid__Acoustic_Diversity_Index_NR__main_value,valid__Acoustic_Evenness_Index_NR__main_value,valid__Bio_acoustic_Index_NR__main_value,valid__Spectral_Entropy_NR__main_value
European Atlantic mixed forests,67509,62647,62756,0,40.0,92.8,93.0,64997,65107,65107,65107,65107,65107,65107,67493,65091,65064,65050,65117,65117,65117,65117,65117,65117,65088,65087,65087,65088,65087,65087,65087,64924,67509,67509,67509,67509,67509,67509,65107,65117,65117,65117,67491,63000,63001,64973,65003
Celtic broadleaf forests,57483,55898,55913,0,40.0,97.2,97.3,57239,57255,57255,57255,57255,57255,57255,57473,57245,57099,57053,57255,57255,57255,57255,57255,57255,57221,57221,57221,57221,57221,57221,57221,56760,57483,57483,57483,57483,57483,57483,57255,57255,57255,57255,57469,56397,56398,57004,57091
Western European broadleaf forests,39525,35207,35386,0,40.0,89.1,89.5,36738,36928,36928,36928,36928,36928,36928,39510,36912,36763,36716,36936,36936,36936,36936,36936,36936,36877,36877,36877,36877,36877,36877,36877,36074,39525,39525,39525,39525,39525,39525,36928,36936,36936,36936,39512,36251,36250,36664,36745
Central European mixed forests,28420,27362,27654,0,40.0,96.3,97.3,28046,28345,28345,28345,28345,28345,28345,28404,28329,28321,28314,28348,28348,28348,28348,28348,28348,28338,28338,28338,28338,28338,28338,28338,28186,28420,28420,28420,28420,28420,28420,28345,28348,28348,28348,28419,27820,27820,28293,28312
Sarmatic mixed forests,22784,21424,21504,0,40.0,94.0,94.4,22230,22318,22318,22318,22318,22318,22318,22772,22306,22245,22223,22320,22320,22320,22320,22320,22320,22289,22289,22289,22289,22289,22289,22289,22050,22784,22784,22784,22784,22784,22784,22318,22320,22320,22320,22765,21793,21793,22142,22164
Northeast Spain and Southern France Mediterranean forests,18274,16225,16249,0,40.0,88.8,88.9,16838,16862,16862,16862,16862,16862,16862,18270,16858,16855,16853,16874,16874,16874,16874,16874,16874,16857,16857,16857,16857,16857,16857,16857,16822,18274,18274,18274,18274,18274,18274,16862,16874,16874,16874,18272,16307,16307,16855,16858
Scandinavian and Russian taiga,17321,16735,16833,0,40.0,96.6,97.2,17087,17185,17185,17185,17185,17185,17185,17316,17180,17184,17184,17185,17185,17185,17185,17185,17185,17185,17185,17185,17185,17185,17185,17185,17171,17321,17321,17321,17321,17321,17321,17185,17185,17185,17185,17321,16849,16849,17181,17182
Southwest Iberian Mediterranean sclerophyllous and mixed forests,16498,15469,15476,0,40.0,93.8,93.8,16367,16374,16374,16374,16374,16374,16374,16496,16372,16371,16365,16374,16374,16374,16374,16374,16374,16373,16373,16373,16373,16373,16373,16373,15875,16498,16498,16498,16498,16498,16498,16374,16374,16374,16374,16498,15979,15979,16358,16367
Cantabrian mixed forests,12915,12430,12447,0,40.0,96.2,96.4,12737,12754,12754,12754,12754,12754,12754,12908,12748,12752,12752,12762,12762,12762,12762,12762,12762,12754,12754,12754,12754,12754,12754,12754,12745,12915,12915,12915,12915,12915,12915,12755,12762,12762,12762,12914,12478,12478,12743,12744
Iberian sclerophyllous and semi-deciduous forests,12796,11089,11091,0,40.0,86.7,86.7,12017,12019,12019,12019,12019,12019,12019,12794,12017,12003,11996,12019,12019,12019,12019,12019,12019,12015,12015,12015,12015,12015,12015,12015,11243,12796,12796,12796,12796,12796,12796,12019,12019,12019,12019,12795,11867,11867,11979,12000
English Lowlands beech forests,11604,11091,11096,0,40.0,95.6,95.6,11449,11454,11454,11454,11454,11454,11454,11600,11450,11449,11447,11455,11455,11455,11455,11455,11455,11451,11451,11451,11451,11451,11451,11451,11428,11604,11604,11604,11604,11604,11604,11454,11455,11455,11455,11603,11127,11127,11441,11443
Cerrado,9334,9105,9106,0,40.0,97.5,97.6,9333,9334,9334,9334,9334,9334,9334,9334,9334,9311,9307,9334,9334,9334,9334,9334,9334,9322,9322,9322,9322,9322,9322,9322,9271,9334,9334,9334,9334,9334,9334,9334,9334,9334,9334,9330,9166,9166,9302,9309
Alps conifer and mixed forests,7392,6553,6567,0,40.0,88.6,88.8,6715,6729,6729,6729,6729,6729,6729,7390,6727,6727,6726,6729,6729,6729,6729,6729,6729,6729,6729,6729,6729,6729,6729,6729,6722,7392,7392,7392,7392,7392,7392,6729,6729,6729,6729,7392,6575,6575,6725,6726
Southern Pacific dry forests,6838,6764,6764,0,40.0,98.9,98.9,6838,6838,6838,6838,6838,6838,6838,6838,6838,6838,6838,6838,6838,6838,6838,6838,6838,6838,6838,6838,6838,6838,6838,6838,6838,6838,6838,6838,6838,6838,6838,6838,6838,6838,6838,6838,6764,6764,6838,6838
Baltic mixed forests,6827,5873,5878,0,40.0,86.0,86.1,6058,6063,6063,6063,6063,6063,6063,6815,6051,6063,6062,6063,6063,6063,6063,6063,6063,6063,6063,6063,6063,6063,6063,6063,6051,6827,6827,6827,6827,6827,6827,6063,6063,6063,6063,6827,5899,5899,6050,6053
Serra do Mar coastal forests,5983,5871,5877,0,40.0,98.1,98.2,5977,5983,5983,5983,5983,5983,5983,5974,5974,5983,5983,5983,5983,5983,5983,5983,5983,5983,5983,5983,5983,5983,5983,5983,5982,5983,5983,5983,5983,5983,5983,5983,5983,5983,5983,5983,5880,5880,5981,5981
Peninsular Malaysian rain forests,5795,5568,5575,0,40.0,96.1,96.2,5680,5687,5687,5687,5687,5687,5687,5794,5686,5684,5683,5687,5687,5687,5687,5687,5687,5686,5686,5686,5686,5686,5686,5686,5680,5795,5795,5795,5795,5795,5795,5687,5687,5687,5687,5795,5585,5585,5680,5681
Changjiang Plain evergreen forests,5322,5169,5170,0,40.0,97.1,97.1,5317,5318,5318,5318,5318,5318,5318,5322,5318,5316,5316,5318,5318,5318,5318,5318,5318,5317,5317,5317,5317,5317,5317,5317,5306,5322,5322,5322,5322,5322,5322,5318,5318,5318,5318,5321,5182,5182,5313,5315
Chihuahuan desert,5295,5194,5197,0,40.0,98.1,98.1,5292,5295,5295,5295,5295,5295,5295,5294,5294,5294,5294,5295,5295,5295,5295,5295,5295,5295,5295,5295,5295,5295,5295,5295,5267,5295,5295,5295,5295,5295,5295,5295,5295,5295,5295,5295,5225,5225,5294,5294
Northwest Andean montane forests,5056,4927,4930,0,40.0,97.4,97.5,5031,5034,5034,5034,5034,5034,5034,5045,5023,5033,5033,5035,5035,5035,5035,5035,5035,5034,5034,5034,5034,5034,5034,5034,5033,5056,5056,5056,5056,5056,5056,5034,5035,5035,5035,5056,4932,4932,5034,5034
Pyrenees conifer and mixed forests,4992,3445,3452,0,40.0,69.0,69.2,3596,3604,3604,3604,3604,3604,3604,4992,3604,3587,3580,3604,3604,3604,3604,3604,3604,3596,3596,3596,3596,3596,3596,3596,3508,4992,4992,4992,4992,4992,4992,3604,3604,3604,3604,4988,3542,3542,3572,3584
Pannonian mixed forests,4965,4754,4766,0,40.0,95.8,96.0,4899,4912,4912,4912,4912,4912,4912,4964,4911,4890,4882,4912,4912,4912,4912,4912,4912,4904,4904,4904,4904,4904,4904,4904,4827,4965,4965,4965,4965,4965,4965,4912,4912,4912,4912,4960,4845,4845,4874,4877
Tyrrhenian-Adriatic sclerophyllous and mixed forests,4658,3704,3710,0,40.0,79.5,79.6,3819,3825,3825,3825,3825,3825,3825,4657,3824,3821,3821,3825,3825,3825,3825,3825,3825,3823,3823,3823,3823,3823,3823,3823,3815,4658,4658,4658,4658,4658,4658,3825,3825,3825,3825,4657,3719,3719,3821,3821
Eastern Cordillera Real montane forests,4568,4459,4467,0,40.0,97.6,97.8,4559,4567,4567,4567,4567,4567,4567,4558,4557,4567,4567,4568,4568,4568,4568,4568,4568,4567,4567,4567,4567,4567,4567,4567,4565,4568,4568,4568,4568,4568,4568,4567,4568,4568,4568,4568,4470,4470,4568,4568
Guianan lowland moist forests,4383,3936,3936,0,40.0,89.8,89.8,4145,4145,4145,4145,4145,4145,4145,4383,4145,4145,4145,4145,4145,4145,4145,4145,4145,4145,4145,4145,4145,4145,4145,4145,4144,4383,4383,4383,4383,4383,4383,4145,4145,4145,4145,4383,3939,3939,4141,4142
Alto Paraná Atlantic forests,4379,4298,4301,0,40.0,98.2,98.2,4376,4379,4379,4379,4379,4379,4379,4379,4379,4379,4379,4379,4379,4379,4379,4379,4379,4379,4379,4379,4379,4379,4379,4379,4378,4379,4379,4379,4379,4379,4379,4379,4379,4379,4379,4379,4303,4303,4378,4378
Northeast US Coastal forests,4190,4051,4056,0,40.0,96.7,96.8,4168,4173,4173,4173,4173,4173,4173,4190,4173,4173,4173,4173,4173,4173,4173,4173,4173,4173,4173,4173,4173,4173,4173,4173,4171,4190,4190,4190,4190,4190,4190,4173,4173,4173,4173,4190,4060,4060,4170,4170
,4149,4008,4014,0,40.0,96.6,96.7,4133,4139,4139,4139,4139,4139,4139,4146,4137,4137,4136,4141,4141,4141,4141,4141,4141,4139,4139,4139,4139,4139,4139,4139,4130,4149,4149,4149,4149,4149,4149,4140,4141,4141,4141,4148,4024,4024,4136,4138
Magdalena Valley montane forests,4014,3906,3916,0,40.0,97.3,97.6,3993,4003,4003,4003,4003,4003,4003,4003,3992,4003,4003,4003,4003,4003,4003,4003,4003,4003,4003,4003,4003,4003,4003,4003,4003,4014,4014,4014,4014,4014,4014,4003,4003,4003,4003,4014,3925,3925,3994,3994
East European forest steppe,4009,3844,3845,0,40.0,95.9,95.9,4005,4006,4006,4006,4006,4006,4006,4009,4005,4005,4005,4006,4006,4006,4006,4006,4006,4006,4006,4006,4006,4006,4006,4006,3994,4009,4009,4009,4009,4009,4009,4006,4006,4006,4006,4009,3858,3857,4004,4005
Italian sclerophyllous and semi-deciduous forests,3841,3468,3470,0,40.0,90.3,90.3,3554,3556,3556,3556,3556,3556,3556,3841,3556,3551,3551,3556,3556,3556,3556,3556,3556,3555,3555,3555,3555,3555,3555,3555,3542,3841,3841,3841,3841,3841,3841,3556,3556,3556,3556,3840,3484,3484,3548,3549
Eastern Australian temperate forests,3726,3641,3649,0,40.0,97.7,97.9,3714,3722,3722,3722,3722,3722,3722,3723,3719,3717,3716,3723,3723,3723,3723,3723,3723,3721,3721,3721,3721,3721,3721,3721,3706,3726,3726,3726,3726,3726,3726,3722,3723,3723,3723,3726,3665,3665,3714,3718
Highveld grasslands,3723,3656,3664,0,40.0,98.2,98.4,3715,3723,3723,3723,3723,3723,3723,3723,3723,3723,3723,3723,3723,3723,3723,3723,3723,3723,3723,3723,3723,3723,3723,3723,3723,3723,3723,3723,3723,3723,3723,3723,3723,3723,3723,3723,3664,3664,3723,3723
Madagascar succulent woodlands,3525,3487,3487,0,40.0,98.9,98.9,3525,3525,3525,3525,3525,3525,3525,3525,3525,3525,3525,3525,3525,3525,3525,3525,3525,3525,3525,3525,3525,3525,3525,3525,3525,3525,3525,3525,3525,3525,3525,3525,3525,3525,3525,3525,3487,3487,3524,3524
Southern Acacia-Commiphora bushlands and thickets,3352,3283,3286,0,40.0,97.9,98.0,3349,3352,3352,3352,3352,3352,3352,3351,3351,3352,3352,3352,3352,3352,3352,3352,3352,3352,3352,3352,3352,3352,3352,3352,3352,3352,3352,3352,3352,3352,3352,3352,3352,3352,3352,3352,3286,3286,3352,3352
Isthmian-Atlantic moist forests,3254,3204,3208,0,40.0,98.5,98.6,3250,3254,3254,3254,3254,3254,3254,3252,3252,3254,3254,3254,3254,3254,3254,3254,3254,3254,3254,3254,3254,3254,3254,3254,3251,3254,3254,3254,3254,3254,3254,3254,3254,3254,3254,3254,3213,3213,3252,3252
Southwest Amazon moist forests,3072,3017,3018,0,40.0,98.2,98.2,3065,3066,3066,3066,3066,3066,3066,3072,3066,3066,3066,3066,3066,3066,3066,3066,3066,3066,3066,3066,3066,3066,3066,3066,3066,3072,3072,3072,3072,3072,3072,3066,3066,3066,3066,3072,3018,3018,3066,3066
California coastal sage and chaparral,2983,2924,2933,0,40.0,98.0,98.3,2971,2980,2980,2980,2980,2980,2980,2983,2980,2980,2980,2981,2981,2981,2981,2981,2981,2980,2980,2980,2980,2980,2980,2980,2978,2983,2983,2983,2983,2983,2983,2980,2981,2981,2981,2983,2936,2936,2981,2981
Iberian conifer forests,2962,1938,1939,0,40.0,65.4,65.5,2014,2015,2015,2015,2015,2015,2015,2961,2014,2010,2008,2015,2015,2015,2015,2015,2015,2012,2012,2012,2012,2012,2012,2012,1962,2962,2962,2962,2962,2962,2962,2015,2015,2015,2015,2959,1990,1991,2007,2009
Eastern Canadian forests,2871,2795,2795,0,40.0,97.4,97.4,2869,2869,2869,2869,2869,2869,2869,2871,2869,2869,2869,2869,2869,2869,2869,2869,2869,2869,2869,2869,2869,2869,2869,2869,2869,2871,2871,2871,2871,2871,2871,2869,2869,2869,2869,2871,2795,2795,2869,2869
Northern Swahili coastal forests,2817,2745,2746,0,40.0,97.4,97.5,2816,2817,2817,2817,2817,2817,2817,2814,2814,2816,2816,2817,2817,2817,2817,2817,2817,2816,2816,2816,2816,2816,2816,2816,2814,2817,2817,2817,2817,2817,2817,2817,2817,2817,2817,2817,2750,2750,2815,2815
Sayan montane conifer forests,2702,2584,2584,0,40.0,95.6,95.6,2702,2702,2702,2702,2702,2702,2702,2702,2702,2701,2700,2702,2702,2702,2702,2702,2702,2701,2701,2701,2701,2701,2701,2701,2698,2702,2702,2702,2702,2702,2702,2702,2702,2702,2702,2702,2588,2588,2700,2701
Taiwan subtropical evergreen forests,2639,2582,2584,0,40.0,97.8,97.9,2635,2637,2637,2637,2637,2637,2637,2638,2636,2637,2637,2637,2637,2637,2637,2637,2637,2637,2637,2637,2637,2637,2637,2637,2637,2639,2639,2639,2639,2639,2639,2637,2637,2637,2637,2639,2586,2586,2635,2635
Napo moist forests,2636,2565,2572,0,40.0,97.3,97.6,2629,2636,2636,2636,2636,2636,2636,2622,2622,2636,2636,2636,2636,2636,2636,2636,2636,2636,2636,2636,2636,2636,2636,2636,2636,2636,2636,2636,2636,2636,2636,2636,2636,2636,2636,2636,2573,2573,2635,2635
Borneo lowland rain forests,2585,2355,2355,0,40.0,91.1,91.1,2411,2411,2411,2411,2411,2411,2411,2579,2405,2411,2411,2411,2411,2411,2411,2411,2411,2411,2411,2411,2411,2411,2411,2411,2411,2585,2585,2585,2585,2585,2585,2411,2411,2411,2411,2585,2355,2355,2411,2411
Cauca Valley montane forests,2555,2491,2496,0,40.0,97.5,97.7,2542,2547,2547,2547,2547,2547,2547,2552,2544,2546,2546,2548,2548,2548,2548,2548,2548,2547,2547,2547,2547,2547,2547,2547,2546,2555,2555,2555,2555,2555,2555,2547,2548,2548,2548,2555,2501,2501,2544,2544
Eastern Great Lakes lowland forests,2516,2465,2465,0,40.0,98.0,98.0,2511,2511,2511,2511,2511,2511,2511,2516,2511,2511,2511,2511,2511,2511,2511,2511,2511,2511,2511,2511,2511,2511,2511,2511,2511,2516,2516,2516,2516,2516,2516,2511,2511,2511,2511,2516,2466,2466,2510,2510
Southeast US conifer savannas,2504,2444,2447,0,40.0,97.6,97.7,2490,2493,2493,2493,2493,2493,2493,2504,2493,2492,2492,2493,2493,2493,2493,2493,2493,2493,2493,2493,2493,2493,2493,2493,2492,2504,2504,2504,2504,2504,2504,2493,2493,2493,2493,2504,2448,2448,2492,2492
Eastern Arc forests,2482,2439,2442,0,40.0,98.3,98.4,2479,2482,2482,2482,2482,2482,2482,2482,2482,2482,2482,2482,2482,2482,2482,2482,2482,2482,2482,2482,2482,2482,2482,2482,2477,2482,2482,2482,2482,2482,2482,2482,2482,2482,2482,2482,2447,2447,2482,2482
Sonoran desert,2389,2339,2341,0,40.0,97.9,98.0,2387,2389,2389,2389,2389,2389,2389,2389,2389,2389,2389,2389,2389,2389,2389,2389,2389,2389,2389,2389,2389,2389,2389,2389,2388,2389,2389,2389,2389,2389,2389,2389,2389,2389,2389,2389,2342,2342,2389,2389
North Atlantic moist mixed forests,2387,2311,2316,0,40.0,96.8,97.0,2381,2386,2386,2386,2386,2386,2386,2387,2386,2385,2385,2387,2387,2387,2387,2387,2387,2385,2385,2385,2385,2385,2385,2385,2381,2387,2387,2387,2387,2387,2387,2386,2387,2387,2387,2387,2322,2322,2386,2386
Crete Mediterranean forests,2353,237,237,0,8.0,10.1,10.1,261,261,261,261,261,261,261,2353,261,254,251,261,261,261,261,261,261,259,259,259,259,259,259,259,240,2353,2353,2353,2353,2353,2353,261,261,261,261,2351,257,257,250,254
Scandinavian Montane Birch forest and grasslands,2348,2274,2281,0,40.0,96.8,97.1,2338,2345,2345,2345,2345,2345,2345,2348,2345,2343,2343,2345,2345,2345,2345,2345,2345,2343,2343,2343,2343,2343,2343,2343,2330,2348,2348,2348,2348,2348,2348,2345,2345,2345,2345,2347,2295,2295,2341,2343
Central Zambezian wet miombo woodlands,2297,2257,2258,0,40.0,98.3,98.3,2296,2297,2297,2297,2297,2297,2297,2297,2297,2297,2297,2297,2297,2297,2297,2297,2297,2297,2297,2297,2297,2297,2297,2297,2297,2297,2297,2297,2297,2297,2297,2297,2297,2297,2297,2297,2259,2259,2296,2296
Albertine Rift montane forests,2291,2252,2254,0,40.0,98.3,98.4,2289,2291,2291,2291,2291,2291,2291,2291,2291,2291,2291,2291,2291,2291,2291,2291,2291,2291,2291,2291,2291,2291,2291,2291,2291,2291,2291,2291,2291,2291,2291,2291,2291,2291,2291,2291,2254,2254,2291,2291
Carpathian montane forests,2260,2203,2209,0,40.0,97.5,97.7,2250,2254,2254,2254,2254,2254,2254,2260,2254,2250,2249,2260,2260,2260,2260,2260,2260,2251,2251,2251,2251,2251,2251,2251,2239,2260,2260,2260,2260,2260,2260,2254,2260,2260,2260,2260,2228,2228,2254,2253
Illyrian deciduous forests,2257,667,667,0,8.0,29.6,29.6,689,689,689,689,689,689,689,2257,689,685,685,689,689,689,689,689,689,688,688,688,688,688,688,688,684,2257,2257,2257,2257,2257,2257,689,689,689,689,2254,671,671,685,685
Albany thickets,2251,2234,2235,0,40.0,99.2,99.3,2250,2251,2251,2251,2251,2251,2251,2251,2251,2251,2251,2251,2251,2251,2251,2251,2251,2251,2251,2251,2251,2251,2251,2251,2251,2251,2251,2251,2251,2251,2251,2251,2251,2251,2251,2251,2235,2235,2251,2251
Eastern Himalayan broadleaf forests,2212,2173,2176,0,40.0,98.2,98.4,2208,2211,2211,2211,2211,2211,2211,2212,2211,2211,2211,2212,2212,2212,2212,2212,2212,2211,2211,2211,2211,2211,2211,2211,2211,2212,2212,2212,2212,2212,2212,2211,2212,2212,2212,2212,2177,2177,2212,2212
Kayah-Karen montane rain forests,2193,2134,2136,0,40.0,97.3,97.4,2191,2193,2193,2193,2193,2193,2193,2193,2193,2193,2193,2193,2193,2193,2193,2193,2193,2193,2193,2193,2193,2193,2193,2193,2193,2193,2193,2193,2193,2193,2193,2193,2193,2193,2193,2193,2138,2138,2191,2191
Aegean and Western Turkey sclerophyllous and mixed forests,2181,1363,1440,0,40.0,62.5,66.0,1385,1465,1465,1465,1465,1465,1465,2181,1465,1463,1463,1465,1465,1465,1465,1465,1465,1464,1464,1464,1464,1464,1464,1464,1459,2181,2181,2181,2181,2181,2181,1465,1465,1465,1465,2178,1446,1446,1463,1463
South China-Vietnam subtropical evergreen forests,2157,2114,2117,0,40.0,98.0,98.1,2154,2157,2157,2157,2157,2157,2157,2157,2157,2157,2157,2157,2157,2157,2157,2157,2157,2157,2157,2157,2157,2157,2157,2157,2157,2157,2157,2157,2157,2157,2157,2157,2157,2157,2157,2157,2120,2120,2154,2154
Southern Great Lakes forests,2099,2009,2052,0,40.0,95.7,97.8,2056,2099,2099,2099,2099,2099,2099,2099,2099,2099,2099,2099,2099,2099,2099,2099,2099,2099,2099,2099,2099,2099,2099,2099,2098,2099,2099,2099,2099,2099,2099,2099,2099,2099,2099,2099,2059,2059,2092,2092
East African montane forests,2087,2055,2056,0,40.0,98.5,98.5,2086,2087,2087,2087,2087,2087,2087,2086,2086,2087,2087,2087,2087,2087,2087,2087,2087,2087,2087,2087,2087,2087,2087,2087,2087,2087,2087,2087,2087,2087,2087,2087,2087,2087,2087,2087,2056,2056,2087,2087
Bahia coastal forests,2052,2023,2026,0,40.0,98.6,98.7,2046,2049,2049,2049,2049,2049,2049,2050,2047,2049,2049,2049,2049,2049,2049,2049,2049,2049,2049,2049,2049,2049,2049,2049,2049,2052,2052,2052,2052,2052,2052,2049,2049,2049,2049,2052,2027,2027,2048,2048
California interior chaparral and woodlands,2029,1993,1994,0,40.0,98.2,98.3,2028,2029,2029,2029,2029,2029,2029,2028,2028,2027,2027,2029,2029,2029,2029,2029,2029,2027,2027,2027,2027,2027,2027,2027,2017,2029,2029,2029,2029,2029,2029,2029,2029,2029,2029,2028,2005,2005,2026,2026
Azores temperate mixed forests,2006,1958,1958,0,40.0,97.6,97.6,2006,2006,2006,2006,2006,2006,2006,2005,2005,2006,2006,2006,2006,2006,2006,2006,2006,2006,2006,2006,2006,2006,2006,2006,2006,2006,2006,2006,2006,2006,2006,2006,2006,2006,2006,2006,1958,1958,2006,2006
Eastern Guinean forests,1982,1943,1944,0,40.0,98.0,98.1,1974,1975,1975,1975,1975,1975,1975,1982,1975,1975,1975,1975,1975,1975,1975,1975,1975,1975,1975,1975,1975,1975,1975,1975,1975,1982,1982,1982,1982,1982,1982,1975,1975,1975,1975,1982,1944,1944,1975,1975
Sierra Madre Occidental pine-oak forests,1971,1934,1936,0,40.0,98.1,98.2,1968,1970,1970,1970,1970,1970,1970,1971,1970,1970,1970,1970,1970,1970,1970,1970,1970,1970,1970,1970,1970,1970,1970,1970,1963,1971,1971,1971,1971,1971,1971,1970,1970,1970,1970,1971,1943,1943,1970,1970
Madagascar dry deciduous forests,1952,1920,1920,0,40.0,98.4,98.4,1952,1952,1952,1952,1952,1952,1952,1952,1952,1952,1952,1952,1952,1952,1952,1952,1952,1952,1952,1952,1952,1952,1952,1952,1952,1952,1952,1952,1952,1952,1952,1952,1952,1952,1952,1952,1920,1920,1952,1952
Eastern Canadian Forest-Boreal transition,1919,1833,1834,0,40.0,95.5,95.6,1910,1911,1911,1911,1911,1911,1911,1919,1911,1911,1911,1911,1911,1911,1911,1911,1911,1911,1911,1911,1911,1911,1911,1911,1911,1919,1919,1919,1919,1919,1919,1911,1911,1911,1911,1919,1836,1836,1902,1902
Queensland tropical rain forests,1895,1857,1866,0,40.0,98.0,98.5,1886,1895,1895,1895,1895,1895,1895,1890,1890,1895,1895,1895,1895,1895,1895,1895,1895,1895,1895,1895,1895,1895,1895,1895,1895,1895,1895,1895,1895,1895,1895,1895,1895,1895,1895,1895,1866,1866,1895,1895
Talamancan montane forests,1868,1832,1835,0,40.0,98.1,98.2,1863,1866,1866,1866,1866,1866,1866,1868,1866,1866,1866,1866,1866,1866,1866,1866,1866,1866,1866,1866,1866,1866,1866,1866,1866,1868,1868,1868,1868,1868,1868,1866,1866,1866,1866,1868,1836,1836,1865,1865
Mato Grosso tropical dry forests,1838,1800,1803,0,40.0,97.9,98.1,1835,1838,1838,1838,1838,1838,1838,1837,1837,1838,1838,1838,1838,1838,1838,1838,1838,1838,1838,1838,1838,1838,1838,1838,1838,1838,1838,1838,1838,1838,1838,1838,1838,1838,1838,1838,1803,1803,1838,1838
Valdivian temperate forests,1804,1738,1743,0,40.0,96.3,96.6,1792,1797,1797,1797,1797,1797,1797,1804,1797,1797,1797,1804,1804,1804,1804,1804,1804,1797,1797,1797,1797,1797,1797,1797,1796,1804,1804,1804,1804,1804,1804,1797,1804,1804,1804,1804,1751,1751,1804,1804
Cordillera Oriental montane forests,1767,1716,1718,0,40.0,97.1,97.2,1757,1761,1761,1761,1761,1761,1761,1767,1764,1764,1764,1764,1764,1764,1764,1764,1764,1764,1764,1764,1764,1764,1764,1764,1761,1767,1767,1767,1767,1767,1767,1764,1764,1764,1764,1767,1730,1730,1757,1757
Dry Chaco,1766,1728,1730,0,40.0,97.8,98.0,1762,1765,1765,1765,1765,1765,1765,1758,1757,1765,1765,1766,1766,1766,1766,1766,1766,1765,1765,1765,1765,1765,1765,1765,1765,1766,1766,1766,1766,1766,1766,1765,1766,1766,1766,1766,1731,1731,1766,1766
West Sudanian savanna,1758,1707,1709,0,40.0,97.1,97.2,1735,1737,1737,1737,1737,1737,1737,1758,1737,1737,1737,1737,1737,1737,1737,1737,1737,1737,1737,1737,1737,1737,1737,1737,1737,1758,1758,1758,1758,1758,1758,1737,1737,1737,1737,1758,1709,1709,1736,1736
Puget lowland forests,1739,1714,1722,0,40.0,98.6,99.0,1731,1739,1739,1739,1739,1739,1739,1739,1739,1739,1739,1739,1739,1739,1739,1739,1739,1739,1739,1739,1739,1739,1739,1739,1739,1739,1739,1739,1739,1739,1739,1739,1739,1739,1739,1739,1722,1722,1739,1739
Guinean forest-savanna,1734,1699,1699,0,40.0,98.0,98.0,1734,1734,1734,1734,1734,1734,1734,1734,1734,1734,1733,1734,1734,1734,1734,1734,1734,1734,1734,1734,1734,1734,1734,1734,1728,1734,1734,1734,1734,1734,1734,1734,1734,1734,1734,1734,1705,1705,1733,1734
Central American pine-oak forests,1733,1689,1690,0,40.0,97.5,97.5,1732,1733,1733,1733,1733,1733,1733,1733,1733,1733,1733,1733,1733,1733,1733,1733,1733,1733,1733,1733,1733,1733,1733,1733,1733,1733,1733,1733,1733,1733,1733,1733,1733,1733,1733,1733,1690,1690,1732,1732
Petén-Veracruz moist forests,1726,1694,1696,0,40.0,98.1,98.3,1724,1726,1726,1726,1726,1726,1726,1723,1723,1726,1726,1726,1726,1726,1726,1726,1726,1726,1726,1726,1726,1726,1726,1726,1726,1726,1726,1726,1726,1726,1726,1726,1726,1726,1726,1726,1696,1696,1726,1726
Victoria Basin forest-savanna,1713,1670,1672,0,40.0,97.5,97.6,1706,1708,1708,1708,1708,1708,1708,1713,1708,1708,1708,1713,1713,1713,1713,1713,1713,1708,1708,1708,1708,1708,1708,1708,1708,1713,1713,1713,1713,1713,1713,1708,1713,1713,1713,1713,1678,1678,1712,1712
Peruvian Yungas,1687,1650,1651,0,40.0,97.8,97.9,1686,1687,1687,1687,1687,1687,1687,1687,1687,1687,1687,1687,1687,1687,1687,1687,1687,1687,1687,1687,1687,1687,1687,1687,1687,1687,1687,1687,1687,1687,1687,1687,1687,1687,1687,1687,1651,1651,1687,1687
Northern Indochina subtropical forests,1625,1603,1603,0,40.0,98.6,98.6,1625,1625,1625,1625,1625,1625,1625,1625,1625,1625,1625,1625,1625,1625,1625,1625,1625,1625,1625,1625,1625,1625,1625,1625,1625,1625,1625,1625,1625,1625,1625,1625,1625,1625,1625,1625,1604,1604,1624,1624
Trans-Mexican Volcanic Belt pine-oak forests,1621,1590,1592,0,40.0,98.1,98.2,1618,1620,1620,1620,1620,1620,1620,1621,1620,1620,1620,1621,1621,1621,1621,1621,1621,1620,1620,1620,1620,1620,1620,1620,1620,1621,1621,1621,1621,1621,1621,1620,1621,1621,1621,1621,1593,1593,1621,1621
Northern Acacia-Commiphora bushlands and thickets,1573,1543,1546,0,40.0,98.1,98.3,1570,1573,1573,1573,1573,1573,1573,1570,1570,1573,1573,1573,1573,1573,1573,1573,1573,1573,1573,1573,1573,1573,1573,1573,1573,1573,1573,1573,1573,1573,1573,1573,1573,1573,1573,1573,1546,1546,1573,1573
Fynbos shrubland,1563,1521,1523,0,40.0,97.3,97.4,1561,1563,1563,1563,1563,1563,1563,1555,1555,1563,1563,1563,1563,1563,1563,1563,1563,1563,1563,1563,1563,1563,1563,1563,1563,1563,1563,1563,1563,1563,1563,1563,1563,1563,1563,1563,1523,1523,1563,1563
Arnhem Land tropical savanna,1552,1531,1531,0,40.0,98.6,98.6,1552,1552,1552,1552,1552,1552,1552,1552,1552,1552,1552,1552,1552,1552,1552,1552,1552,1552,1552,1552,1552,1552,1552,1552,1552,1552,1552,1552,1552,1552,1552,1552,1552,1552,1552,1552,1531,1531,1552,1552
Northwest Iberian montane forests,1547,1281,1284,0,40.0,82.8,83.0,1336,1339,1339,1339,1339,1339,1339,1542,1334,1336,1336,1339,1339,1339,1339,1339,1339,1337,1337,1337,1337,1337,1337,1337,1313,1547,1547,1547,1547,1547,1547,1339,1339,1339,1339,1546,1309,1309,1336,1336
Isthmian-Pacific moist forests,1496,1310,1317,0,40.0,87.6,88.0,1330,1337,1337,1337,1337,1337,1337,1496,1337,1337,1337,1337,1337,1337,1337,1337,1337,1337,1337,1337,1337,1337,1337,1337,1335,1496,1496,1496,1496,1496,1496,1337,1337,1337,1337,1496,1320,1320,1336,1336
Tenasserim-South Thailand semi-evergreen rain forests,1420,1388,1388,0,40.0,97.7,97.7,1420,1420,1420,1420,1420,1420,1420,1420,1420,1420,1420,1420,1420,1420,1420,1420,1420,1420,1420,1420,1420,1420,1420,1420,1420,1420,1420,1420,1420,1420,1420,1420,1420,1420,1420,1420,1392,1392,1415,1415
Sinaloan dry forests,1414,1387,1387,0,40.0,98.1,98.1,1413,1413,1413,1413,1413,1413,1413,1414,1413,1413,1413,1413,1413,1413,1413,1413,1413,1413,1413,1413,1413,1413,1413,1413,1405,1414,1414,1414,1414,1414,1414,1413,1413,1413,1413,1414,1395,1395,1413,1413
Southern Andean Yungas,1412,1384,1384,0,40.0,98.0,98.0,1412,1412,1412,1412,1412,1412,1412,1411,1411,1412,1412,1412,1412,1412,1412,1412,1412,1412,1412,1412,1412,1412,1412,1412,1412,1412,1412,1412,1412,1412,1412,1412,1412,1412,1412,1412,1384,1384,1412,1412
Limpopo lowveld,1387,1359,1369,0,40.0,98.0,98.7,1377,1387,1387,1387,1387,1387,1387,1387,1387,1387,1387,1387,1387,1387,1387,1387,1387,1387,1387,1387,1387,1387,1387,1387,1387,1387,1387,1387,1387,1387,1387,1387,1387,1387,1387,1387,1369,1369,1387,1387
Zambezian flooded grasslands,1332,1304,1304,0,40.0,97.9,97.9,1332,1332,1332,1332,1332,1332,1332,1332,1332,1332,1332,1332,1332,1332,1332,1332,1332,1332,1332,1332,1332,1332,1332,1332,1330,1332,1332,1332,1332,1332,1332,1332,1332,1332,1332,1332,1306,1306,1332,1332
Luang Prabang montane rain forests,1331,1310,1310,0,40.0,98.4,98.4,1330,1330,1330,1330,1330,1330,1330,1331,1330,1330,1330,1331,1331,1331,1331,1331,1331,1330,1330,1330,1330,1330,1330,1330,1330,1331,1331,1331,1331,1331,1331,1330,1331,1331,1331,1331,1311,1311,1331,1331
California montane chaparral and woodlands,1329,1294,1297,0,40.0,97.4,97.6,1325,1328,1328,1328,1328,1328,1328,1329,1328,1327,1327,1328,1328,1328,1328,1328,1328,1328,1328,1328,1328,1328,1328,1328,1309,1329,1329,1329,1329,1329,1329,1328,1328,1328,1328,1329,1316,1316,1327,1327
Qionglai-Minshan conifer forests,1310,1285,1290,0,40.0,98.1,98.5,1305,1310,1310,1310,1310,1310,1310,1310,1310,1310,1310,1310,1310,1310,1310,1310,1310,1310,1310,1310,1310,1310,1310,1310,1310,1310,1310,1310,1310,1310,1310,1310,1310,1310,1310,1310,1290,1290,1310,1310
Southeast Australia temperate forests,1307,1279,1285,0,40.0,97.9,98.3,1301,1307,1307,1307,1307,1307,1307,1307,1307,1307,1307,1307,1307,1307,1307,1307,1307,1307,1307,1307,1307,1307,1307,1307,1307,1307,1307,1307,1307,1307,1307,1307,1307,1307,1307,1307,1285,1285,1307,1307
Araucaria moist forests,1273,1253,1253,0,40.0,98.4,98.4,1273,1273,1273,1273,1273,1273,1273,1271,1271,1273,1273,1273,1273,1273,1273,1273,1273,1273,1273,1273,1273,1273,1273,1273,1273,1273,1273,1273,1273,1273,1273,1273,1273,1273,1273,1273,1253,1253,1272,1272
Xingu-Tocantins-Araguaia moist forests,1270,1242,1249,0,40.0,97.8,98.3,1263,1270,1270,1270,1270,1270,1270,1270,1270,1270,1270,1270,1270,1270,1270,1270,1270,1270,1270,1270,1270,1270,1270,1270,1270,1270,1270,1270,1270,1270,1270,1270,1270,1270,1270,1270,1249,1249,1270,1270
Po Basin mixed forests,1265,1095,1096,0,40.0,86.6,86.6,1133,1134,1134,1134,1134,1134,1134,1264,1133,1134,1134,1134,1134,1134,1134,1134,1134,1134,1134,1134,1134,1134,1134,1134,1133,1265,1265,1265,1265,1265,1265,1134,1134,1134,1134,1265,1100,1100,1131,1131
Caspian Hyrcanian mixed forests,1246,1169,1169,0,40.0,93.8,93.8,1245,1246,1246,1246,1246,1246,1246,1246,1245,1237,1236,1246,1246,1246,1246,1246,1246,1244,1244,1244,1244,1244,1244,1244,1191,1246,1246,1246,1246,1246,1246,1246,1246,1246,1246,1244,1222,1222,1231,1237
Central Indochina dry forests,1222,1207,1207,0,40.0,98.8,98.8,1222,1222,1222,1222,1222,1222,1222,1222,1222,1222,1222,1222,1222,1222,1222,1222,1222,1222,1222,1222,1222,1222,1222,1222,1222,1222,1222,1222,1222,1222,1222,1222,1222,1222,1222,1222,1207,1207,1222,1222
Bolivian Yungas,1218,1195,1195,0,40.0,98.1,98.1,1217,1217,1217,1217,1217,1217,1217,1218,1217,1217,1217,1218,1218,1218,1218,1218,1218,1217,1217,1217,1217,1217,1217,1217,1217,1218,1218,1218,1218,1218,1218,1217,1218,1218,1218,1218,1196,1196,1218,1218
Himalayan subtropical pine forests,1210,1197,1199,0,40.0,98.9,99.1,1208,1210,1210,1210,1210,1210,1210,1210,1210,1210,1210,1210,1210,1210,1210,1210,1210,1210,1210,1210,1210,1210,1210,1210,1210,1210,1210,1210,1210,1210,1210,1210,1210,1210,1210,1210,1199,1199,1210,1210
Balkan mixed forests,1191,1035,1044,0,40.0,86.9,87.7,1071,1080,1080,1080,1080,1080,1080,1190,1079,1077,1077,1080,1080,1080,1080,1080,1080,1080,1080,1080,1080,1080,1080,1080,1062,1191,1191,1191,1191,1191,1191,1080,1080,1080,1080,1188,1062,1062,1076,1077
Mongolian-Manchurian grassland,1185,1161,1161,0,40.0,98.0,98.0,1185,1185,1185,1185,1185,1185,1185,1185,1185,1185,1185,1185,1185,1185,1185,1185,1185,1185,1185,1185,1185,1185,1185,1185,1185,1185,1185,1185,1185,1185,1185,1185,1185,1185,1185,1185,1161,1161,1185,1185
New England-Acadian forests,1184,1139,1145,0,40.0,96.2,96.7,1178,1184,1184,1184,1184,1184,1184,1184,1184,1184,1184,1184,1184,1184,1184,1184,1184,1184,1184,1184,1184,1184,1184,1184,1169,1184,1184,1184,1184,1184,1184,1184,1184,1184,1184,1184,1161,1161,1183,1183
Northland temperate kauri forests,1183,1174,1176,0,40.0,99.2,99.4,1181,1183,1183,1183,1183,1183,1183,1183,1183,1183,1183,1183,1183,1183,1183,1183,1183,1183,1183,1183,1183,1183,1183,1183,1182,1183,1183,1183,1183,1183,1183,1183,1183,1183,1183,1183,1177,1177,1183,1183
Magdalena Valley dry forests,1172,1140,1144,0,40.0,97.3,97.6,1168,1172,1172,1172,1172,1172,1172,1166,1166,1172,1172,1172,1172,1172,1172,1172,1172,1172,1172,1172,1172,1172,1172,1172,1171,1172,1172,1172,1172,1172,1172,1172,1172,1172,1172,1172,1145,1145,1172,1172
South Apennine mixed montane forests,1168,1113,1114,0,40.0,95.3,95.4,1129,1130,1130,1130,1130,1130,1130,1168,1130,1129,1128,1130,1130,1130,1130,1130,1130,1129,1129,1129,1129,1129,1129,1129,1125,1168,1168,1168,1168,1168,1168,1130,1130,1130,1130,1167,1118,1118,1128,1129
Peninsular Malaysian montane rain forests,1164,1147,1151,0,40.0,98.5,98.9,1160,1164,1164,1164,1164,1164,1164,1164,1164,1164,1164,1164,1164,1164,1164,1164,1164,1164,1164,1164,1164,1164,1164,1164,1160,1164,1164,1164,1164,1164,1164,1164,1164,1164,1164,1164,1155,1155,1164,1164
Chao Phraya freshwater swamp forests,1156,1128,1133,0,40.0,97.6,98.0,1151,1156,1156,1156,1156,1156,1156,1156,1156,1156,1156,1156,1156,1156,1156,1156,1156,1156,1156,1156,1156,1156,1156,1156,1156,1156,1156,1156,1156,1156,1156,1156,1156,1156,1156,1156,1133,1133,1156,1156
Iceland boreal birch forests and alpine tundra,1149,1125,1125,0,40.0,97.9,97.9,1149,1149,1149,1149,1149,1149,1149,1149,1149,1143,1141,1149,1149,1149,1149,1149,1149,1145,1145,1145,1145,1145,1145,1145,1136,1149,1149,1149,1149,1149,1149,1149,1149,1149,1149,1148,1137,1137,1140,1142
Appalachian-Blue Ridge forests,1142,1113,1116,0,40.0,97.5,97.7,1139,1142,1142,1142,1142,1142,1142,1142,1142,1142,1142,1142,1142,1142,1142,1142,1142,1142,1142,1142,1142,1142,1142,1142,1142,1142,1142,1142,1142,1142,1142,1142,1142,1142,1142,1142,1116,1116,1142,1142
Western shortgrass prairie,1124,1105,1105,0,40.0,98.3,98.3,1124,1124,1124,1124,1124,1124,1124,1123,1123,1124,1124,1124,1124,1124,1124,1124,1124,1124,1124,1124,1124,1124,1124,1124,1124,1124,1124,1124,1124,1124,1124,1124,1124,1124,1124,1124,1105,1105,1123,1123
Solomon Islands rain forests,1113,1096,1097,0,40.0,98.5,98.6,1112,1113,1113,1113,1113,1113,1113,1113,1113,1113,1113,1113,1113,1113,1113,1113,1113,1113,1113,1113,1113,1113,1113,1113,1113,1113,1113,1113,1113,1113,1113,1113,1113,1113,1113,1113,1097,1097,1113,1113
Malabar Coast moist forests,1054,1026,1031,0,40.0,97.3,97.8,1049,1054,1054,1054,1054,1054,1054,1054,1054,1054,1054,1054,1054,1054,1054,1054,1054,1054,1054,1054,1054,1054,1054,1054,1054,1054,1054,1054,1054,1054,1054,1054,1054,1054,1054,1054,1031,1031,1054,1054
Western Great Lakes forests,1053,1039,1040,0,40.0,98.7,98.8,1051,1052,1052,1052,1052,1052,1052,1052,1051,1052,1052,1052,1052,1052,1052,1052,1052,1052,1052,1052,1052,1052,1052,1052,1048,1053,1053,1053,1053,1053,1053,1052,1052,1052,1052,1053,1044,1044,1052,1052
Gulf of St. Lawrence lowland forests,1051,1004,1005,0,40.0,95.5,95.6,1042,1043,1043,1043,1043,1043,1043,1049,1048,1050,1050,1050,1050,1050,1050,1050,1050,1050,1050,1050,1050,1050,1050,1050,1045,1051,1051,1051,1051,1051,1051,1050,1050,1050,1050,1051,1021,1021,1041,1041
Southeast Tibet shrublands and meadows,1051,1029,1031,0,40.0,97.9,98.1,1049,1051,1051,1051,1051,1051,1051,1051,1051,1051,1051,1051,1051,1051,1051,1051,1051,1051,1051,1051,1051,1051,1051,1051,1051,1051,1051,1051,1051,1051,1051,1051,1051,1051,1051,1051,1031,1031,1051,1051
Amazon-Orinoco-Southern Caribbean mangroves,1048,969,969,0,40.0,92.5,92.5,995,995,995,995,995,995,995,1048,995,995,995,995,995,995,995,995,995,995,995,995,995,995,995,995,991,1048,1048,1048,1048,1048,1048,995,995,995,995,1048,973,973,994,995
Indochina mangroves,1037,1030,1030,0,40.0,99.3,99.3,1037,1037,1037,1037,1037,1037,1037,1037,1037,1037,1037,1037,1037,1037,1037,1037,1037,1037,1037,1037,1037,1037,1037,1037,1037,1037,1037,1037,1037,1037,1037,1037,1037,1037,1037,1037,1030,1030,1037,1037
Central Mexican matorral,1031,1010,1010,0,40.0,98.0,98.0,1031,1031,1031,1031,1031,1031,1031,1030,1030,1031,1031,1031,1031,1031,1031,1031,1031,1031,1031,1031,1031,1031,1031,1031,1031,1031,1031,1031,1031,1031,1031,1031,1031,1031,1031,1031,1010,1010,1031,1031
Central American dry forests,1020,978,980,0,40.0,95.9,96.1,1018,1020,1020,1020,1020,1020,1020,1020,1020,1020,1020,1020,1020,1020,1020,1020,1020,1020,1020,1020,1020,1020,1020,1020,1020,1020,1020,1020,1020,1020,1020,1020,1020,1020,1020,1020,981,981,1019,1019
Uruguayan savanna,1019,999,999,0,40.0,98.0,98.0,1019,1019,1019,1019,1019,1019,1019,1019,1019,1019,1019,1019,1019,1019,1019,1019,1019,1019,1019,1019,1019,1019,1019,1019,1019,1019,1019,1019,1019,1019,1019,1019,1019,1019,1019,1019,999,999,1019,1019
Central US forest-grasslands transition,1017,993,994,0,40.0,97.6,97.7,1016,1017,1017,1017,1017,1017,1017,1017,1017,1017,1016,1017,1017,1017,1017,1017,1017,1017,1017,1017,1017,1017,1017,1017,1009,1017,1017,1017,1017,1017,1017,1017,1017,1017,1017,1017,1002,1002,1016,1017
Great Basin shrub steppe,997,983,984,0,40.0,98.6,98.7,996,997,997,997,997,997,997,996,996,997,997,997,997,997,997,997,997,997,997,997,997,997,997,997,997,997,997,997,997,997,997,997,997,997,997,997,984,984,997,997
Colorado Rockies forests,994,976,977,0,40.0,98.2,98.3,989,990,990,990,990,990,990,994,990,990,990,990,990,990,990,990,990,990,990,990,990,990,990,990,989,994,994,994,994,994,994,990,990,990,990,994,978,978,990,990
Madagascar spiny thickets,988,978,979,0,40.0,99.0,99.1,987,988,988,988,988,988,988,988,988,988,988,988,988,988,988,988,988,988,988,988,988,988,988,988,988,988,988,988,988,988,988,988,988,988,988,988,979,979,988,988
Caatinga,977,966,966,0,40.0,98.9,98.9,977,977,977,977,977,977,977,977,977,977,977,977,977,977,977,977,977,977,977,977,977,977,977,977,977,977,977,977,977,977,977,977,977,977,977,977,966,966,977,977
Willamette Valley oak savanna,971,955,955,0,40.0,98.4,98.4,970,970,970,970,970,970,970,971,970,970,970,971,971,971,971,971,971,970,970,970,970,970,970,970,970,971,971,971,971,971,971,970,971,971,971,971,956,956,971,971
South Western Ghats montane rain forests,963,951,952,0,40.0,98.8,98.9,962,963,963,963,963,963,963,963,963,963,963,963,963,963,963,963,963,963,963,963,963,963,963,963,963,963,963,963,963,963,963,963,963,963,963,963,952,952,963,963
Uatumã-Trombetas moist forests,963,950,950,0,40.0,98.7,98.7,963,963,963,963,963,963,963,962,962,963,963,963,963,963,963,963,963,963,963,963,963,963,963,963,963,963,963,963,963,963,963,963,963,963,963,963,950,950,963,963
Jian Nan subtropical evergreen forests,960,934,935,0,40.0,97.3,97.4,959,960,960,960,960,960,960,959,959,960,960,960,960,960,960,960,960,960,960,960,960,960,960,960,960,960,960,960,960,960,960,960,960,960,960,960,935,935,960,960
Interior Plateau US Hardwood Forests,936,913,917,0,40.0,97.5,98.0,932,936,936,936,936,936,936,936,936,936,936,936,936,936,936,936,936,936,936,936,936,936,936,936,935,936,936,936,936,936,936,936,936,936,936,936,918,918,936,936
Southwest Australia woodlands,924,902,904,0,40.0,97.6,97.8,922,924,924,924,924,924,924,924,924,924,924,924,924,924,924,924,924,924,924,924,924,924,924,924,924,924,924,924,924,924,924,924,924,924,924,924,904,904,924,924
Cyprus Mediterranean forests,922,876,880,0,40.0,95.0,95.4,917,921,921,921,921,921,921,921,920,921,921,921,921,921,921,921,921,921,921,921,921,921,921,921,921,922,922,922,922,922,922,921,921,921,921,922,880,880,921,921
Upper Gangetic Plains moist deciduous forests,912,889,892,0,40.0,97.5,97.8,909,912,912,912,912,912,912,910,910,912,912,912,912,912,912,912,912,912,912,912,912,912,912,912,912,912,912,912,912,912,912,912,912,912,912,912,892,892,912,912
Mediterranean woodlands and forests,910,889,891,0,40.0,97.7,97.9,908,910,910,910,910,910,910,910,910,910,910,910,910,910,910,910,910,910,910,910,910,910,910,910,905,910,910,910,910,910,910,910,910,910,910,910,896,896,910,910
Dry miombo woodlands,908,895,896,0,40.0,98.6,98.7,907,908,908,908,908,908,908,908,908,908,908,908,908,908,908,908,908,908,908,908,908,908,908,908,908,908,908,908,908,908,908,908,908,908,908,908,896,896,908,908
Huang He Plain mixed forests,892,881,881,0,40.0,98.8,98.8,891,891,891,891,891,891,891,892,891,891,891,891,891,891,891,891,891,891,891,891,891,891,891,891,891,892,892,892,892,892,892,891,891,891,891,892,881,881,891,891
Arabian-Persian Gulf coastal plain desert,888,867,867,0,40.0,97.6,97.6,888,888,888,888,888,888,888,888,888,888,888,888,888,888,888,888,888,888,888,888,888,888,888,888,888,888,888,888,888,888,888,888,888,888,888,888,867,867,888,888
Southern Annamites montane rain forests,876,869,869,0,40.0,99.2,99.2,876,876,876,876,876,876,876,876,876,876,876,876,876,876,876,876,876,876,876,876,876,876,876,876,876,876,876,876,876,876,876,876,876,876,876,876,869,869,876,876
Caucasus mixed forests,875,832,836,0,40.0,95.1,95.5,858,862,862,862,862,862,862,875,862,862,862,862,862,862,862,862,862,862,862,862,862,862,862,862,862,875,875,875,875,875,875,862,862,862,862,875,836,836,862,862
Western Gulf coastal grasslands,870,854,855,0,40.0,98.2,98.3,869,870,870,870,870,870,870,869,869,870,870,870,870,870,870,870,870,870,870,870,870,870,870,870,870,870,870,870,870,870,870,870,870,870,870,870,855,855,870,870
Pontic steppe,869,832,832,0,40.0,95.7,95.7,869,869,869,869,869,869,869,869,869,869,869,869,869,869,869,869,869,869,869,869,869,869,869,869,868,869,869,869,869,869,869,869,869,869,869,869,833,833,869,869
Madeira-Tapajós moist forests,866,855,855,0,40.0,98.7,98.7,866,866,866,866,866,866,866,866,866,866,866,866,866,866,866,866,866,866,866,866,866,866,866,866,866,866,866,866,866,866,866,866,866,866,866,866,855,855,866,866
Arizona Mountains forests,861,852,852,0,40.0,99.0,99.0,860,860,860,860,860,860,860,861,860,860,860,860,860,860,860,860,860,860,860,860,860,860,860,860,860,861,861,861,861,861,861,860,860,860,860,861,852,852,860,860
Chilean Matorral,854,823,824,0,40.0,96.4,96.5,853,854,854,854,854,854,854,854,854,854,854,854,854,854,854,854,854,854,854,854,854,854,854,854,852,854,854,854,854,854,854,854,854,854,854,854,830,830,849,849
Madagascar humid forests,851,842,842,0,40.0,98.9,98.9,851,851,851,851,851,851,851,851,851,850,850,851,851,851,851,851,851,850,850,850,850,850,850,850,850,851,851,851,851,851,851,851,851,851,851,850,843,843,850,850
Daurian forest steppe,847,830,830,0,40.0,98.0,98.0,845,845,845,845,845,845,845,847,845,845,845,847,847,847,847,847,847,845,845,845,845,845,845,845,845,847,847,847,847,847,847,845,847,847,847,847,832,832,847,847
Northern Andean páramo,846,811,813,0,40.0,95.9,96.1,844,846,846,846,846,846,846,844,844,846,846,846,846,846,846,846,846,846,846,846,846,846,846,846,846,846,846,846,846,846,846,846,846,846,846,846,813,813,846,846
Central Range Papuan montane rain forests,843,820,824,0,40.0,97.3,97.7,839,843,843,843,843,843,843,842,842,843,843,843,843,843,843,843,843,843,843,843,843,843,843,843,843,843,843,843,843,843,843,843,843,843,843,843,824,824,843,843
Central bushveld,843,823,830,0,40.0,97.6,98.5,836,843,843,843,843,843,843,841,841,843,843,843,843,843,843,843,843,843,843,843,843,843,843,843,843,843,843,843,843,843,843,843,843,843,843,843,830,830,843,843
Eastern Mediterranean conifer-broadleaf forests,841,799,799,0,40.0,95.0,95.0,822,822,822,822,822,822,822,840,821,821,821,821,821,821,821,821,821,822,821,821,822,821,821,821,822,841,841,841,841,841,841,821,821,821,821,841,801,801,819,819
Cauca Valley dry forests,827,803,805,0,40.0,97.1,97.3,825,827,827,827,827,827,827,827,827,827,827,827,827,827,827,827,827,827,827,827,827,827,827,827,827,827,827,827,827,827,827,827,827,827,827,827,806,806,826,826
Southeast Indochina dry evergreen forests,809,801,801,0,40.0,99.0,99.0,809,809,809,809,809,809,809,809,809,809,809,809,809,809,809,809,809,809,809,809,809,809,809,809,809,809,809,809,809,809,809,809,809,809,809,809,801,801,809,809
Canary Islands dry woodlands and forests,807,769,770,0,40.0,95.3,95.4,796,797,797,797,797,797,797,799,789,796,796,797,797,797,797,797,797,796,796,796,796,796,796,796,795,807,807,807,807,807,807,797,797,797,797,806,771,771,796,796
Great Lakes Basin desert steppe,806,772,772,0,40.0,95.8,95.8,806,806,806,806,806,806,806,806,806,806,806,806,806,806,806,806,806,806,806,806,806,806,806,806,806,806,806,806,806,806,806,806,806,806,806,806,773,773,805,805
Central Tallgrass prairie,804,797,797,0,40.0,99.1,99.1,804,804,804,804,804,804,804,803,803,804,804,804,804,804,804,804,804,804,804,804,804,804,804,804,804,804,804,804,804,804,804,804,804,804,804,804,797,797,804,804
Central American Atlantic moist forests,804,792,792,0,40.0,98.5,98.5,804,804,804,804,804,804,804,804,804,804,804,804,804,804,804,804,804,804,804,804,804,804,804,804,804,804,804,804,804,804,804,804,804,804,804,804,792,792,804,804
Humid Pampas,802,781,785,0,40.0,97.4,97.9,798,802,802,802,802,802,802,802,802,802,802,802,802,802,802,802,802,802,802,802,802,802,802,802,802,802,802,802,802,802,802,802,802,802,802,802,785,785,802,802
Murray-Darling woodlands and mallee,793,770,773,0,40.0,97.1,97.5,785,788,788,788,788,788,788,793,789,789,789,793,793,793,793,793,793,789,789,789,789,789,789,789,789,793,793,793,793,793,793,789,793,793,793,793,778,778,793,793
Central American montane forests,782,771,772,0,40.0,98.6,98.7,781,782,782,782,782,782,782,782,782,782,782,782,782,782,782,782,782,782,782,782,782,782,782,782,782,782,782,782,782,782,782,782,782,782,782,782,772,772,782,782
Northern Shortgrass prairie,776,763,765,0,40.0,98.3,98.6,774,776,776,776,776,776,776,776,776,776,776,776,776,776,776,776,776,776,776,776,776,776,776,776,776,776,776,776,776,776,776,776,776,776,776,776,765,765,776,776
Bahia interior forests,772,765,769,0,40.0,99.1,99.6,768,772,772,772,772,772,772,772,772,772,772,772,772,772,772,772,772,772,772,772,772,772,772,772,772,772,772,772,772,772,772,772,772,772,772,772,769,769,772,772
Sierra Nevada forests,767,759,759,0,40.0,99.0,99.0,765,765,765,765,765,765,765,767,765,765,765,765,765,765,765,765,765,765,765,765,765,765,765,765,765,767,767,767,767,767,767,765,765,765,765,767,759,759,765,765
Atlantic coastal pine barrens,764,728,728,0,40.0,95.3,95.3,763,763,763,763,763,763,763,762,761,763,763,763,763,763,763,763,763,763,763,763,763,763,763,763,763,764,764,764,764,764,764,763,763,763,763,764,728,728,763,763
Arabian sand desert,757,744,744,0,40.0,98.3,98.3,757,757,757,757,757,757,757,757,757,757,757,757,757,757,757,757,757,757,757,757,757,757,757,757,757,757,757,757,757,757,757,757,757,757,757,757,744,744,757,757
Pindus Mountains mixed forests,756,205,205,0,8.0,27.1,27.1,217,217,217,217,217,217,217,755,216,213,213,216,216,216,216,216,216,216,215,215,216,215,215,215,210,756,756,756,756,756,756,216,216,216,216,754,211,211,213,213
Western Himalayan broadleaf forests,753,737,739,0,40.0,97.9,98.1,751,753,753,753,753,753,753,753,753,753,753,753,753,753,753,753,753,753,753,753,753,753,753,753,753,753,753,753,753,753,753,753,753,753,753,753,739,739,753,753
Atlantic Coast restingas,751,748,748,0,40.0,99.6,99.6,751,751,751,751,751,751,751,751,751,751,751,751,751,751,751,751,751,751,751,751,751,751,751,751,751,751,751,751,751,751,751,751,751,751,751,751,748,748,751,751
Mindanao-Eastern Visayas rain forests,747,738,738,0,40.0,98.8,98.8,747,747,747,747,747,747,747,747,747,747,747,747,747,747,747,747,747,747,747,747,747,747,747,747,747,747,747,747,747,747,747,747,747,747,747,747,738,738,747,747
Guianan savanna,738,727,727,0,40.0,98.5,98.5,738,738,738,738,738,738,738,738,738,738,738,738,738,738,738,738,738,738,738,738,738,738,738,738,738,738,738,738,738,738,738,738,738,738,738,738,727,727,738,738
Zambezian mopane woodlands,733,713,717,0,40.0,97.3,97.8,729,733,733,733,733,733,733,733,733,733,733,733,733,733,733,733,733,733,733,733,733,733,733,733,733,733,733,733,733,733,733,733,733,733,733,733,717,717,733,733
Northwest Congolian lowland forests,718,704,704,0,40.0,98.1,98.1,718,718,718,718,718,718,718,718,718,718,718,718,718,718,718,718,718,718,718,718,718,718,718,718,718,718,718,718,718,718,718,718,718,718,718,718,704,704,718,718
Vogelkop-Aru lowland rain forests,718,698,701,0,40.0,97.2,97.6,715,718,718,718,718,718,718,718,718,718,718,718,718,718,718,718,718,718,718,718,718,718,718,718,718,718,718,718,718,718,718,718,718,718,718,718,701,701,718,718
Northern Khorat Plateau moist deciduous forests,705,686,686,0,40.0,97.3,97.3,705,705,705,705,705,705,705,705,705,705,705,705,705,705,705,705,705,705,705,705,705,705,705,705,705,705,705,705,705,705,705,705,705,705,705,705,690,690,701,701
Chocó-Darién moist forests,696,681,683,0,40.0,97.8,98.1,694,696,696,696,696,696,696,696,696,696,696,696,696,696,696,696,696,696,696,696,696,696,696,696,696,696,696,696,696,696,696,696,696,696,696,696,683,683,696,696
"South Arabian fog woodlands, shrublands, and dune",694,657,662,0,40.0,94.7,95.4,679,684,684,684,684,684,684,694,684,684,684,684,684,684,684,684,684,684,684,684,684,684,684,684,684,694,694,694,694,694,694,684,684,684,684,694,662,662,684,684
Jalisco dry forests,692,679,679,0,40.0,98.1,98.1,692,692,692,692,692,692,692,692,692,692,692,692,692,692,692,692,692,692,692,692,692,692,692,692,690,692,692,692,692,692,692,692,692,692,692,692,681,681,692,692
West Siberian taiga,684,660,660,0,40.0,96.5,96.5,684,684,684,684,684,684,684,684,684,684,684,684,684,684,684,684,684,684,684,684,684,684,684,684,684,684,684,684,684,684,684,684,684,684,684,684,660,660,684,684
Central China Loess Plateau mixed forests,683,673,675,0,40.0,98.5,98.8,678,681,681,681,681,681,681,683,681,681,681,681,681,681,681,681,681,681,681,681,681,681,681,681,681,683,683,683,683,683,683,681,681,681,681,683,676,676,680,680
Costa Rican seasonal moist forests,683,664,664,0,40.0,97.2,97.2,682,683,683,683,683,683,683,683,683,683,683,683,683,683,683,683,683,683,683,683,683,683,683,683,683,683,683,683,683,683,683,683,683,683,683,683,664,664,683,683
Southeast Papuan rain forests,680,652,652,0,40.0,95.9,95.9,680,680,680,680,680,680,680,680,680,680,680,680,680,680,680,680,680,680,680,680,680,680,680,680,680,680,680,680,680,680,680,680,680,680,680,680,652,652,680,680
Scandinavian coastal conifer forests,679,663,663,0,40.0,97.6,97.6,678,678,678,678,678,678,678,678,677,677,677,678,678,678,678,678,678,678,678,678,678,678,678,678,676,679,679,679,679,679,679,678,678,678,678,679,665,665,677,677
Northern Mesoamerican Pacific mangroves,668,649,649,0,40.0,97.2,97.2,668,668,668,668,668,668,668,668,668,668,668,668,668,668,668,668,668,668,668,668,668,668,668,668,667,668,668,668,668,668,668,668,668,668,668,668,650,650,668,668
Ucayali moist forests,653,639,640,0,40.0,97.9,98.0,652,653,653,653,653,653,653,653,653,653,653,653,653,653,653,653,653,653,653,653,653,653,653,653,653,653,653,653,653,653,653,653,653,653,653,653,640,640,653,653
Madagascar subhumid forests,648,638,638,0,40.0,98.5,98.5,648,648,648,648,648,648,648,648,648,648,648,648,648,648,648,648,648,648,648,648,648,648,648,648,648,648,648,648,648,648,648,648,648,648,648,648,638,638,648,648
Andaman Islands rain forests,648,627,629,0,40.0,96.8,97.1,639,641,641,641,641,641,641,647,640,641,641,641,641,641,641,641,641,641,641,641,641,641,641,641,641,648,648,648,648,648,648,641,641,641,641,648,629,629,641,641
Nama Karoo shrublands,645,634,640,0,40.0,98.3,99.2,639,645,645,645,645,645,645,645,645,645,645,645,645,645,645,645,645,645,645,645,645,645,645,645,645,645,645,645,645,645,645,645,645,645,645,645,640,640,645,645
Sonoran-Sinaloan subtropical dry forest,639,628,628,0,40.0,98.3,98.3,639,639,639,639,639,639,639,639,639,639,639,639,639,639,639,639,639,639,639,639,639,639,639,639,639,639,639,639,639,639,639,639,639,639,639,639,628,628,639,639
Guinean mangroves,635,622,622,0,40.0,98.0,98.0,635,635,635,635,635,635,635,635,635,635,635,635,635,635,635,635,635,635,635,635,635,635,635,635,635,635,635,635,635,635,635,635,635,635,635,635,622,622,635,635
Chao Phraya lowland moist deciduous forests,622,612,612,0,40.0,98.4,98.4,622,622,622,622,622,622,622,622,622,622,622,622,622,622,622,622,622,622,622,622,622,622,622,622,622,622,622,622,622,622,622,622,622,622,622,622,612,612,622,622
Beni savanna,622,610,610,0,40.0,98.1,98.1,622,622,622,622,622,622,622,622,622,622,622,622,622,622,622,622,622,622,622,622,622,622,622,622,620,622,622,622,622,622,622,622,622,622,622,622,612,612,622,622
Northeast Siberian taiga,620,600,600,0,40.0,96.8,96.8,620,620,620,620,620,620,620,620,620,620,620,620,620,620,620,620,620,620,620,620,620,620,620,620,620,620,620,620,620,620,620,620,620,620,620,620,600,600,620,620
Southwest Arabian coastal xeric shrublands,618,602,602,0,40.0,97.4,97.4,618,618,618,618,618,618,618,618,618,618,618,618,618,618,618,618,618,618,618,618,618,618,618,618,618,618,618,618,618,618,618,618,618,618,618,618,602,602,618,618
Caledon conifer forests,609,589,591,0,40.0,96.7,97.0,606,608,608,608,608,608,608,609,608,608,608,609,609,609,609,609,609,608,608,608,608,608,608,608,608,609,609,609,609,609,609,608,609,609,609,609,592,592,609,609
Djibouti xeric shrublands,609,591,593,0,40.0,97.0,97.4,607,609,609,609,609,609,609,609,609,609,609,609,609,609,609,609,609,609,609,609,609,609,609,609,609,609,609,609,609,609,609,609,609,609,609,609,594,594,608,608
Sierra Madre de Chiapas moist forests,600,598,598,0,40.0,99.7,99.7,600,600,600,600,600,600,600,600,600,600,600,600,600,600,600,600,600,600,600,600,600,600,600,600,600,600,600,600,600,600,600,600,600,600,600,600,598,598,600,600
Eastern Australia mulga shrublands,600,581,582,0,40.0,96.8,97.0,599,600,600,600,600,600,600,600,600,600,600,600,600,600,600,600,600,600,600,600,600,600,600,600,600,600,600,600,600,600,600,600,600,600,600,600,582,582,600,600
East Sudanian savanna,596,587,588,0,40.0,98.5,98.7,595,596,596,596,596,596,596,596,596,596,596,596,596,596,596,596,596,596,596,596,596,596,596,596,596,596,596,596,596,596,596,596,596,596,596,596,588,588,596,596
Yunnan Plateau subtropical evergreen forests,592,588,588,0,40.0,99.3,99.3,592,592,592,592,592,592,592,592,592,592,592,592,592,592,592,592,592,592,592,592,592,592,592,592,592,592,592,592,592,592,592,592,592,592,592,592,588,588,592,592
Sulawesi lowland rain forests,592,579,583,0,40.0,97.8,98.5,587,591,591,591,591,591,591,592,591,591,591,591,591,591,591,591,591,591,591,591,591,591,591,591,591,592,592,592,592,592,592,591,591,591,591,592,583,583,591,591
Tasmanian temperate forests,589,576,578,0,40.0,97.8,98.1,587,589,589,589,589,589,589,589,589,589,589,589,589,589,589,589,589,589,589,589,589,589,589,589,589,589,589,589,589,589,589,589,589,589,589,589,578,578,589,589
Mid-Atlantic US coastal savannas,588,568,568,0,40.0,96.6,96.6,587,587,587,587,587,587,587,586,585,586,586,587,587,587,587,587,587,587,587,587,587,587,587,587,584,588,588,588,588,588,588,587,587,587,587,588,571,571,586,586
Japurá-Solimões-Negro moist forests,587,575,575,0,40.0,98.0,98.0,587,587,587,587,587,587,587,587,587,587,587,587,587,587,587,587,587,587,587,587,587,587,587,587,587,587,587,587,587,587,587,587,587,587,587,587,575,575,587,587
Negro-Branco moist forests,587,579,579,0,40.0,98.6,98.6,587,587,587,587,587,587,587,587,587,587,587,587,587,587,587,587,587,587,587,587,587,587,587,587,587,587,587,587,587,587,587,587,587,587,587,587,579,579,587,587
Borneo montane rain forests,580,567,569,0,40.0,97.8,98.1,577,579,579,579,579,579,579,580,579,579,579,579,579,579,579,579,579,579,579,579,579,579,579,579,579,580,580,580,580,580,580,579,579,579,579,580,569,569,579,579
Southern Anatolian montane conifer and deciduous forests,575,557,557,0,40.0,96.9,96.9,575,575,575,575,575,575,575,575,575,574,574,575,575,575,575,575,575,575,575,575,575,575,575,575,566,575,575,575,575,575,575,575,575,575,575,575,566,566,573,574
Somali Acacia-Commiphora bushlands and thickets,570,563,563,0,40.0,98.8,98.8,570,570,570,570,570,570,570,570,570,570,570,570,570,570,570,570,570,570,570,570,570,570,570,570,570,570,570,570,570,570,570,570,570,570,570,570,563,563,570,570
Northern Rockies conifer forests,564,554,555,0,40.0,98.2,98.4,563,564,564,564,564,564,564,564,564,564,564,564,564,564,564,564,564,564,564,564,564,564,564,564,564,564,564,564,564,564,564,564,564,564,564,564,555,555,564,564
Luzon rain forests,561,491,491,0,40.0,87.5,87.5,497,497,497,497,497,497,497,560,496,497,497,497,497,497,497,497,497,497,497,497,497,497,497,497,497,561,561,561,561,561,561,497,497,497,497,561,491,491,497,497
Western Guinean lowland forests,561,546,549,0,40.0,97.3,97.9,558,561,561,561,561,561,561,561,561,561,561,561,561,561,561,561,561,561,561,561,561,561,561,561,561,561,561,561,561,561,561,561,561,561,561,561,549,549,561,561
Zambezian Baikiaea woodlands,560,544,545,0,40.0,97.1,97.3,559,560,560,560,560,560,560,560,560,560,560,560,560,560,560,560,560,560,560,560,560,560,560,560,560,560,560,560,560,560,560,560,560,560,560,560,545,545,560,560
Halmahera rain forests,559,552,552,0,40.0,98.7,98.7,559,559,559,559,559,559,559,559,559,559,559,559,559,559,559,559,559,559,559,559,559,559,559,559,557,559,559,559,559,559,559,559,559,559,559,559,554,554,559,559
Northern Congolian Forest-Savanna,552,538,542,0,40.0,97.5,98.2,548,552,552,552,552,552,552,552,552,552,552,552,552,552,552,552,552,552,552,552,552,552,552,552,552,552,552,552,552,552,552,552,552,552,552,552,542,542,552,552
Sierra Madre de Oaxaca pine-oak forests,548,540,541,0,40.0,98.5,98.7,547,548,548,548,548,548,548,548,548,548,548,548,548,548,548,548,548,548,548,548,548,548,548,548,548,548,548,548,548,548,548,548,548,548,548,548,541,541,548,548
Kinabalu montane alpine meadows,536,527,528,0,40.0,98.3,98.5,535,536,536,536,536,536,536,536,534,536,536,536,536,536,536,536,536,536,536,536,536,536,536,536,536,536,536,536,536,536,536,536,536,536,536,536,530,529,536,536
Brahmaputra Valley semi-evergreen forests,534,517,517,0,40.0,96.8,96.8,534,534,534,534,534,534,534,533,533,534,534,534,534,534,534,534,534,534,534,534,534,534,534,534,534,534,534,534,534,534,534,534,534,534,534,534,517,517,534,534
Llanos,530,523,524,0,40.0,98.7,98.9,528,530,530,530,530,530,530,530,530,530,530,530,530,530,530,530,530,530,530,530,530,530,530,530,530,530,530,530,530,530,530,530,530,530,530,530,524,524,530,530
Sri Lanka lowland rain forests,530,519,520,0,40.0,97.9,98.1,529,530,530,530,530,530,530,530,530,530,530,530,530,530,530,530,530,530,530,530,530,530,530,530,530,530,530,530,530,530,530,530,530,530,530,530,520,520,530,530
Upper Midwest US forest-savanna transition,527,520,520,0,40.0,98.7,98.7,526,526,526,526,526,526,526,527,526,526,526,526,526,526,526,526,526,526,526,526,526,526,526,526,526,527,527,527,527,527,527,526,526,526,526,527,520,520,526,526
Espinal,526,510,512,0,40.0,97.0,97.3,524,526,526,526,526,526,526,522,522,526,526,526,526,526,526,526,526,526,526,526,526,526,526,526,526,526,526,526,526,526,526,526,526,526,526,526,512,512,526,526
Western Ecuador moist forests,525,516,516,0,40.0,98.3,98.3,524,524,524,524,524,524,524,525,524,524,524,524,524,524,524,524,524,524,524,524,524,524,524,524,524,525,525,525,525,525,525,524,524,524,524,525,516,516,524,524
Ecuadorian dry forests,521,508,508,0,40.0,97.5,97.5,521,521,521,521,521,521,521,521,521,521,521,521,521,521,521,521,521,521,521,521,521,521,521,521,521,521,521,521,521,521,521,521,521,521,521,521,508,508,521,521
Santa Marta montane forests,516,511,511,0,40.0,99.0,99.0,516,516,516,516,516,516,516,516,516,516,516,516,516,516,516,516,516,516,516,516,516,516,516,516,516,516,516,516,516,516,516,516,516,516,516,516,511,511,516,516
Allegheny Highlands forests,516,506,509,0,40.0,98.1,98.6,513,516,516,516,516,516,516,516,516,516,516,516,516,516,516,516,516,516,516,516,516,516,516,516,516,516,516,516,516,516,516,516,516,516,516,516,509,509,516,516
Bolivian montane dry forests,513,505,505,0,40.0,98.4,98.4,513,513,513,513,513,513,513,513,513,513,513,513,513,513,513,513,513,513,513,513,513,513,513,513,513,513,513,513,513,513,513,513,513,513,513,513,505,505,513,513
Western Congolian forest-savanna,512,505,505,0,40.0,98.6,98.6,512,512,512,512,512,512,512,512,512,512,512,512,512,512,512,512,512,512,512,512,512,512,512,512,512,512,512,512,512,512,512,512,512,512,512,512,505,505,512,512
Sierra Madre del Sur pine-oak forests,508,496,504,0,40.0,97.6,99.2,500,508,508,508,508,508,508,508,508,508,508,508,508,508,508,508,508,508,508,508,508,508,508,508,508,508,508,508,508,508,508,508,508,508,508,508,504,504,508,508
Pernambuco coastal forests,508,501,501,0,40.0,98.6,98.6,508,508,508,508,508,508,508,508,508,508,508,508,508,508,508,508,508,508,508,508,508,508,508,508,508,508,508,508,508,508,508,508,508,508,508,508,501,501,508,508
Appenine deciduous montane forests,504,360,360,0,40.0,71.4,71.4,367,367,367,367,367,367,367,503,366,367,367,373,373,373,373,373,373,367,367,367,367,367,367,367,367,504,504,504,504,504,504,367,373,373,373,504,366,366,373,373
California Central Valley grasslands,504,497,497,0,40.0,98.6,98.6,503,503,503,503,503,503,503,504,503,503,503,504,504,504,504,504,504,503,503,503,503,503,503,503,503,504,504,504,504,504,504,503,504,504,504,504,498,498,504,504
Cape York Peninsula tropical savanna,503,487,490,0,40.0,96.8,97.4,500,503,503,503,503,503,503,503,503,503,503,503,503,503,503,503,503,503,503,503,503,503,503,503,503,503,503,503,503,503,503,503,503,503,503,503,490,490,503,503
Apure-Villavicencio dry forests,498,480,480,0,40.0,96.4,96.4,495,495,495,495,495,495,495,498,495,495,493,495,495,495,495,495,495,495,495,495,495,495,495,495,492,498,498,498,498,498,498,495,495,495,495,498,483,483,493,494
Mindanao montane rain forests,491,479,479,0,40.0,97.6,97.6,491,491,491,491,491,491,491,491,491,491,491,491,491,491,491,491,491,491,491,491,491,491,491,491,491,491,491,491,491,491,491,491,491,491,491,491,479,479,491,491
Mojave desert,487,479,479,0,40.0,98.4,98.4,487,487,487,487,487,487,487,487,487,487,487,487,487,487,487,487,487,487,487,487,487,487,487,487,487,487,487,487,487,487,487,487,487,487,487,487,479,479,487,487
Mediterranean Acacia-Argania dry woodlands and succulent thickets,475,463,463,0,40.0,97.5,97.5,473,473,473,473,473,473,473,475,473,473,473,473,473,473,473,473,473,473,473,473,473,473,473,473,472,475,475,475,475,475,475,473,473,473,473,475,464,464,473,473
Nansei Islands subtropical evergreen forests,473,463,463,0,40.0,97.9,97.9,473,473,473,473,473,473,473,472,471,473,473,473,473,473,473,473,473,473,473,473,473,473,473,473,473,473,473,473,473,473,473,473,473,473,473,473,464,463,473,473
Central Pacific Northwest coastal forests,473,460,463,0,40.0,97.3,97.9,469,472,472,472,472,472,472,472,471,472,472,472,472,472,472,472,472,472,472,472,472,472,472,472,472,473,473,473,473,473,473,472,472,472,472,473,466,466,469,469
Snake-Columbia shrub steppe,473,470,470,0,40.0,99.4,99.4,473,473,473,473,473,473,473,473,473,473,473,473,473,473,473,473,473,473,473,473,473,473,473,473,473,473,473,473,473,473,473,473,473,473,473,473,470,470,473,473
Red Sea-Arabian Desert shrublands,472,455,455,0,40.0,96.4,96.4,471,471,471,471,471,471,471,472,471,471,471,471,471,471,471,471,471,471,471,471,471,471,471,471,471,472,472,472,472,472,472,471,471,471,471,472,456,456,470,470
Manchurian mixed forests,468,455,455,0,40.0,97.2,97.2,468,468,468,468,468,468,468,468,468,468,468,468,468,468,468,468,468,468,468,468,468,468,468,468,468,468,468,468,468,468,468,468,468,468,468,468,455,455,468,468
Zambezian-Limpopo mixed woodlands,464,459,460,0,40.0,98.9,99.1,463,464,464,464,464,464,464,464,464,464,464,464,464,464,464,464,464,464,464,464,464,464,464,464,464,464,464,464,464,464,464,464,464,464,464,464,460,460,464,464
Taiheiyo evergreen forests,462,455,456,0,40.0,98.5,98.7,461,462,462,462,462,462,462,462,462,462,462,462,462,462,462,462,462,462,462,462,462,462,462,462,462,462,462,462,462,462,462,462,462,462,462,462,456,456,462,462
Balsas dry forests,461,447,448,0,40.0,97.0,97.2,460,461,461,461,461,461,461,461,461,461,461,461,461,461,461,461,461,461,461,461,461,461,461,461,461,461,461,461,461,461,461,461,461,461,461,461,448,448,461,461
Yucatán moist forests,458,452,456,0,40.0,98.7,99.6,454,458,458,458,458,458,458,458,458,458,458,458,458,458,458,458,458,458,458,458,458,458,458,458,458,458,458,458,458,458,458,458,458,458,458,458,456,456,458,458
Mascarene forests,457,439,439,0,40.0,96.1,96.1,452,452,452,452,452,452,452,457,452,452,452,452,452,452,452,452,452,452,452,452,452,452,452,452,452,457,457,457,457,457,457,452,452,452,452,457,439,439,452,452
East Deccan dry-evergreen forests,456,439,439,0,40.0,96.3,96.3,456,456,456,456,456,456,456,456,456,456,456,456,456,456,456,456,456,456,456,456,456,456,456,456,456,456,456,456,456,456,456,456,456,456,456,456,439,439,456,456
Paraná flooded savanna,455,448,449,0,40.0,98.5,98.7,454,455,455,455,455,455,455,455,455,455,455,455,455,455,455,455,455,455,455,455,455,455,455,455,455,455,455,455,455,455,455,455,455,455,455,455,449,449,455,455
Campos Rupestres montane savanna,453,450,450,0,40.0,99.3,99.3,452,452,452,452,452,452,452,453,452,452,452,452,452,452,452,452,452,452,452,452,452,452,452,452,452,453,453,453,453,453,453,452,452,452,452,453,450,450,452,452
South Arabian plains and plateau desert,449,419,421,0,40.0,93.3,93.8,447,449,449,449,449,449,449,449,449,449,449,449,449,449,449,449,449,449,449,449,449,449,449,449,449,449,449,449,449,449,449,449,449,449,449,449,421,421,449,449
Eastern Cascades forests,446,438,438,0,40.0,98.2,98.2,446,446,446,446,446,446,446,446,446,446,446,446,446,446,446,446,446,446,446,446,446,446,446,446,444,446,446,446,446,446,446,446,446,446,446,446,440,440,446,446
Southern Rift Montane forest-grassland,446,442,442,0,40.0,99.1,99.1,446,446,446,446,446,446,446,446,446,446,446,446,446,446,446,446,446,446,446,446,446,446,446,446,446,446,446,446,446,446,446,446,446,446,446,446,442,442,446,446
Purus várzea,444,438,438,0,40.0,98.6,98.6,444,444,444,444,444,444,444,444,444,444,444,444,444,444,444,444,444,444,444,444,444,444,444,444,444,444,444,444,444,444,444,444,444,444,444,444,438,438,444,444
Sierra Madre Oriental pine-oak forests,443,436,438,0,40.0,98.4,98.9,441,443,443,443,443,443,443,442,442,443,443,443,443,443,443,443,443,443,443,443,443,443,443,443,443,443,443,443,443,443,443,443,443,443,443,443,438,438,443,443
Appalachian mixed mesophytic forests,443,437,437,0,40.0,98.6,98.6,443,443,443,443,443,443,443,443,443,443,443,443,443,443,443,443,443,443,443,443,443,443,443,443,443,443,443,443,443,443,443,443,443,443,443,443,437,437,443,443
Southeast Iberian shrubs and woodlands,442,76,76,0,8.0,17.2,17.2,76,76,76,76,76,76,76,442,76,76,76,76,76,76,76,76,76,76,76,76,76,76,76,76,76,442,442,442,442,442,442,76,76,76,76,442,76,76,76,76
Ethiopian montane grasslands and woodlands,440,427,428,0,40.0,97.0,97.3,439,440,440,440,440,440,440,440,440,440,440,440,440,440,440,440,440,440,440,440,440,440,440,440,440,440,440,440,440,440,440,440,440,440,440,440,428,428,440,440
Northern New Guinea lowland rain and freshwater swamp forests,440,431,431,0,40.0,98.0,98.0,440,440,440,440,440,440,440,440,440,440,440,440,440,440,440,440,440,440,440,440,440,440,440,440,440,440,440,440,440,440,440,440,440,440,440,440,431,431,440,440
Sulawesi montane rain forests,433,428,428,0,40.0,98.8,98.8,433,433,433,433,433,433,433,433,433,433,433,433,433,433,433,433,433,433,433,433,433,433,433,433,433,433,433,433,433,433,433,433,433,433,433,433,428,428,433,433
Tamaulipan mezquital,430,428,428,0,40.0,99.5,99.5,430,430,430,430,430,430,430,430,430,430,430,430,430,430,430,430,430,430,430,430,430,430,430,430,430,430,430,430,430,430,430,430,430,430,430,430,428,428,430,430
Western Java montane rain forests,429,417,418,0,40.0,97.2,97.4,428,429,429,429,429,429,429,429,429,429,429,429,429,429,429,429,429,429,429,429,429,429,429,429,429,429,429,429,429,429,429,429,429,429,429,429,418,418,429,429
Central Asian northern desert,421,393,393,0,40.0,93.3,93.3,406,406,406,406,406,406,406,421,406,406,406,406,406,406,406,406,406,406,406,406,406,406,406,406,406,421,421,421,421,421,421,406,406,406,406,421,395,395,404,404
Corsican montane broadleaf and mixed forests,420,294,294,0,40.0,70.0,70.0,302,302,302,302,302,302,302,420,302,302,302,302,302,302,302,302,302,302,302,302,302,302,302,302,302,420,420,420,420,420,420,302,302,302,302,420,294,294,302,302
Gobi Lakes Valley desert steppe,419,405,406,0,40.0,96.7,96.9,418,419,419,419,419,419,419,419,419,419,419,419,419,419,419,419,419,419,419,419,419,419,419,419,419,419,419,419,419,419,419,419,419,419,419,419,406,406,419,419
Patagonian steppe,417,407,408,0,40.0,97.6,97.8,416,417,417,417,417,417,417,417,417,417,417,417,417,417,417,417,417,417,417,417,417,417,417,417,416,417,417,417,417,417,417,417,417,417,417,417,409,409,417,417
Arabian desert,414,393,394,0,40.0,94.9,95.2,404,405,405,405,405,405,405,414,405,405,405,405,405,405,405,405,405,405,405,405,405,405,405,405,405,414,414,414,414,414,414,405,405,405,405,414,394,394,405,405
Tasmanian temperate rain forests,409,401,405,0,40.0,98.0,99.0,405,409,409,409,409,409,409,409,409,409,409,409,409,409,409,409,409,409,409,409,409,409,409,409,409,409,409,409,409,409,409,409,409,409,409,409,405,405,409,409
East Siberian taiga,408,398,398,0,40.0,97.5,97.5,408,408,408,408,408,408,408,408,408,408,408,408,408,408,408,408,408,408,408,408,408,408,408,408,407,408,408,408,408,408,408,408,408,408,408,408,399,399,408,408
Piney Woods,408,407,407,0,40.0,99.8,99.8,408,408,408,408,408,408,408,407,407,408,408,408,408,408,408,408,408,408,408,408,408,408,408,408,408,408,408,408,408,408,408,408,408,408,408,408,407,407,408,408
Mediterranean dry woodlands and steppe,407,382,382,0,40.0,93.9,93.9,407,407,407,407,407,407,407,407,407,407,407,407,407,407,407,407,407,407,407,407,407,407,407,407,407,407,407,407,407,407,407,407,407,407,407,407,382,382,406,406
Beringia upland tundra,407,400,400,0,40.0,98.3,98.3,407,407,407,407,407,407,407,407,407,406,406,407,407,407,407,407,407,407,407,407,407,407,407,407,405,407,407,407,407,407,407,407,407,407,407,407,402,402,406,406
Tocantins/Pindare moist forests,403,395,395,0,40.0,98.0,98.0,403,403,403,403,403,403,403,403,403,403,403,403,403,403,403,403,403,403,403,403,403,403,403,403,403,403,403,403,403,403,403,403,403,403,403,403,395,395,403,403
Purus-Madeira moist forests,400,395,395,0,40.0,98.8,98.8,400,400,400,400,400,400,400,400,400,400,400,400,400,400,400,400,400,400,400,400,400,400,400,400,400,400,400,400,400,400,400,400,400,400,400,400,395,395,400,400
Elburz Range forest steppe,398,367,367,0,40.0,92.2,92.2,398,398,398,398,398,398,398,398,398,394,394,398,398,398,398,398,398,397,397,397,397,397,397,397,367,398,398,398,398,398,398,398,398,398,398,397,397,397,391,394
Chatham Island temperate forests,395,376,376,0,40.0,95.2,95.2,395,395,395,395,395,395,395,386,386,395,394,395,395,395,395,395,395,395,395,395,395,395,395,395,388,395,395,395,395,395,395,395,395,395,395,395,383,383,393,395
Northern California coastal forests,393,381,382,0,40.0,96.9,97.2,392,393,393,393,393,393,393,393,393,393,393,393,393,393,393,393,393,393,393,393,393,393,393,393,390,393,393,393,393,393,393,393,393,393,393,393,385,385,393,393
Aravalli west thorn scrub forests,393,391,391,0,40.0,99.5,99.5,393,393,393,393,393,393,393,393,393,393,393,393,393,393,393,393,393,393,393,393,393,393,393,393,393,393,393,393,393,393,393,393,393,393,393,393,391,391,393,393
Palouse prairie,392,383,383,0,40.0,97.7,97.7,392,392,392,392,392,392,392,392,392,392,392,392,392,392,392,392,392,392,392,392,392,392,392,392,392,392,392,392,392,392,392,392,392,392,392,392,383,383,392,392
Caspian lowland desert,391,348,348,0,40.0,89.0,89.0,378,378,378,378,378,378,378,391,378,378,378,378,378,378,378,378,378,378,378,378,378,378,378,378,378,391,391,391,391,391,391,378,378,378,378,391,348,348,378,378
Colorado Plateau shrublands,389,359,360,0,40.0,92.3,92.5,366,367,367,367,367,367,367,389,367,367,367,367,367,367,367,367,367,367,367,367,367,367,367,367,367,389,389,389,389,389,389,367,367,367,367,389,360,360,367,367
Pantanal,388,376,376,0,40.0,96.9,96.9,387,387,387,387,387,387,387,388,387,387,387,388,388,388,388,388,388,387,387,387,387,387,387,387,387,388,388,388,388,388,388,387,388,388,388,388,377,377,387,387
Eastern Himalayan subalpine conifer forests,387,382,384,0,40.0,98.7,99.2,385,387,387,387,387,387,387,387,387,387,387,387,387,387,387,387,387,387,387,387,387,387,387,387,387,387,387,387,387,387,387,387,387,387,387,387,384,384,387,387
Guajira-Barranquilla xeric scrub,387,383,383,0,40.0,99.0,99.0,387,387,387,387,387,387,387,387,387,387,387,387,387,387,387,387,387,387,387,387,387,387,387,387,387,387,387,387,387,387,387,387,387,387,387,387,383,383,387,387
Kalaallit Nunaat Arctic steppe,385,378,378,0,40.0,98.2,98.2,385,385,385,385,385,385,385,385,385,385,385,385,385,385,385,385,385,385,385,385,385,385,385,385,385,385,385,385,385,385,385,385,385,385,385,385,378,378,385,385
Hokkaido montane conifer forests,384,379,379,0,40.0,98.7,98.7,384,384,384,384,384,384,384,384,384,384,384,384,384,384,384,384,384,384,384,384,384,384,384,384,384,384,384,384,384,384,384,384,384,384,384,384,379,379,384,384
South Western Ghats moist deciduous forests,383,379,379,0,40.0,99.0,99.0,383,383,383,383,383,383,383,383,383,383,383,383,383,383,383,383,383,383,383,383,383,383,383,383,383,383,383,383,383,383,383,383,383,383,383,383,379,379,383,383
Northern Annamites rain forests,379,374,374,0,40.0,98.7,98.7,379,379,379,379,379,379,379,379,379,379,379,379,379,379,379,379,379,379,379,379,379,379,379,379,379,379,379,379,379,379,379,379,379,379,379,379,375,375,378,378
Southwest Arabian Escarpment shrublands and woodlands,379,357,357,0,40.0,94.2,94.2,379,379,379,379,379,379,379,379,379,379,379,379,379,379,379,379,379,379,379,379,379,379,379,379,379,379,379,379,379,379,379,379,379,379,379,379,367,367,368,368
Renosterveld shrubland,375,366,366,0,40.0,97.6,97.6,375,375,375,375,375,375,375,375,375,375,375,375,375,375,375,375,375,375,375,375,375,375,375,375,375,375,375,375,375,375,375,375,375,375,375,375,366,366,375,375
Humid Chaco,371,358,358,0,40.0,96.5,96.5,371,371,371,371,371,371,371,371,371,371,371,371,371,371,371,371,371,371,371,371,371,371,371,371,371,371,371,371,371,371,371,371,371,371,371,371,360,360,369,369
Daba Mountains evergreen forests,370,366,366,0,40.0,98.9,98.9,370,370,370,370,370,370,370,370,370,370,370,370,370,370,370,370,370,370,370,370,370,370,370,370,370,370,370,370,370,370,370,370,370,370,370,370,366,366,370,370
Oaxacan montane forests,370,365,366,0,40.0,98.6,98.9,369,370,370,370,370,370,370,370,370,370,370,370,370,370,370,370,370,370,370,370,370,370,370,370,370,370,370,370,370,370,370,370,370,370,370,370,366,366,370,370
Selenge-Orkhon forest steppe,369,352,352,0,40.0,95.4,95.4,369,369,369,369,369,369,369,369,369,368,368,369,369,369,369,369,369,369,369,369,369,369,369,369,368,369,369,369,369,369,369,369,369,369,369,369,353,353,368,368
Iquitos várzea,368,360,360,0,40.0,97.8,97.8,368,368,368,368,368,368,368,368,368,368,368,368,368,368,368,368,368,368,368,368,368,368,368,368,368,368,368,368,368,368,368,368,368,368,368,368,360,360,368,368
Sahelian Acacia savanna,368,362,362,0,40.0,98.4,98.4,368,368,368,368,368,368,368,367,367,368,368,368,368,368,368,368,368,368,368,368,368,368,368,368,368,368,368,368,368,368,368,368,368,368,368,368,362,362,368,368
Southeast Australia temperate savanna,368,364,365,0,40.0,98.9,99.2,367,368,368,368,368,368,368,368,368,368,368,368,368,368,368,368,368,368,368,368,368,368,368,368,368,368,368,368,368,368,368,368,368,368,368,368,365,365,368,368
Terai-Duar savanna and grasslands,367,360,360,0,40.0,98.1,98.1,367,367,367,367,367,367,367,367,367,367,367,367,367,367,367,367,367,367,367,367,367,367,367,367,367,367,367,367,367,367,367,367,367,367,367,367,360,360,366,366
Simpson desert,366,358,358,0,40.0,97.8,97.8,366,366,366,366,366,366,366,366,366,366,366,366,366,366,366,366,366,366,366,366,366,366,366,366,366,366,366,366,366,366,366,366,366,366,366,366,358,358,366,366
Kwazulu Natal-Cape coastal forests,365,347,347,0,40.0,95.1,95.1,365,365,365,365,365,365,365,365,365,365,365,365,365,365,365,365,365,365,365,365,365,365,365,365,365,365,365,365,365,365,365,365,365,365,365,365,347,347,365,365
Brigalow tropical savanna,364,357,357,0,40.0,98.1,98.1,364,364,364,364,364,364,364,363,363,364,364,364,364,364,364,364,364,364,364,364,364,364,364,364,364,364,364,364,364,364,364,364,364,364,364,364,357,357,364,364
Altai montane forest and forest steppe,362,350,350,0,40.0,96.7,96.7,362,362,362,362,362,362,362,362,362,362,362,362,362,362,362,362,362,362,362,362,362,362,362,362,362,362,362,362,362,362,362,362,362,362,362,362,350,350,362,362
Sri Lanka dry-zone dry evergreen forests,356,347,348,0,40.0,97.5,97.8,355,356,356,356,356,356,356,356,356,356,356,356,356,356,356,356,356,356,356,356,356,356,356,356,356,356,356,356,356,356,356,356,356,356,356,356,348,348,356,356
Angolan mopane woodlands,355,349,349,0,40.0,98.3,98.3,355,355,355,355,355,355,355,355,355,355,355,355,355,355,355,355,355,355,355,355,355,355,355,355,354,355,355,355,355,355,355,355,355,355,355,355,351,351,354,354
Central British Columbia Mountain forests,348,344,344,0,40.0,98.9,98.9,348,348,348,348,348,348,348,348,348,348,348,348,348,348,348,348,348,348,348,348,348,348,348,348,348,348,348,348,348,348,348,348,348,348,348,348,344,344,348,348
Amur meadow steppe,348,345,345,0,40.0,99.1,99.1,348,348,348,348,348,348,348,348,348,348,348,348,348,348,348,348,348,348,348,348,348,348,348,348,348,348,348,348,348,348,348,348,348,348,348,348,345,345,348,348
Sumatran lowland rain forests,345,341,341,0,40.0,98.8,98.8,345,345,345,345,345,345,345,345,345,345,345,345,345,345,345,345,345,345,345,345,345,345,345,345,345,345,345,345,345,345,345,345,345,345,345,345,341,341,345,345
Mediterranean conifer and mixed forests,344,340,340,0,40.0,98.8,98.8,344,344,344,344,344,344,344,344,344,344,344,344,344,344,344,344,344,344,344,344,344,344,344,344,344,344,344,344,344,344,344,344,344,344,344,344,340,340,344,344
Succulent Karoo xeric shrublands,344,336,336,0,40.0,97.7,97.7,344,344,344,344,344,344,344,344,344,344,344,344,344,344,344,344,344,344,344,344,344,344,344,344,344,344,344,344,344,344,344,344,344,344,344,344,336,336,344,344
Tian Shan montane steppe and meadows,343,341,341,0,40.0,99.4,99.4,343,343,343,343,343,343,343,343,343,343,343,343,343,343,343,343,343,343,343,343,343,343,343,343,343,343,343,343,343,343,343,343,343,343,343,343,341,341,343,343
Montana Valley and Foothill grasslands,342,325,325,0,40.0,95.0,95.0,342,342,342,342,342,342,342,342,342,342,342,342,342,342,342,342,342,342,342,342,342,342,342,342,342,342,342,342,342,342,342,342,342,342,342,342,325,325,342,342
Lower Gangetic Plains moist deciduous forests,340,325,331,0,40.0,95.6,97.4,334,340,340,340,340,340,340,340,340,340,340,340,340,340,340,340,340,340,340,340,340,340,340,340,340,340,340,340,340,340,340,340,340,340,340,340,331,331,340,340
South Central Rockies forests,338,332,332,0,40.0,98.2,98.2,337,337,337,337,337,337,337,338,337,337,337,337,337,337,337,337,337,337,337,337,337,337,337,337,337,338,338,338,338,338,338,337,337,337,337,338,332,332,337,337
Sumatran montane rain forests,338,333,333,0,40.0,98.5,98.5,337,337,337,337,337,337,337,338,337,337,337,337,337,337,337,337,337,337,337,337,337,337,337,337,337,338,338,338,338,338,338,337,337,337,337,338,333,333,337,337
Palawan rain forests,331,317,317,0,40.0,95.8,95.8,323,323,323,323,323,323,323,331,323,323,323,323,323,323,323,323,323,323,323,323,323,323,323,323,323,331,331,331,331,331,331,323,323,323,323,331,317,317,323,323
Madeira evergreen forests,330,320,320,0,40.0,97.0,97.0,326,326,326,326,326,326,326,328,324,326,326,326,326,326,326,326,326,326,326,326,326,326,326,326,326,330,330,330,330,330,330,326,326,326,326,330,320,320,326,326
Southern Atlantic Brazilian mangroves,328,321,321,0,40.0,97.9,97.9,328,328,328,328,328,328,328,328,328,328,328,328,328,328,328,328,328,328,328,328,328,328,328,328,328,328,328,328,328,328,328,328,328,328,328,328,321,321,328,328
North Saharan Xeric Steppe and Woodland,326,314,314,0,40.0,96.3,96.3,326,326,326,326,326,326,326,326,326,326,326,326,326,326,326,326,326,326,326,326,326,326,326,326,326,326,326,326,326,326,326,326,326,326,326,326,314,314,326,326
Central-Southern US mixed grasslands,325,313,315,0,40.0,96.3,96.9,323,325,325,325,325,325,325,321,321,325,325,325,325,325,325,325,325,325,325,325,325,325,325,325,325,325,325,325,325,325,325,325,325,325,325,325,315,315,325,325
Nujiang Langcang Gorge alpine conifer and mixed forests,323,318,318,0,40.0,98.5,98.5,323,323,323,323,323,323,323,323,323,323,323,323,323,323,323,323,323,323,323,323,323,323,323,323,323,323,323,323,323,323,323,323,323,323,323,323,318,318,323,323
Monte Alegre várzea,320,318,318,0,40.0,99.4,99.4,320,320,320,320,320,320,320,320,320,320,320,320,320,320,320,320,320,320,320,320,320,320,320,320,320,320,320,320,320,320,320,320,320,320,320,320,318,318,320,320
Chiquitano dry forests,318,314,314,0,40.0,98.7,98.7,318,318,318,318,318,318,318,318,318,318,318,318,318,318,318,318,318,318,318,318,318,318,318,318,318,318,318,318,318,318,318,318,318,318,318,318,314,314,318,318
Khathiar-Gir dry deciduous forests,317,307,310,0,40.0,96.8,97.8,314,317,317,317,317,317,317,317,317,317,317,317,317,317,317,317,317,317,317,317,317,317,317,317,317,317,317,317,317,317,317,317,317,317,317,317,310,310,317,317
Southwest Arabian montane woodlands and grasslands,317,306,308,0,40.0,96.5,97.2,315,317,317,317,317,317,317,317,317,317,317,317,317,317,317,317,317,317,317,317,317,317,317,317,317,317,317,317,317,317,317,317,317,317,317,317,310,310,315,315
South Deccan Plateau dry deciduous forests,313,306,307,0,40.0,97.8,98.1,312,313,313,313,313,313,313,312,312,313,313,313,313,313,313,313,313,313,313,313,313,313,313,313,313,313,313,313,313,313,313,313,313,313,313,313,307,307,313,313
Southern Cone Mesopotamian savanna,311,308,308,0,40.0,99.0,99.0,311,311,311,311,311,311,311,311,311,311,311,311,311,311,311,311,311,311,311,311,311,311,311,311,311,311,311,311,311,311,311,311,311,311,311,311,308,308,311,311
Brooks-British Range tundra,310,300,300,0,40.0,96.8,96.8,310,310,310,310,310,310,310,310,310,310,310,310,310,310,310,310,310,310,310,310,310,310,310,310,310,310,310,310,310,310,310,310,310,310,310,310,300,300,310,310
Ozark Highlands mixed forests,309,308,308,0,40.0,99.7,99.7,309,309,309,309,309,309,309,309,309,309,309,309,309,309,309,309,309,309,309,309,309,309,309,309,309,309,309,309,309,309,309,309,309,309,309,309,308,308,309,309
Maranhão Babaçu forests,306,298,299,0,40.0,97.4,97.7,305,306,306,306,306,306,306,306,306,306,306,306,306,306,306,306,306,306,306,306,306,306,306,306,306,306,306,306,306,306,306,306,306,306,306,306,299,299,306,306
Magellanic subpolar forests,305,299,301,0,40.0,98.0,98.7,302,304,304,304,304,304,304,305,304,304,304,305,305,305,305,305,305,304,304,304,304,304,304,304,304,305,305,305,305,305,305,304,305,305,305,305,302,302,305,305
Appalachian Piedmont forests,304,297,297,0,40.0,97.7,97.7,304,304,304,304,304,304,304,304,304,304,304,304,304,304,304,304,304,304,304,304,304,304,304,304,304,304,304,304,304,304,304,304,304,304,304,304,297,297,304,304
Al-Hajar foothill xeric woodlands and shrublands,302,290,292,0,40.0,96.0,96.7,300,302,302,302,302,302,302,302,302,302,302,302,302,302,302,302,302,302,302,302,302,302,302,302,302,302,302,302,302,302,302,302,302,302,302,302,292,292,302,302
Azerbaijan shrub desert and steppe,301,295,296,0,40.0,98.0,98.3,300,301,301,301,301,301,301,301,301,301,301,301,301,301,301,301,301,301,301,301,301,301,301,301,301,301,301,301,301,301,301,301,301,301,301,301,296,296,301,301
Arctic coastal tundra,292,290,290,0,40.0,99.3,99.3,292,292,292,292,292,292,292,292,292,292,292,292,292,292,292,292,292,292,292,292,292,292,292,292,292,292,292,292,292,292,292,292,292,292,292,292,290,290,292,292
Ussuri broadleaf and mixed forests,291,284,284,0,40.0,97.6,97.6,291,291,291,291,291,291,291,291,291,291,291,291,291,291,291,291,291,291,291,291,291,291,291,291,291,291,291,291,291,291,291,291,291,291,291,291,284,284,291,291
Drakensberg grasslands,290,283,283,0,40.0,97.6,97.6,289,289,289,289,289,289,289,290,289,289,289,289,289,289,289,289,289,289,289,289,289,289,289,289,289,290,290,290,290,290,290,289,289,289,289,290,283,283,289,289
Mesoamerican Gulf-Caribbean mangroves,287,269,272,0,40.0,93.7,94.8,273,276,276,276,276,276,276,287,276,276,276,276,276,276,276,276,276,276,276,276,276,276,276,276,276,287,287,287,287,287,287,276,276,276,276,287,272,272,276,276
Rio Negro campinarana,286,281,281,0,40.0,98.3,98.3,286,286,286,286,286,286,286,285,285,286,286,286,286,286,286,286,286,286,286,286,286,286,286,286,286,286,286,286,286,286,286,286,286,286,286,286,281,281,286,286
Tian Shan foothill arid steppe,284,267,268,0,40.0,94.0,94.4,269,270,270,270,270,270,270,284,270,270,270,270,270,270,270,270,270,270,270,270,270,270,270,270,270,284,284,284,284,284,284,270,270,270,270,284,268,268,270,270
Northeast China Plain deciduous forests,282,276,276,0,40.0,97.9,97.9,282,282,282,282,282,282,282,282,282,282,282,282,282,282,282,282,282,282,282,282,282,282,282,282,282,282,282,282,282,282,282,282,282,282,282,282,276,276,282,282
Dinaric Mountains mixed forests,282,241,242,0,40.0,85.5,85.8,249,250,250,250,250,250,250,282,250,248,248,250,250,250,250,250,250,250,250,250,250,250,250,250,243,282,282,282,282,282,282,250,250,250,250,282,249,249,248,248
Suiphun-Khanka meadows and forest meadows,281,265,265,0,40.0,94.3,94.3,281,281,281,281,281,281,281,281,280,281,281,281,281,281,281,281,281,281,281,281,281,281,281,281,281,281,281,281,281,281,281,281,281,281,281,281,266,265,281,281
Pernambuco interior forests,280,277,278,0,40.0,98.9,99.3,279,280,280,280,280,280,280,280,280,280,280,280,280,280,280,280,280,280,280,280,280,280,280,280,280,280,280,280,280,280,280,280,280,280,280,280,278,278,280,280
Sechura desert,274,266,266,0,40.0,97.1,97.1,273,273,273,273,273,273,273,274,273,273,273,273,273,273,273,273,273,273,273,273,273,273,273,273,273,274,274,274,274,274,274,273,273,273,273,274,267,267,272,272
Bahamian-Antillean mangroves,270,267,268,0,40.0,98.9,99.3,269,270,270,270,270,270,270,270,270,270,270,270,270,270,270,270,270,270,270,270,270,270,270,270,270,270,270,270,270,270,270,270,270,270,270,270,268,268,270,270
Central Andean wet puna,267,257,257,0,40.0,96.3,96.3,267,267,267,267,267,267,267,267,267,267,267,267,267,267,267,267,267,267,267,267,267,267,267,267,267,267,267,267,267,267,267,267,267,267,267,267,257,257,267,267
Greater Negros-Panay rain forests,267,256,259,0,40.0,95.9,97.0,264,267,267,267,267,267,267,267,267,267,267,267,267,267,267,267,267,267,267,267,267,267,267,267,267,267,267,267,267,267,267,267,267,267,267,267,259,259,267,267
Rodope montane mixed forests,267,225,225,0,40.0,84.3,84.3,230,230,230,230,230,230,230,267,230,229,228,230,230,230,230,230,230,229,229,229,229,229,229,229,228,267,267,267,267,267,267,230,230,230,230,266,226,226,228,229
Central Korean deciduous forests,264,261,262,0,40.0,98.9,99.2,263,264,264,264,264,264,264,263,263,264,264,264,264,264,264,264,264,264,264,264,264,264,264,264,264,264,264,264,264,264,264,264,264,264,264,264,262,262,264,264
Nihonkai montane deciduous forests,262,261,261,0,40.0,99.6,99.6,262,262,262,262,262,262,262,262,262,262,262,262,262,262,262,262,262,262,262,262,262,262,262,262,262,262,262,262,262,262,262,262,262,262,262,262,261,261,262,262
Gissaro-Alai open woodlands,262,260,260,0,40.0,99.2,99.2,262,262,262,262,262,262,262,262,262,262,262,262,262,262,262,262,262,262,262,262,262,262,262,262,262,262,262,262,262,262,262,262,262,262,262,262,260,260,262,262
Magdalena-Urabá moist forests,258,250,251,0,40.0,96.9,97.3,257,258,258,258,258,258,258,257,257,258,258,258,258,258,258,258,258,258,258,258,258,258,258,258,258,258,258,258,258,258,258,258,258,258,258,258,251,251,258,258
Congolian coastal forests,255,252,252,0,40.0,98.8,98.8,255,255,255,255,255,255,255,254,254,255,255,255,255,255,255,255,255,255,255,255,255,255,255,255,255,255,255,255,255,255,255,255,255,255,255,255,252,252,255,255
Solimões-Japurá moist forests,255,247,247,0,40.0,96.9,96.9,255,255,255,255,255,255,255,254,254,255,255,255,255,255,255,255,255,255,255,255,255,255,255,255,255,255,255,255,255,255,255,255,255,255,255,255,248,248,253,253
Vogelkop montane rain forests,255,252,252,0,40.0,98.8,98.8,255,255,255,255,255,255,255,255,255,255,255,255,255,255,255,255,255,255,255,255,255,255,255,255,255,255,255,255,255,255,255,255,255,255,255,255,252,252,255,255
North Western Ghats moist deciduous forests,255,244,245,0,40.0,95.7,96.1,254,255,255,255,255,255,255,251,251,255,255,255,255,255,255,255,255,255,255,255,255,255,255,255,255,255,255,255,255,255,255,255,255,255,255,255,246,246,254,254
Chin Hills-Arakan Yoma montane forests,254,249,249,0,40.0,98.0,98.0,254,254,254,254,254,254,254,254,254,254,254,254,254,254,254,254,254,254,254,254,254,254,254,254,254,254,254,254,254,254,254,254,254,254,254,254,250,250,253,253
Kalahari xeric savanna,252,248,248,0,40.0,98.4,98.4,252,252,252,252,252,252,252,252,252,252,252,252,252,252,252,252,252,252,252,252,252,252,252,252,252,252,252,252,252,252,252,252,252,252,252,252,248,248,252,252
New Zealand North Island temperate forests,252,247,247,0,40.0,98.0,98.0,252,252,252,252,252,252,252,251,251,252,252,252,252,252,252,252,252,252,252,252,252,252,252,252,252,252,252,252,252,252,252,252,252,252,252,252,247,247,252,252
Mississippi lowland forests,252,248,249,0,40.0,98.4,98.8,251,252,252,252,252,252,252,252,252,252,252,252,252,252,252,252,252,252,252,252,252,252,252,252,252,252,252,252,252,252,252,252,252,252,252,252,249,249,252,252
Northeast Himalayan subalpine conifer forests,250,247,247,0,40.0,98.8,98.8,250,250,250,250,250,250,250,250,250,250,250,250,250,250,250,250,250,250,250,250,250,250,250,250,250,250,250,250,250,250,250,250,250,250,250,250,247,247,250,250
Narmada Valley dry deciduous forests,247,238,239,0,40.0,96.4,96.8,246,247,247,247,247,247,247,241,241,247,247,247,247,247,247,247,247,247,247,247,247,247,247,247,247,247,247,247,247,247,247,247,247,247,247,247,240,240,245,245
Everglades flooded grasslands,246,238,238,0,40.0,96.7,96.7,246,246,246,246,246,246,246,245,245,246,246,246,246,246,246,246,246,246,246,246,246,246,246,246,246,246,246,246,246,246,246,246,246,246,246,246,238,238,246,246
Central Andean puna,244,239,240,0,40.0,98.0,98.4,243,244,244,244,244,244,244,244,244,244,244,244,244,244,244,244,244,244,244,244,244,244,244,244,244,244,244,244,244,244,244,244,244,244,244,244,240,240,244,244
Jamaican moist forests,242,236,236,0,40.0,97.5,97.5,242,242,242,242,242,242,242,242,242,242,242,242,242,242,242,242,242,242,242,242,242,242,242,242,242,242,242,242,242,242,242,242,242,242,242,242,236,236,242,242
Gariep Karoo,242,234,235,0,40.0,96.7,97.1,241,242,242,242,242,242,242,242,242,242,242,242,242,242,242,242,242,242,242,242,242,242,242,242,242,242,242,242,242,242,242,242,242,242,242,242,235,235,242,242
Meghalaya subtropical forests,240,237,238,0,40.0,98.8,99.2,239,240,240,240,240,240,240,240,240,240,240,240,240,240,240,240,240,240,240,240,240,240,240,240,240,240,240,240,240,240,240,240,240,240,240,240,238,238,240,240
Mizoram-Manipur-Kachin rain forests,240,229,229,0,40.0,95.4,95.4,240,240,240,240,240,240,240,236,236,240,240,240,240,240,240,240,240,240,240,240,240,240,240,240,240,240,240,240,240,240,240,240,240,240,240,240,230,230,239,239
Hispaniolan moist forests,237,227,227,0,40.0,95.8,95.8,237,237,237,237,237,237,237,237,237,237,237,237,237,237,237,237,237,237,237,237,237,237,237,237,237,237,237,237,237,237,237,237,237,237,237,237,227,227,237,237
Alaska-St. Elias Range tundra,235,233,234,0,40.0,99.1,99.6,234,235,235,235,235,235,235,235,235,235,235,235,235,235,235,235,235,235,235,235,235,235,235,235,235,235,235,235,235,235,235,235,235,235,235,235,234,234,235,235
Kazakh steppe,233,224,227,0,40.0,96.1,97.4,230,233,233,233,233,233,233,233,233,233,233,233,233,233,233,233,233,233,233,233,233,233,233,233,233,233,233,233,233,233,233,233,233,233,233,233,227,227,233,233
Qin Ling Mountains deciduous forests,228,225,225,0,40.0,98.7,98.7,228,228,228,228,228,228,228,228,228,228,228,228,228,228,228,228,228,228,228,228,228,228,228,228,228,228,228,228,228,228,228,228,228,228,228,228,225,225,228,228
Southern Mesoamerican Pacific mangroves,226,219,219,0,40.0,96.9,96.9,226,226,226,226,226,226,226,226,226,226,226,226,226,226,226,226,226,226,226,226,226,226,226,226,226,226,226,226,226,226,226,226,226,226,226,226,219,219,226,226
Caribbean shrublands,225,165,166,0,40.0,73.3,73.8,166,167,167,167,167,167,167,225,167,167,167,167,167,167,167,167,167,167,167,167,167,167,167,167,167,225,225,225,225,225,225,167,167,167,167,225,166,166,167,167
Maputaland coastal forests and woodlands,223,208,209,0,40.0,93.3,93.7,211,213,213,213,213,213,213,223,213,213,213,213,213,213,213,213,213,213,213,213,213,213,213,213,212,223,223,223,223,223,223,213,213,213,213,223,210,210,213,213
Hokkaido deciduous forests,220,203,203,0,40.0,92.3,92.3,210,210,210,210,210,210,210,218,207,210,210,210,210,210,210,210,210,210,210,210,210,210,210,210,210,220,220,220,220,220,220,210,210,210,210,220,204,203,210,210
Cardamom Mountains rain forests,219,218,218,0,40.0,99.5,99.5,219,219,219,219,219,219,219,219,219,219,219,219,219,219,219,219,219,219,219,219,219,219,219,219,219,219,219,219,219,219,219,219,219,219,219,219,218,218,219,219
Eastern Anatolian montane steppe,218,215,215,0,40.0,98.6,98.6,218,218,218,218,218,218,218,218,218,218,218,218,218,218,218,218,218,218,218,218,218,218,218,218,218,218,218,218,218,218,218,218,218,218,218,218,215,215,218,218
North Western Ghats montane rain forests,217,206,207,0,40.0,94.9,95.4,216,217,217,217,217,217,217,216,216,217,217,217,217,217,217,217,217,217,217,217,217,217,217,217,217,217,217,217,217,217,217,217,217,217,217,217,207,207,217,217
Crimean Submediterranean forest complex,217,210,210,0,40.0,96.8,96.8,217,217,217,217,217,217,217,216,216,217,217,217,217,217,217,217,217,217,217,217,217,217,217,217,217,217,217,217,217,217,217,217,217,217,217,217,210,210,217,217
Granitic Seychelles forests,216,214,214,0,40.0,99.1,99.1,216,216,216,216,216,216,216,216,216,216,216,216,216,216,216,216,216,216,216,216,216,216,216,216,216,216,216,216,216,216,216,216,216,216,216,216,214,214,216,216
Mid-Canada Boreal Plains forests,215,199,200,0,40.0,92.6,93.0,211,212,212,212,212,212,212,215,212,212,212,212,212,212,212,212,212,212,212,212,212,212,212,212,212,215,215,215,215,215,215,212,212,212,212,215,200,200,212,212
Euxine-Colchic broadleaf forests,215,199,202,0,40.0,92.6,94.0,212,215,215,215,215,215,215,215,215,215,215,215,215,215,215,215,215,215,215,215,215,215,215,215,215,215,215,215,215,215,215,215,215,215,215,215,202,202,215,215
New Britain-New Ireland lowland rain forests,215,215,215,0,40.0,100.0,100.0,215,215,215,215,215,215,215,215,215,215,215,215,215,215,215,215,215,215,215,215,215,215,215,215,215,215,215,215,215,215,215,215,215,215,215,215,215,215,215,215
Eastern Java-Bali montane rain forests,214,209,209,0,40.0,97.7,97.7,214,214,214,214,214,214,214,213,213,214,214,214,214,214,214,214,214,214,214,214,214,214,214,214,214,214,214,214,214,214,214,214,214,214,214,214,209,209,214,214
"São Tomé, Príncipe, and Annobón forests",213,212,212,0,40.0,99.5,99.5,213,213,213,213,213,213,213,213,213,213,213,213,213,213,213,213,213,213,213,213,213,213,213,213,213,213,213,213,213,213,213,213,213,213,213,213,212,212,213,213
Lesser Sundas deciduous forests,213,205,205,0,40.0,96.2,96.2,213,213,213,213,213,213,213,213,213,213,213,213,213,213,213,213,213,213,213,213,213,213,213,213,213,213,213,213,213,213,213,213,213,213,213,213,205,205,213,213
North Cascades conifer forests,212,208,208,0,40.0,98.1,98.1,212,212,212,212,212,212,212,212,212,212,212,212,212,212,212,212,212,212,212,212,212,212,212,212,212,212,212,212,212,212,212,212,212,212,212,212,208,208,212,212
Cuban moist forests,212,209,209,0,40.0,98.6,98.6,212,212,212,212,212,212,212,212,212,212,212,212,212,212,212,212,212,212,212,212,212,212,212,212,212,212,212,212,212,212,212,212,212,212,212,212,209,209,212,212
Kimberly tropical savanna,211,205,206,0,40.0,97.2,97.6,210,211,211,211,211,211,211,211,211,211,211,211,211,211,211,211,211,211,211,211,211,211,211,211,211,211,211,211,211,211,211,211,211,211,211,211,206,206,211,211
Western Java rain forests,211,202,202,0,40.0,95.7,95.7,203,203,203,203,203,203,203,211,203,203,203,203,203,203,203,203,203,203,203,203,203,203,203,203,203,211,211,211,211,211,211,203,203,203,203,211,202,202,203,203
Hawai'i tropical moist forests,210,207,207,0,40.0,98.6,98.6,210,210,210,210,210,210,210,210,210,210,210,210,210,210,210,210,210,210,210,210,210,210,210,210,210,210,210,210,210,210,210,210,210,210,210,210,207,207,210,210
South Iran Nubo-Sindian desert and semi-desert,208,206,206,0,40.0,99.0,99.0,208,208,208,208,208,208,208,208,208,208,208,208,208,208,208,208,208,208,208,208,208,208,208,208,208,208,208,208,208,208,208,208,208,208,208,208,206,206,208,208
Indus River Delta-Arabian Sea mangroves,207,203,203,0,40.0,98.1,98.1,207,207,207,207,207,207,207,207,207,207,207,207,207,207,207,207,207,207,207,207,207,207,207,207,207,207,207,207,207,207,207,207,207,207,207,207,203,203,207,207
Drakensberg Escarpment savanna and thicket,205,199,199,0,40.0,97.1,97.1,205,205,205,205,205,205,205,202,202,205,205,205,205,205,205,205,205,205,205,205,205,205,205,205,205,205,205,205,205,205,205,205,205,205,205,205,199,199,205,205
Central Andean dry puna,201,196,197,0,40.0,97.5,98.0,200,201,201,201,201,201,201,201,201,201,201,201,201,201,201,201,201,201,201,201,201,201,201,201,201,201,201,201,201,201,201,201,201,201,201,201,197,197,201,201
Trans-Baikal conifer forests,199,196,196,0,40.0,98.5,98.5,199,199,199,199,199,199,199,199,199,199,199,199,199,199,199,199,199,199,199,199,199,199,199,199,199,199,199,199,199,199,199,199,199,199,199,199,196,196,199,199
Deccan thorn scrub forests,199,198,199,0,40.0,99.5,100.0,198,199,199,199,199,199,199,199,199,199,199,199,199,199,199,199,199,199,199,199,199,199,199,199,199,199,199,199,199,199,199,199,199,199,199,199,199,199,199,199
Central Congolian lowland forests,198,193,193,0,40.0,97.5,97.5,198,198,198,198,198,198,198,198,198,198,198,198,198,198,198,198,198,198,198,198,198,198,198,198,198,198,198,198,198,198,198,198,198,198,198,198,193,193,198,198
Central-Southern Cascades Forests,196,192,193,0,40.0,98.0,98.5,194,195,195,195,195,195,195,196,195,195,195,195,195,195,195,195,195,195,195,195,195,195,195,195,195,196,196,196,196,196,196,195,195,195,195,196,193,193,195,195
Panamanian dry forests,195,193,193,0,40.0,99.0,99.0,195,195,195,195,195,195,195,195,195,195,195,195,195,195,195,195,195,195,195,195,195,195,195,195,195,195,195,195,195,195,195,195,195,195,195,195,193,193,195,195
Northern Thailand-Laos moist deciduous forests,194,194,194,0,40.0,100.0,100.0,194,194,194,194,194,194,194,194,194,194,194,194,194,194,194,194,194,194,194,194,194,194,194,194,194,194,194,194,194,194,194,194,194,194,194,194,194,194,194,194
Central Deccan Plateau dry deciduous forests,194,191,191,0,40.0,98.5,98.5,194,194,194,194,194,194,194,193,193,194,194,194,194,194,194,194,194,194,194,194,194,194,194,194,194,194,194,194,194,194,194,194,194,194,194,194,191,191,194,194
Cuban dry forests,194,190,191,0,40.0,97.9,98.5,193,194,194,194,194,194,194,193,193,194,194,194,194,194,194,194,194,194,194,194,194,194,194,194,194,194,194,194,194,194,194,194,194,194,194,194,191,191,194,194
Flinders-Lofty montane woodlands,194,188,189,0,40.0,96.9,97.4,193,194,194,194,194,194,194,194,194,194,194,194,194,194,194,194,194,194,194,194,194,194,194,194,194,194,194,194,194,194,194,194,194,194,194,194,189,189,194,194
Galápagos Islands xeric scrub,192,187,187,0,40.0,97.4,97.4,192,192,192,192,192,192,192,192,192,192,192,192,192,192,192,192,192,192,192,192,192,192,192,192,192,192,192,192,192,192,192,192,192,192,192,192,187,187,192,192
Alaska Peninsula montane taiga,187,187,187,0,40.0,100.0,100.0,187,187,187,187,187,187,187,187,187,187,187,187,187,187,187,187,187,187,187,187,187,187,187,187,187,187,187,187,187,187,187,187,187,187,187,187,187,187,187,187
Lara-Falcón dry forests,182,174,177,0,40.0,95.6,97.3,178,181,181,181,181,181,181,178,177,181,181,182,182,182,182,182,182,181,181,181,181,181,181,181,181,182,182,182,182,182,182,181,182,182,182,182,178,178,182,182
Cook Inlet taiga,182,180,180,0,40.0,98.9,98.9,182,182,182,182,182,182,182,182,182,182,182,182,182,182,182,182,182,182,182,182,182,182,182,182,182,182,182,182,182,182,182,182,182,182,182,182,180,180,182,182
Great Basin montane forests,182,179,179,0,40.0,98.4,98.4,182,182,182,182,182,182,182,182,182,182,182,182,182,182,182,182,182,182,182,182,182,182,182,182,182,182,182,182,182,182,182,182,182,182,182,182,179,179,182,182
Guinean montane forests,182,177,177,0,40.0,97.3,97.3,182,182,182,182,182,182,182,182,182,182,182,182,182,182,182,182,182,182,182,182,182,182,182,182,182,182,182,182,182,182,182,182,182,182,182,182,177,177,182,182
Eastern Java-Bali rain forests,178,169,169,0,40.0,94.9,94.9,178,178,178,178,178,178,178,178,178,178,178,178,178,178,178,178,178,178,178,178,178,178,178,178,178,178,178,178,178,178,178,178,178,178,178,178,169,169,178,178
Northeast India-Myanmar pine forests,176,171,171,0,40.0,97.2,97.2,176,176,176,176,176,176,176,176,176,176,176,176,176,176,176,176,176,176,176,176,176,176,176,176,176,176,176,176,176,176,176,176,176,176,176,176,171,171,176,176
Guizhou Plateau broadleaf and mixed forests,173,171,171,0,40.0,98.8,98.8,173,173,173,173,173,173,173,173,173,173,173,173,173,173,173,173,173,173,173,173,173,173,173,173,173,173,173,173,173,173,173,173,173,173,173,173,171,171,173,173
Einasleigh upland savanna,171,166,166,0,40.0,97.1,97.1,171,171,171,171,171,171,171,171,171,171,171,171,171,171,171,171,171,171,171,171,171,171,171,171,171,171,171,171,171,171,171,171,171,171,171,171,166,166,171,171
Yucatán dry forests,171,161,163,0,40.0,94.2,95.3,167,169,169,169,169,169,169,171,169,169,169,169,169,169,169,169,169,169,169,169,169,169,169,169,169,171,171,171,171,171,171,169,169,169,169,171,163,163,169,169
Wasatch and Uinta montane forests,168,166,166,0,40.0,98.8,98.8,167,167,167,167,167,167,167,168,167,167,167,167,167,167,167,167,167,167,167,167,167,167,167,167,167,168,168,168,168,168,168,167,167,167,167,168,166,166,167,167
Canadian Aspen forests and parklands,166,163,163,0,40.0,98.2,98.2,166,166,166,166,166,166,166,166,166,166,166,166,166,166,166,166,166,166,166,166,166,166,166,166,166,166,166,166,166,166,166,166,166,166,166,166,163,163,166,166
Himalayan subtropical broadleaf forests,165,160,160,0,40.0,97.0,97.0,165,165,165,165,165,165,165,165,165,165,165,165,165,165,165,165,165,165,165,165,165,165,165,165,165,165,165,165,165,165,165,165,165,165,165,165,160,160,165,165
Caatinga Enclaves moist forests,164,163,163,0,40.0,99.4,99.4,164,164,164,164,164,164,164,164,164,164,164,164,164,164,164,164,164,164,164,164,164,164,164,164,164,164,164,164,164,164,164,164,164,164,164,164,163,163,164,164
Puerto Rican moist forests,162,159,159,0,40.0,98.1,98.1,162,162,162,162,162,162,162,162,162,162,162,162,162,162,162,162,162,162,162,162,162,162,162,162,162,162,162,162,162,162,162,162,162,162,162,162,159,159,162,162
Karakoram-West Tibetan Plateau alpine steppe,161,156,157,0,40.0,96.9,97.5,160,161,161,161,161,161,161,161,161,161,161,161,161,161,161,161,161,161,161,161,161,161,161,161,161,161,161,161,161,161,161,161,161,161,161,161,157,157,161,161
Tumbes-Piura dry forests,160,158,158,0,40.0,98.8,98.8,160,160,160,160,160,160,160,160,160,160,160,160,160,160,160,160,160,160,160,160,160,160,160,160,160,160,160,160,160,160,160,160,160,160,160,160,158,158,160,160
High Monte,158,151,151,0,40.0,95.6,95.6,158,158,158,158,158,158,158,158,158,158,158,158,158,158,158,158,158,158,158,158,158,158,158,158,157,158,158,158,158,158,158,158,158,158,158,158,152,152,157,158
Central Asian southern desert,158,155,155,0,40.0,98.1,98.1,158,158,158,158,158,158,158,158,158,158,158,158,158,158,158,158,158,158,158,158,158,158,158,158,158,158,158,158,158,158,158,158,158,158,158,158,155,155,158,158
Eastern Gobi desert steppe,156,155,155,0,40.0,99.4,99.4,156,156,156,156,156,156,156,156,156,156,156,156,156,156,156,156,156,156,156,156,156,156,156,156,156,156,156,156,156,156,156,156,156,156,156,156,155,155,156,156
Sierra de los Tuxtlas,153,152,152,0,40.0,99.3,99.3,153,153,153,153,153,153,153,153,153,153,153,153,153,153,153,153,153,153,153,153,153,153,153,153,153,153,153,153,153,153,153,153,153,153,153,153,152,152,153,153
Central Tibetan Plateau alpine steppe,151,146,146,0,40.0,96.7,96.7,151,151,151,151,151,151,151,151,151,151,151,151,151,151,151,151,151,151,151,151,151,151,151,151,151,151,151,151,151,151,151,151,151,151,151,151,146,146,151,151
Edwards Plateau savanna,150,144,144,0,40.0,96.0,96.0,150,150,150,150,150,150,150,150,150,150,150,150,150,150,150,150,150,150,150,150,150,150,150,150,150,150,150,150,150,150,150,150,150,150,150,150,144,144,150,150
Cape Verde Islands dry forests,150,146,146,0,40.0,97.3,97.3,150,150,150,150,150,150,150,150,150,150,150,150,150,150,150,150,150,150,150,150,150,150,150,150,150,150,150,150,150,150,150,150,150,150,150,150,146,146,150,150
Mentawai Islands rain forests,149,143,143,0,40.0,96.0,96.0,149,149,149,149,149,149,149,149,149,149,149,149,149,149,149,149,149,149,149,149,149,149,149,149,149,149,149,149,149,149,149,149,149,149,149,149,143,143,149,149
Southern Vietnam lowland dry forests,147,142,142,0,40.0,96.6,96.6,146,146,146,146,146,146,146,147,146,146,146,146,146,146,146,146,146,146,146,146,146,146,146,146,146,147,147,147,147,147,147,146,146,146,146,147,142,142,146,146
Mulanje Montane forest-grassland,146,146,146,0,40.0,100.0,100.0,146,146,146,146,146,146,146,146,146,146,146,146,146,146,146,146,146,146,146,146,146,146,146,146,146,146,146,146,146,146,146,146,146,146,146,146,146,146,146,146
Guianan piedmont moist forests,145,143,143,0,40.0,98.6,98.6,145,145,145,145,145,145,145,145,145,145,145,145,145,145,145,145,145,145,145,145,145,145,145,145,145,145,145,145,145,145,145,145,145,145,145,145,143,143,145,145
Watson Highlands taiga,145,145,145,0,40.0,100.0,100.0,145,145,145,145,145,145,145,145,145,145,145,145,145,145,145,145,145,145,145,145,145,145,145,145,145,145,145,145,145,145,145,145,145,145,145,145,145,145,145,145
La Costa xeric shrublands,144,122,122,0,40.0,84.7,84.7,144,144,144,144,144,144,144,127,127,144,144,144,144,144,144,144,144,144,144,144,144,144,144,144,144,144,144,144,144,144,144,144,144,144,144,144,122,122,144,144
Veracruz moist forests,144,142,142,0,40.0,98.6,98.6,144,144,144,144,144,144,144,144,144,144,144,144,144,144,144,144,144,144,144,144,144,144,144,144,144,144,144,144,144,144,144,144,144,144,144,144,142,142,144,144
Biak-Numfoor rain forests,143,139,139,0,40.0,97.2,97.2,143,143,143,143,143,143,143,142,142,143,143,143,143,143,143,143,143,143,143,143,143,143,143,143,143,143,143,143,143,143,143,143,143,143,143,143,139,139,143,143
Sri Lanka montane rain forests,143,139,139,0,40.0,97.2,97.2,143,143,143,143,143,143,143,143,143,143,143,143,143,143,143,143,143,143,143,143,143,143,143,143,143,143,143,143,143,143,143,143,143,143,143,143,139,139,143,143
Sumba deciduous forests,141,135,135,0,40.0,95.7,95.7,141,141,141,141,141,141,141,141,141,141,141,141,141,141,141,141,141,141,141,141,141,141,141,141,141,141,141,141,141,141,141,141,141,141,141,141,135,135,141,141
Caqueta moist forests,141,135,135,0,40.0,95.7,95.7,141,141,141,141,141,141,141,141,141,141,141,141,141,141,141,141,141,141,141,141,141,141,141,141,141,141,141,141,141,141,141,141,141,141,141,141,135,135,141,141
Interior Alaska-Yukon lowland taiga,140,139,139,0,40.0,99.3,99.3,140,140,140,140,140,140,140,140,140,140,140,140,140,140,140,140,140,140,140,140,140,140,140,140,140,140,140,140,140,140,140,140,140,140,140,140,139,139,140,140
Southern New Guinea lowland rain forests,140,136,136,0,40.0,97.1,97.1,140,140,140,140,140,140,140,140,140,140,140,140,140,140,140,140,140,140,140,140,140,140,140,140,140,140,140,140,140,140,140,140,140,140,140,140,136,136,140,140
Pantepui forests & shrublands,136,130,130,0,40.0,95.6,95.6,136,136,136,136,136,136,136,136,136,136,136,136,136,136,136,136,136,136,136,136,136,136,136,136,136,136,136,136,136,136,136,136,136,136,136,136,130,130,136,136
Angolan scarp savanna and woodlands,135,127,127,0,40.0,94.1,94.1,135,135,135,135,135,135,135,135,135,135,135,135,135,135,135,135,135,135,135,135,135,135,135,135,135,135,135,135,135,135,135,135,135,135,135,135,127,127,135,135
Sundarbans freshwater swamp forests,135,129,130,0,40.0,95.6,96.3,134,135,135,135,135,135,135,135,135,135,135,135,135,135,135,135,135,135,135,135,135,135,135,135,135,135,135,135,135,135,135,135,135,135,135,135,130,130,135,135
Tamaulipan matorral,130,124,124,0,40.0,95.4,95.4,130,130,130,130,130,130,130,130,130,130,130,130,130,130,130,130,130,130,130,130,130,130,130,130,130,130,130,130,130,130,130,130,130,130,130,130,124,124,130,130
Kopet Dag woodlands and forest steppe,129,125,125,0,40.0,96.9,96.9,129,129,129,129,129,129,129,129,129,128,128,129,129,129,129,129,129,129,129,129,129,129,129,129,126,129,129,129,129,129,129,129,129,129,129,129,128,128,128,128
Hispaniolan pine forests,126,126,126,0,40.0,100.0,100.0,126,126,126,126,126,126,126,126,126,126,126,126,126,126,126,126,126,126,126,126,126,126,126,126,126,126,126,126,126,126,126,126,126,126,126,126,126,126,126,126
British Columbia coastal conifer forests,126,126,126,0,40.0,100.0,100.0,126,126,126,126,126,126,126,126,126,126,126,126,126,126,126,126,126,126,126,126,126,126,126,126,126,126,126,126,126,126,126,126,126,126,126,126,126,126,126,126
Qilian Mountains conifer forests,125,123,125,0,40.0,98.4,100.0,123,125,125,125,125,125,125,125,125,125,125,125,125,125,125,125,125,125,125,125,125,125,125,125,125,125,125,125,125,125,125,125,125,125,125,125,125,125,125,125
Cherskii-Kolyma mountain tundra,123,115,115,0,40.0,93.5,93.5,123,123,123,123,123,123,123,123,123,123,123,123,123,123,123,123,123,123,123,123,123,123,123,123,123,123,123,123,123,123,123,123,123,123,123,123,115,115,123,123
Southwest Australia savanna,123,120,120,0,40.0,97.6,97.6,123,123,123,123,123,123,123,123,123,123,123,123,123,123,123,123,123,123,123,123,123,123,123,123,123,123,123,123,123,123,123,123,123,123,123,123,120,120,123,123
Fraser Plateau and Basin conifer forests,123,118,118,0,40.0,95.9,95.9,123,123,123,123,123,123,123,123,123,123,123,123,123,123,123,123,123,123,123,123,123,123,123,123,123,123,123,123,123,123,123,123,123,123,123,123,118,118,123,123
Cordillera La Costa montane forests,122,120,120,0,40.0,98.4,98.4,122,122,122,122,122,122,122,122,122,122,122,122,122,122,122,122,122,122,122,122,122,122,122,122,122,122,122,122,122,122,122,122,122,122,122,122,120,120,122,122
Irrawaddy freshwater swamp forests,119,116,116,0,40.0,97.5,97.5,119,119,119,119,119,119,119,119,119,119,119,119,119,119,119,119,119,119,119,119,119,119,119,119,119,119,119,119,119,119,119,119,119,119,119,119,116,116,119,119
Cuban wetlands,118,117,117,0,40.0,99.2,99.2,118,118,118,118,118,118,118,118,118,118,118,118,118,118,118,118,118,118,118,118,118,118,118,118,118,118,118,118,118,118,118,118,118,118,118,118,117,117,118,118
Honshu alpine conifer forests,118,117,118,0,40.0,99.2,100.0,117,118,118,118,118,118,118,118,118,118,118,118,118,118,118,118,118,118,118,118,118,118,118,118,118,118,118,118,118,118,118,118,118,118,118,118,118,118,118,118
Mitchell Grass Downs,117,115,115,0,40.0,98.3,98.3,117,117,117,117,117,117,117,117,117,117,117,117,117,117,117,117,117,117,117,117,117,117,117,117,117,117,117,117,117,117,117,117,117,117,117,117,115,115,117,117
Northwest Russian-Novaya Zemlya tundra,117,112,112,0,40.0,95.7,95.7,117,117,117,117,117,117,117,117,117,117,117,117,117,117,117,117,117,117,117,117,117,117,117,117,117,117,117,117,117,117,117,117,117,117,117,117,112,112,117,117
Central Anatolian steppe and woodlands,117,116,116,0,40.0,99.1,99.1,117,117,117,117,117,117,117,117,117,117,117,117,117,117,117,117,117,117,117,117,117,117,117,117,117,117,117,117,117,117,117,117,117,117,117,117,116,116,117,117
South American Pacific mangroves,117,110,110,0,40.0,94.0,94.0,116,117,117,117,117,117,117,112,112,117,117,117,117,117,117,117,117,117,117,117,117,117,117,117,117,117,117,117,117,117,117,117,117,117,117,117,110,110,117,117
Brazilian Atlantic dry forests,115,114,115,0,40.0,99.1,100.0,114,115,115,115,115,115,115,115,115,115,115,115,115,115,115,115,115,115,115,115,115,115,115,115,115,115,115,115,115,115,115,115,115,115,115,115,115,115,115,115
Zagros Mountains forest steppe,115,115,115,0,40.0,100.0,100.0,115,115,115,115,115,115,115,115,115,115,115,115,115,115,115,115,115,115,115,115,115,115,115,115,115,115,115,115,115,115,115,115,115,115,115,115,115,115,115,115
Central Persian desert basins,114,113,113,0,40.0,99.1,99.1,114,114,114,114,114,114,114,114,114,114,114,114,114,114,114,114,114,114,114,114,114,114,114,114,114,114,114,114,114,114,114,114,114,114,114,114,113,113,114,114
Southern Africa mangroves,114,112,112,0,40.0,98.2,98.2,114,114,114,114,114,114,114,114,114,114,114,114,114,114,114,114,114,114,114,114,114,114,114,114,114,114,114,114,114,114,114,114,114,114,114,114,112,112,114,114
Pantanos de Centla,113,111,111,0,40.0,98.2,98.2,113,113,113,113,113,113,113,113,113,113,113,113,113,113,113,113,113,113,113,113,113,113,113,113,113,113,113,113,113,113,113,113,113,113,113,113,111,111,113,113
New Caledonia rain forests,112,111,111,0,40.0,99.1,99.1,112,112,112,112,112,112,112,111,111,112,112,112,112,112,112,112,112,112,112,112,112,112,112,112,112,112,112,112,112,112,112,112,112,112,112,112,111,111,112,112
Chhota-Nagpur dry deciduous forests,110,107,107,0,40.0,97.3,97.3,109,109,109,109,109,109,109,109,108,109,109,110,110,110,110,110,110,109,109,109,109,109,109,109,109,110,110,110,110,110,110,109,110,110,110,110,108,108,110,110
Paraguaná xeric scrub,109,106,109,0,40.0,97.2,100.0,106,109,109,109,109,109,109,109,109,109,109,109,109,109,109,109,109,109,109,109,109,109,109,109,109,109,109,109,109,109,109,109,109,109,109,109,109,109,109,109
Tirari-Sturt stony desert,108,103,103,0,40.0,95.4,95.4,108,108,108,108,108,108,108,108,108,108,108,108,108,108,108,108,108,108,108,108,108,108,108,108,108,108,108,108,108,108,108,108,108,108,108,108,103,103,108,108
Southern New Guinea freshwater swamp forests,107,106,106,0,40.0,99.1,99.1,107,107,107,107,107,107,107,107,107,107,107,107,107,107,107,107,107,107,107,107,107,107,107,107,107,107,107,107,107,107,107,107,107,107,107,107,106,106,107,107
Northern Pacific Alaskan coastal forests,107,105,106,0,40.0,98.1,99.1,106,107,107,107,107,107,107,107,107,107,107,107,107,107,107,107,107,107,107,107,107,107,107,107,107,107,107,107,107,107,107,107,107,107,107,107,106,106,107,107
Sumatran peat swamp forests,106,102,102,0,40.0,96.2,96.2,106,106,106,106,106,106,106,106,106,106,106,106,106,106,106,106,106,106,106,106,106,106,106,106,106,106,106,106,106,106,106,106,106,106,106,106,102,102,106,106
San Lucan xeric scrub,105,102,102,0,40.0,97.1,97.1,105,105,105,105,105,105,105,105,105,105,105,105,105,105,105,105,105,105,105,105,105,105,105,105,105,105,105,105,105,105,105,105,105,105,105,105,102,102,105,105
Nyanga-Chimanimani Montane forest-grassland,105,103,103,0,40.0,98.1,98.1,105,105,105,105,105,105,105,105,105,105,105,105,105,105,105,105,105,105,105,105,105,105,105,105,105,105,105,105,105,105,105,105,105,105,105,105,103,103,105,105
Tonle Sap freshwater swamp forests,105,105,105,0,40.0,100.0,100.0,105,105,105,105,105,105,105,105,105,105,105,105,105,105,105,105,105,105,105,105,105,105,105,105,105,105,105,105,105,105,105,105,105,105,105,105,105,105,105,105
Southern Andean steppe,104,99,99,0,40.0,95.2,95.2,104,104,104,104,104,104,104,104,104,104,104,104,104,104,104,104,104,104,104,104,104,104,104,104,104,104,104,104,104,104,104,104,104,104,104,104,99,99,104,104
Mindoro rain forests,104,100,100,0,40.0,96.2,96.2,104,104,104,104,104,104,104,104,104,104,104,104,104,104,104,104,104,104,104,104,104,104,104,104,104,104,104,104,104,104,104,104,104,104,104,104,100,100,104,104
Baja California desert,102,99,99,0,40.0,97.1,97.1,102,102,102,102,102,102,102,102,102,102,102,102,102,102,102,102,102,102,102,102,102,102,102,102,102,102,102,102,102,102,102,102,102,102,102,102,99,99,102,102
Esperance mallee,102,96,96,0,40.0,94.1,94.1,102,102,102,102,102,102,102,102,102,102,102,102,102,102,102,102,102,102,102,102,102,102,102,102,102,102,102,102,102,102,102,102,102,102,102,102,96,96,102,102
Alai-Western Tian Shan steppe,102,91,91,0,40.0,89.2,89.2,92,92,92,92,92,92,92,102,92,92,92,92,92,92,92,92,92,92,92,92,92,92,92,92,92,102,102,102,102,102,102,92,92,92,92,102,91,91,92,92
Northern Tallgrass prairie,102,101,101,0,40.0,99.0,99.0,102,102,102,102,102,102,102,102,102,102,102,102,102,102,102,102,102,102,102,102,102,102,102,102,101,102,102,102,102,102,102,102,102,102,102,102,102,102,101,102
East Deccan moist deciduous forests,100,98,98,0,40.0,98.0,98.0,100,100,100,100,100,100,100,100,100,100,100,100,100,100,100,100,100,100,100,100,100,100,100,100,100,100,100,100,100,100,100,100,100,100,100,100,100,100,98,98
Chiapas Depression dry forests,98,96,96,0,40.0,98.0,98.0,98,98,98,98,98,98,98,98,98,98,98,98,98,98,98,98,98,98,98,98,98,98,98,98,98,98,98,98,98,98,98,98,98,98,98,98,96,96,98,98
Russian Arctic desert,98,95,95,0,40.0,96.9,96.9,98,98,98,98,98,98,98,98,98,98,98,98,98,98,98,98,98,98,98,98,98,98,98,98,97,98,98,98,98,98,98,98,98,98,98,98,96,96,98,98
Timor and Wetar deciduous forests,98,98,98,0,40.0,100.0,100.0,98,98,98,98,98,98,98,98,98,98,98,98,98,98,98,98,98,98,98,98,98,98,98,98,98,98,98,98,98,98,98,98,98,98,98,98,98,98,98,98
Atacama desert,96,94,94,0,40.0,97.9,97.9,96,96,96,96,96,96,96,96,96,96,96,96,96,96,96,96,96,96,96,96,96,96,96,96,96,96,96,96,96,96,96,96,96,96,96,96,94,94,96,96
Khangai Mountains alpine meadow,96,96,96,0,40.0,100.0,100.0,96,96,96,96,96,96,96,96,96,96,96,96,96,96,96,96,96,96,96,96,96,96,96,96,96,96,96,96,96,96,96,96,96,96,96,96,96,96,96,96
Knysna-Amatole montane forests,95,95,95,0,40.0,100.0,100.0,95,95,95,95,95,95,95,95,95,95,95,95,95,95,95,95,95,95,95,95,95,95,95,95,95,95,95,95,95,95,95,95,95,95,95,95,95,95,95,95
Borneo peat swamp forests,95,24,24,0,8.0,25.3,25.3,24,24,24,24,24,24,24,95,24,24,24,24,24,24,24,24,24,24,24,24,24,24,24,24,24,95,95,95,95,95,95,24,24,24,24,95,24,24,24,24
Sumatran tropical pine forests,95,94,94,0,40.0,98.9,98.9,95,95,95,95,95,95,95,95,95,95,95,95,95,95,95,95,95,95,95,95,95,95,95,95,95,95,95,95,95,95,95,95,95,95,95,95,94,94,95,95
Cross-Sanaga-Bioko coastal forests,95,95,95,0,40.0,100.0,100.0,95,95,95,95,95,95,95,95,95,95,95,95,95,95,95,95,95,95,95,95,95,95,95,95,95,95,95,95,95,95,95,95,95,95,95,95,95,95,95,95
Ethiopian montane forests,95,95,95,0,40.0,100.0,100.0,95,95,95,95,95,95,95,95,95,95,95,95,95,95,95,95,95,95,95,95,95,95,95,95,95,95,95,95,95,95,95,95,95,95,95,95,95,95,95,95
Namibian savanna woodlands,94,92,92,0,40.0,97.9,97.9,94,94,94,94,94,94,94,94,94,94,94,94,94,94,94,94,94,94,94,94,94,94,94,94,94,94,94,94,94,94,94,94,94,94,94,94,92,92,94,94
Bahamian pineyards,94,91,92,0,40.0,96.8,97.9,93,94,94,94,94,94,94,94,94,94,94,94,94,94,94,94,94,94,94,94,94,94,94,94,94,94,94,94,94,94,94,94,94,94,94,94,92,92,94,94
Taimyr-Central Siberian tundra,92,90,90,0,40.0,97.8,97.8,92,92,92,92,92,92,92,92,92,92,92,92,92,92,92,92,92,92,92,92,92,92,92,92,92,92,92,92,92,92,92,92,92,92,92,92,91,91,91,91
Ethiopian montane moorlands,91,88,89,0,40.0,96.7,97.8,90,91,91,91,91,91,91,91,91,91,91,91,91,91,91,91,91,91,91,91,91,91,91,91,91,91,91,91,91,91,91,91,91,91,91,91,89,89,91,91
Nelson Coast temperate forests,91,85,86,0,40.0,93.4,94.5,90,91,91,91,91,91,91,91,91,91,91,91,91,91,91,91,91,91,91,91,91,91,91,91,89,91,91,91,91,91,91,91,91,91,91,91,88,88,91,91
Myanmar Coast mangroves,91,86,86,0,40.0,94.5,94.5,91,91,91,91,91,91,91,91,91,91,91,91,91,91,91,91,91,91,91,91,91,91,91,91,91,91,91,91,91,91,91,91,91,91,91,91,86,86,91,91
Carpentaria tropical savanna,90,85,85,0,40.0,94.4,94.4,90,90,90,90,90,90,90,90,90,90,90,90,90,90,90,90,90,90,90,90,90,90,90,90,90,90,90,90,90,90,90,90,90,90,90,90,85,85,90,90
Tuamotu tropical moist forests,90,90,90,0,40.0,100.0,100.0,90,90,90,90,90,90,90,90,90,90,90,90,90,90,90,90,90,90,90,90,90,90,90,90,90,90,90,90,90,90,90,90,90,90,90,90,90,90,90,90
Fiji tropical moist forests,89,86,86,0,40.0,96.6,96.6,89,89,89,89,89,89,89,89,89,89,89,89,89,89,89,89,89,89,89,89,89,89,89,89,89,89,89,89,89,89,89,89,89,89,89,89,86,86,89,89
Central African mangroves,88,88,88,0,40.0,100.0,100.0,88,88,88,88,88,88,88,88,88,88,88,88,88,88,88,88,88,88,88,88,88,88,88,88,88,88,88,88,88,88,88,88,88,88,88,88,88,88,88,88
Trinidad and Tobago moist forest,87,82,85,0,40.0,94.3,97.7,84,87,87,87,87,87,87,86,86,87,87,87,87,87,87,87,87,87,87,87,87,87,87,87,87,87,87,87,87,87,87,87,87,87,87,87,85,85,87,87
Puerto Rican dry forests,87,85,85,0,40.0,97.7,97.7,87,87,87,87,87,87,87,87,87,87,87,87,87,87,87,87,87,87,87,87,87,87,87,87,87,87,87,87,87,87,87,87,87,87,87,87,85,85,87,87
Namib Desert,86,82,82,0,40.0,95.3,95.3,86,86,86,86,86,86,86,86,86,86,86,86,86,86,86,86,86,86,86,86,86,86,86,86,86,86,86,86,86,86,86,86,86,86,86,86,82,82,86,86
Anatolian conifer and deciduous mixed forests,86,85,86,0,40.0,98.8,100.0,85,86,86,86,86,86,86,86,86,86,86,86,86,86,86,86,86,86,86,86,86,86,86,86,86,86,86,86,86,86,86,86,86,86,86,86,86,86,86,86
Bajío dry forests,85,82,84,0,40.0,96.5,98.8,83,85,85,85,85,85,85,85,85,85,85,85,85,85,85,85,85,85,85,85,85,85,85,85,85,85,85,85,85,85,85,85,85,85,85,85,84,84,85,85
Wyoming Basin shrub steppe,84,83,83,0,40.0,98.8,98.8,84,84,84,84,84,84,84,84,84,84,84,84,84,84,84,84,84,84,84,84,84,84,84,84,84,84,84,84,84,84,84,84,84,84,84,84,83,83,84,84
Eastern Himalayan alpine shrub and meadows,83,83,83,0,40.0,100.0,100.0,83,83,83,83,83,83,83,83,83,83,83,83,83,83,83,83,83,83,83,83,83,83,83,83,83,83,83,83,83,83,83,83,83,83,83,83,83,83,83,83
Hainan Island monsoon rain forests,83,82,82,0,40.0,98.8,98.8,83,83,83,83,83,83,83,83,83,83,83,83,83,83,83,83,83,83,83,83,83,83,83,83,83,83,83,83,83,83,83,83,83,83,83,83,82,82,83,83
New Zealand South Island montane grasslands,82,81,81,0,40.0,98.8,98.8,82,82,82,82,82,82,82,82,82,82,82,82,82,82,82,82,82,82,82,82,82,82,82,82,82,82,82,82,82,82,82,82,82,82,82,82,81,81,82,82
Hengduan Mountains subalpine conifer forests,82,80,80,0,40.0,97.6,97.6,82,82,82,82,82,82,82,82,82,82,82,82,82,82,82,82,82,82,82,82,82,82,82,82,82,82,82,82,82,82,82,82,82,82,82,82,80,80,82,82
Luzon tropical pine forests,82,80,80,0,40.0,97.6,97.6,82,82,82,82,82,82,82,82,82,82,82,82,82,82,82,82,82,82,82,82,82,82,82,82,82,82,82,82,82,82,82,82,82,82,82,82,80,80,82,82
Louisiade Archipelago rain forests,81,77,77,0,40.0,95.1,95.1,81,81,81,81,81,81,81,81,81,81,81,81,81,81,81,81,81,81,81,81,81,81,81,81,81,81,81,81,81,81,81,81,81,81,81,81,77,77,81,81
Irrawaddy moist deciduous forests,81,75,75,0,40.0,92.6,92.6,81,81,81,81,81,81,81,81,81,81,81,81,81,81,81,81,81,81,81,81,81,81,81,81,81,81,81,81,81,81,81,81,81,81,81,81,75,75,81,81
Flint Hills tallgrass prairie,81,81,81,0,40.0,100.0,100.0,81,81,81,81,81,81,81,81,81,81,81,81,81,81,81,81,81,81,81,81,81,81,81,81,81,81,81,81,81,81,81,81,81,81,81,81,81,81,81,81
Arctic foothills tundra,80,78,78,0,40.0,97.5,97.5,80,80,80,80,80,80,80,80,80,80,80,80,80,80,80,80,80,80,80,80,80,80,80,80,80,80,80,80,80,80,80,80,80,80,80,80,78,78,80,80
Richmond temperate forests,80,78,78,0,40.0,97.5,97.5,80,80,80,80,80,80,80,80,80,80,80,80,80,80,80,80,80,80,80,80,80,80,80,80,79,80,80,80,80,80,80,80,80,80,80,80,79,79,80,80
Blue Mountains forests,78,77,77,0,40.0,98.7,98.7,78,78,78,78,78,78,78,78,78,78,78,78,78,78,78,78,78,78,78,78,78,78,78,78,78,78,78,78,78,78,78,78,78,78,78,78,77,77,78,78
Kazakh forest steppe,77,73,74,0,40.0,94.8,96.1,76,77,77,77,77,77,77,77,77,77,77,77,77,77,77,77,77,77,77,77,77,77,77,77,77,77,77,77,77,77,77,77,77,77,77,77,74,74,77,77
Rakiura Island temperate forests,76,74,74,0,40.0,97.4,97.4,76,76,76,76,76,76,76,76,76,76,76,76,76,76,76,76,76,76,76,76,76,76,76,76,76,76,76,76,76,76,76,76,76,76,76,76,74,74,76,76
Islas Revillagigedo dry forests,75,75,75,0,40.0,100.0,100.0,75,75,75,75,75,75,75,75,75,75,75,75,75,75,75,75,75,75,75,75,75,75,75,75,75,75,75,75,75,75,75,75,75,75,75,75,75,75,75,75
Russian Bering tundra,74,74,74,0,40.0,100.0,100.0,74,74,74,74,74,74,74,74,74,74,74,74,74,74,74,74,74,74,74,74,74,74,74,74,74,74,74,74,74,74,74,74,74,74,74,74,74,74,74,74
Sierra de la Laguna pine-oak forests,74,73,73,0,40.0,98.6,98.6,74,74,74,74,74,74,74,74,74,74,74,74,74,74,74,74,74,74,74,74,74,74,74,74,74,74,74,74,74,74,74,74,74,74,74,74,73,73,74,74
Central Asian riparian woodlands,73,70,70,0,40.0,95.9,95.9,73,73,73,73,73,73,73,73,73,73,73,73,73,73,73,73,73,73,73,73,73,73,73,73,73,73,73,73,73,73,73,73,73,73,73,73,70,70,73,73
Seram rain forests,72,70,70,0,40.0,97.2,97.2,72,72,72,72,72,72,72,72,72,72,72,72,72,72,72,72,72,72,72,72,72,72,72,72,72,72,72,72,72,72,72,72,72,72,72,72,70,70,72,72
Faroe Islands boreal grasslands,72,71,72,0,40.0,98.6,100.0,71,72,72,72,72,72,72,72,72,72,72,72,72,72,72,72,72,72,72,72,72,72,72,72,72,72,72,72,72,72,72,72,72,72,72,72,72,72,72,72
Cross-Timbers savanna-woodland,70,60,60,0,40.0,85.7,85.7,70,70,70,70,70,70,70,70,70,70,70,70,70,70,70,70,70,70,70,70,70,70,70,70,70,70,70,70,70,70,70,70,70,70,70,70,60,60,70,70
Huon Peninsula montane rain forests,70,70,70,0,40.0,100.0,100.0,70,70,70,70,70,70,70,70,70,70,70,70,70,70,70,70,70,70,70,70,70,70,70,70,70,70,70,70,70,70,70,70,70,70,70,70,70,70,70,70
Klamath-Siskiyou forests,69,69,69,0,40.0,100.0,100.0,69,69,69,69,69,69,69,69,69,69,69,69,69,69,69,69,69,69,69,69,69,69,69,69,69,69,69,69,69,69,69,69,69,69,69,69,69,69,69,69
North Arabian desert,69,67,67,0,40.0,97.1,97.1,69,69,69,69,69,69,69,69,69,69,69,69,69,69,69,69,69,69,69,69,69,69,69,69,69,69,69,69,69,69,69,69,69,69,69,69,67,67,69,69
Texas blackland prairies,69,67,67,0,40.0,97.1,97.1,69,69,69,69,69,69,69,69,69,69,69,69,69,69,69,69,69,69,69,69,69,69,69,69,69,69,69,69,69,69,69,69,69,69,69,69,67,67,69,69
New Britain-New Ireland montane rain forests,68,66,66,0,40.0,97.1,97.1,68,68,68,68,68,68,68,68,68,68,68,68,68,68,68,68,68,68,68,68,68,68,68,68,68,68,68,68,68,68,68,68,68,68,68,68,66,66,68,68
Guianan freshwater swamp forests,67,67,67,0,40.0,100.0,100.0,67,67,67,67,67,67,67,67,67,67,67,67,67,67,67,67,67,67,67,67,67,67,67,67,67,67,67,67,67,67,67,67,67,67,67,67,67,67,67,67
Venezuelan Andes montane forests,67,64,64,0,40.0,95.5,95.5,67,67,67,67,67,67,67,66,66,67,67,67,67,67,67,67,67,67,67,67,67,67,67,67,67,67,67,67,67,67,67,67,67,67,67,67,64,64,67,67
Hawai'i tropical dry forests,67,66,66,0,40.0,98.5,98.5,67,67,67,67,67,67,67,67,67,67,67,67,67,67,67,67,67,67,67,67,67,67,67,67,66,67,67,67,67,67,67,67,67,67,67,67,67,67,66,67
Tian Shan montane conifer forests,67,65,65,0,40.0,97.0,97.0,67,67,67,67,67,67,67,67,67,67,67,67,67,67,67,67,67,67,67,67,67,67,67,67,67,67,67,67,67,67,67,67,67,67,67,67,65,65,67,67
Eastern Panamanian montane forests,66,66,66,0,40.0,100.0,100.0,66,66,66,66,66,66,66,66,66,66,66,66,66,66,66,66,66,66,66,66,66,66,66,66,66,66,66,66,66,66,66,66,66,66,66,66,66,66,66,66
Northeast Siberian coastal tundra,66,65,65,0,40.0,98.5,98.5,66,66,66,66,66,66,66,66,66,66,66,66,66,66,66,66,66,66,66,66,66,66,66,66,66,66,66,66,66,66,66,66,66,66,66,66,65,65,66,66
South Taiwan monsoon rain forests,65,64,64,0,40.0,98.5,98.5,65,65,65,65,65,65,65,65,65,65,65,65,65,65,65,65,65,65,65,65,65,65,65,65,65,65,65,65,65,65,65,65,65,65,65,65,64,64,65,65
Tapajós-Xingu moist forests,65,63,63,0,40.0,96.9,96.9,65,65,65,65,65,65,65,65,65,65,65,65,65,65,65,65,65,65,65,65,65,65,65,65,65,65,65,65,65,65,65,65,65,65,65,65,63,63,65,65
Nigerian lowland forests,65,63,63,0,40.0,96.9,96.9,65,65,65,65,65,65,65,65,65,65,65,65,65,65,65,65,65,65,65,65,65,65,65,65,65,65,65,65,65,65,65,65,65,65,65,65,63,63,65,65
Southern Korea evergreen forests,64,63,63,0,40.0,98.4,98.4,64,64,64,64,64,64,64,64,64,64,64,64,64,64,64,64,64,64,64,64,64,64,64,64,64,64,64,64,64,64,64,64,64,64,64,64,63,63,64,64
Low Monte,63,61,61,0,40.0,96.8,96.8,63,63,63,63,63,63,63,63,63,63,63,63,63,63,63,63,63,63,63,63,63,63,63,63,63,63,63,63,63,63,63,63,63,63,63,63,61,61,63,63
East African montane moorlands,63,62,62,0,40.0,98.4,98.4,63,63,63,63,63,63,63,63,63,63,63,63,63,63,63,63,63,63,63,63,63,63,63,63,63,63,63,63,63,63,63,63,63,63,63,63,62,62,63,63
Southern Swahili coastal forests and woodlands,62,61,61,0,40.0,98.4,98.4,62,62,62,62,62,62,62,62,62,62,62,62,62,62,62,62,62,62,62,62,62,62,62,62,62,62,62,62,62,62,62,62,62,62,62,62,61,61,62,62
Changbai Mountains mixed forests,61,60,60,0,40.0,98.4,98.4,61,61,61,61,61,61,61,61,61,61,61,61,61,61,61,61,61,61,61,61,61,61,61,61,61,61,61,61,61,61,61,61,61,61,61,61,60,60,61,61
Alberta-British Columbia foothills forests,61,60,60,0,40.0,98.4,98.4,61,61,61,61,61,61,61,61,61,61,61,61,61,61,61,61,61,61,61,61,61,61,61,61,60,61,61,61,61,61,61,61,61,61,61,61,61,61,61,61
Juruá-Purus moist forests,61,59,59,0,40.0,96.7,96.7,61,61,61,61,61,61,61,61,61,61,61,61,61,61,61,61,61,61,61,61,61,61,61,61,61,61,61,61,61,61,61,61,61,61,61,61,59,59,61,61
Sichuan Basin evergreen broadleaf forests,59,58,58,0,40.0,98.3,98.3,59,59,59,59,59,59,59,59,59,59,59,59,59,59,59,59,59,59,59,59,59,59,59,59,59,59,59,59,59,59,59,59,59,59,59,59,58,58,59,59
Miskito pine forests,59,59,59,0,40.0,100.0,100.0,59,59,59,59,59,59,59,59,59,59,59,59,59,59,59,59,59,59,59,59,59,59,59,59,59,59,59,59,59,59,59,59,59,59,59,59,59,59,59,59
Cayos Miskitos-San Andrés and Providencia moist forests,59,59,59,0,40.0,100.0,100.0,59,59,59,59,59,59,59,59,59,59,59,59,59,59,59,59,59,59,59,59,59,59,59,59,59,59,59,59,59,59,59,59,59,59,59,59,59,59,59,59
Pacific Coastal Mountain icefields and tundra,59,59,59,0,40.0,100.0,100.0,59,59,59,59,59,59,59,59,59,59,59,59,59,59,59,59,59,59,59,59,59,59,59,59,59,59,59,59,59,59,59,59,59,59,59,59,59,59,59,59
Comoros forests,58,57,57,0,40.0,98.3,98.3,58,58,58,58,58,58,58,58,58,58,58,58,58,58,58,58,58,58,58,58,58,58,58,58,58,58,58,58,58,58,58,58,58,58,58,58,57,57,58,58
Banda Sea Islands moist deciduous forests,58,56,56,0,40.0,96.6,96.6,58,58,58,58,58,58,58,58,58,58,58,58,58,58,58,58,58,58,58,58,58,58,58,58,58,58,58,58,58,58,58,58,58,58,58,58,56,56,58,58
Western Himalayan subalpine conifer forests,58,57,57,0,40.0,98.3,98.3,58,58,58,58,58,58,58,58,58,58,58,58,58,58,58,58,58,58,58,58,58,58,58,58,58,58,58,58,58,58,58,58,58,58,58,58,57,57,58,58
Western Congolian swamp forests,57,56,56,0,40.0,98.2,98.2,57,57,57,57,57,57,57,57,57,57,57,57,57,57,57,57,57,57,57,57,57,57,57,57,57,57,57,57,57,57,57,57,57,57,57,57,56,56,57,57
Tonle Sap-Mekong peat swamp forests,56,56,56,0,40.0,100.0,100.0,56,56,56,56,56,56,56,56,56,56,56,56,56,56,56,56,56,56,56,56,56,56,56,56,56,56,56,56,56,56,56,56,56,56,56,56,56,56,56,56
Tasmanian Central Highland forests,56,52,53,0,40.0,92.9,94.6,55,56,56,56,56,56,56,56,56,56,56,56,56,56,56,56,56,56,56,56,56,56,56,56,56,56,56,56,56,56,56,56,56,56,56,56,53,53,56,56
Canterbury-Otago tussock grasslands,56,56,56,0,40.0,100.0,100.0,56,56,56,56,56,56,56,56,56,56,56,56,56,56,56,56,56,56,56,56,56,56,56,56,56,56,56,56,56,56,56,56,56,56,56,56,56,56,56,56
South Sahara desert,56,53,53,0,40.0,94.6,94.6,55,55,55,55,55,55,55,56,55,55,55,55,55,55,55,55,55,55,55,55,55,55,55,55,55,56,56,56,56,56,56,55,55,55,55,56,53,53,55,55
Cameroon Highlands forests,56,55,56,0,40.0,98.2,100.0,55,56,56,56,56,56,56,56,56,56,56,56,56,56,56,56,56,56,56,56,56,56,56,56,56,56,56,56,56,56,56,56,56,56,56,56,56,56,56,56
Okanogan dry forests,55,55,55,0,40.0,100.0,100.0,55,55,55,55,55,55,55,55,55,55,55,55,55,55,55,55,55,55,55,55,55,55,55,55,55,55,55,55,55,55,55,55,55,55,55,55,55,55,55,55
Urals montane forest and taiga,55,54,54,0,40.0,98.2,98.2,55,55,55,55,55,55,55,55,55,55,55,55,55,55,55,55,55,55,55,55,55,55,55,55,55,55,55,55,55,55,55,55,55,55,55,55,54,54,55,55
Kola Peninsula tundra,55,49,49,0,40.0,89.1,89.1,55,55,55,55,55,55,55,55,55,55,55,55,55,55,55,55,55,55,55,55,55,55,55,55,55,55,55,55,55,55,55,55,55,55,55,55,49,49,55,55
Angolan montane forest-grassland,54,52,52,0,40.0,96.3,96.3,54,54,54,54,54,54,54,54,54,54,54,54,54,54,54,54,54,54,54,54,54,54,54,54,54,54,54,54,54,54,54,54,54,54,54,54,52,52,54,54
Etosha Pan halophytics,54,52,52,0,40.0,96.3,96.3,54,54,54,54,54,54,54,54,54,54,54,54,54,54,54,54,54,54,54,54,54,54,54,54,54,54,54,54,54,54,54,54,54,54,54,54,52,52,54,54
Alashan Plateau semi-desert,54,52,52,0,40.0,96.3,96.3,54,54,54,54,54,54,54,54,54,54,54,54,54,54,54,54,54,54,54,54,54,54,54,54,54,54,54,54,54,54,54,54,54,54,54,54,52,52,54,54
Central Ranges xeric scrub,53,50,50,0,40.0,94.3,94.3,53,53,53,53,53,53,53,53,53,53,53,53,53,53,53,53,53,53,53,53,53,53,53,53,53,53,53,53,53,53,53,53,53,53,53,53,50,50,53,53
Santa Marta páramo,53,51,51,0,40.0,96.2,96.2,53,53,53,53,53,53,53,53,53,53,53,53,53,53,53,53,53,53,53,53,53,53,53,53,53,53,53,53,53,53,53,53,53,53,53,53,51,51,53,53
Sakhalin Island taiga,52,46,46,0,40.0,88.5,88.5,52,52,52,52,52,52,52,52,52,52,52,52,52,52,52,52,52,52,52,52,52,52,52,52,52,52,52,52,52,52,52,52,52,52,52,52,46,46,52,52
Beringia lowland tundra,52,52,52,0,40.0,100.0,100.0,52,52,52,52,52,52,52,52,52,52,52,52,52,52,52,52,52,52,52,52,52,52,52,52,52,52,52,52,52,52,52,52,52,52,52,52,52,52,52,52
Windward Islands moist forests,51,49,49,0,40.0,96.1,96.1,49,49,49,49,49,49,49,51,49,49,49,49,49,49,49,49,49,49,49,49,49,49,49,49,49,51,51,51,51,51,51,49,49,49,49,51,49,49,49,49
Thar desert,50,49,49,0,40.0,98.0,98.0,50,50,50,50,50,50,50,50,50,50,50,50,50,50,50,50,50,50,50,50,50,50,50,50,50,50,50,50,50,50,50,50,50,50,50,50,49,49,50,50
Sierra de la Laguna dry forests,49,48,48,0,40.0,98.0,98.0,49,49,49,49,49,49,49,49,49,49,49,49,49,49,49,49,49,49,49,49,49,49,49,49,49,49,49,49,49,49,49,49,49,49,49,49,48,48,49,49
Junggar Basin semi-desert,49,49,49,0,40.0,100.0,100.0,49,49,49,49,49,49,49,49,49,49,49,49,49,49,49,49,49,49,49,49,49,49,49,49,49,49,49,49,49,49,49,49,49,49,49,49,49,49,49,49
Irrawaddy dry forests,49,49,49,0,40.0,100.0,100.0,49,49,49,49,49,49,49,49,49,49,49,49,49,49,49,49,49,49,49,49,49,49,49,49,49,49,49,49,49,49,49,49,49,49,49,49,49,49,49,49
Northern Vietnam lowland rain forests,48,47,47,0,40.0,97.9,97.9,48,48,48,48,48,48,48,48,48,48,48,48,48,48,48,48,48,48,48,48,48,48,48,48,48,48,48,48,48,48,48,48,48,48,48,48,47,47,48,48
Marañón dry forests,47,45,45,0,40.0,95.7,95.7,47,47,47,47,47,47,47,47,47,47,47,47,47,47,47,47,47,47,47,47,47,47,47,47,47,47,47,47,47,47,47,47,47,47,47,47,45,45,47,47
Kamchatka-Kurile meadows and sparse forests,47,47,47,0,40.0,100.0,100.0,47,47,47,47,47,47,47,47,47,47,47,47,47,47,47,47,47,47,47,47,47,47,47,47,47,47,47,47,47,47,47,47,47,47,47,47,47,47,47,47
Tibetan Plateau alpine shrublands and meadows,47,46,46,0,40.0,97.9,97.9,47,47,47,47,47,47,47,47,47,47,47,47,47,47,47,47,47,47,47,47,47,47,47,47,47,47,47,47,47,47,47,47,47,47,47,47,46,46,47,47
Jarrah-Karri forest and shrublands,46,44,46,0,40.0,95.7,100.0,44,46,46,46,46,46,46,46,46,46,46,46,46,46,46,46,46,46,46,46,46,46,46,46,46,46,46,46,46,46,46,46,46,46,46,46,46,46,46,46
Peninsular Malaysian peat swamp forests,46,46,46,0,40.0,100.0,100.0,46,46,46,46,46,46,46,46,46,46,46,46,46,46,46,46,46,46,46,46,46,46,46,46,46,46,46,46,46,46,46,46,46,46,46,46,46,46,46,46
Bohai Sea saline meadow,45,43,43,0,40.0,95.6,95.6,45,45,45,45,45,45,45,45,45,45,45,45,45,45,45,45,45,45,45,45,45,45,45,45,45,45,45,45,45,45,45,45,45,45,45,45,43,43,45,45
Hispaniolan dry forests,45,45,45,0,40.0,100.0,100.0,45,45,45,45,45,45,45,45,45,45,45,45,45,45,45,45,45,45,45,45,45,45,45,45,45,45,45,45,45,45,45,45,45,45,45,45,45,45,45,45
Santa Lucia Montane Chaparral & Woodlands,44,44,44,0,40.0,100.0,100.0,44,44,44,44,44,44,44,44,44,44,44,44,44,44,44,44,44,44,44,44,44,44,44,44,44,44,44,44,44,44,44,44,44,44,44,44,44,44,44,44
Chiapas montane forests,44,43,43,0,40.0,97.7,97.7,44,44,44,44,44,44,44,44,44,44,44,44,44,44,44,44,44,44,44,44,44,44,44,44,44,44,44,44,44,44,44,44,44,44,44,44,43,43,44,44
Sunda Shelf mangroves,44,40,40,0,40.0,90.9,90.9,44,44,44,44,44,44,44,43,43,44,44,44,44,44,44,44,44,44,44,44,44,44,44,44,44,44,44,44,44,44,44,44,44,44,44,44,40,40,44,44
Fiji tropical dry forests,43,41,41,0,40.0,95.3,95.3,43,43,43,43,43,43,43,43,43,43,43,43,43,43,43,43,43,43,43,43,43,43,43,43,43,43,43,43,43,43,43,43,43,43,43,43,41,41,43,43
Buru rain forests,42,41,41,0,40.0,97.6,97.6,42,42,42,42,42,42,42,42,42,42,42,42,42,42,42,42,42,42,42,42,42,42,42,42,42,42,42,42,42,42,42,42,42,42,42,42,41,41,42,42
Yamal-Gydan tundra,42,42,42,0,40.0,100.0,100.0,42,42,42,42,42,42,42,42,42,42,42,42,42,42,42,42,42,42,42,42,42,42,42,42,42,42,42,42,42,42,42,42,42,42,42,42,42,42,42,42
Central Canadian Shield forests,41,36,36,0,40.0,87.8,87.8,40,40,40,40,40,40,40,41,40,40,40,40,40,40,40,40,40,40,40,40,40,40,40,40,40,41,41,41,41,41,41,40,40,40,40,41,36,36,39,39
Mesopotamian shrub desert,41,40,40,0,40.0,97.6,97.6,41,41,41,41,41,41,41,41,41,41,41,41,41,41,41,41,41,41,41,41,41,41,41,41,41,41,41,41,41,41,41,41,41,41,41,41,40,40,41,41
Saharan Atlantic coastal desert,41,38,38,0,40.0,92.7,92.7,41,41,41,41,41,41,41,41,41,41,41,41,41,41,41,41,41,41,41,41,41,41,41,41,41,41,41,41,41,41,41,41,41,41,41,41,38,38,41,41
Taiheiyo montane deciduous forests,41,40,40,0,40.0,97.6,97.6,41,41,41,41,41,41,41,41,41,41,41,41,41,41,41,41,41,41,41,41,41,41,41,41,41,41,41,41,41,41,41,41,41,41,41,41,40,40,41,41
Eyre and York mallee,41,39,40,0,40.0,95.1,97.6,39,40,40,40,40,40,40,41,40,40,40,41,41,41,41,41,41,40,40,40,40,40,40,40,40,41,41,41,41,41,41,40,41,41,41,41,41,41,41,41
Northern Canadian Shield taiga,41,41,41,0,40.0,100.0,100.0,41,41,41,41,41,41,41,41,41,41,41,41,41,41,41,41,41,41,41,41,41,41,41,41,41,41,41,41,41,41,41,41,41,41,41,41,41,41,41,41
Gulf of California xeric scrub,40,40,40,0,40.0,100.0,100.0,40,40,40,40,40,40,40,40,40,40,40,40,40,40,40,40,40,40,40,40,40,40,40,40,40,40,40,40,40,40,40,40,40,40,40,40,40,40,40,40
Myanmar coastal rain forests,40,37,37,0,40.0,92.5,92.5,40,40,40,40,40,40,40,40,40,40,40,40,40,40,40,40,40,40,40,40,40,40,40,40,40,40,40,40,40,40,40,40,40,40,40,40,37,37,40,40
East African halophytics,40,39,39,0,40.0,97.5,97.5,40,40,40,40,40,40,40,40,40,40,40,40,40,40,40,40,40,40,40,40,40,40,40,40,40,40,40,40,40,40,40,40,40,40,40,40,39,39,40,40
Tehuacán Valley matorral,40,38,38,0,40.0,95.0,95.0,40,40,40,40,40,40,40,40,40,40,40,40,40,40,40,40,40,40,40,40,40,40,40,40,40,40,40,40,40,40,40,40,40,40,40,40,38,38,40,40
Trans Fly savanna and grasslands,39,39,39,0,40.0,100.0,100.0,39,39,39,39,39,39,39,39,39,39,39,39,39,39,39,39,39,39,39,39,39,39,39,39,39,39,39,39,39,39,39,39,39,39,39,39,39,39,39,39
Mount Cameroon and Bioko montane forests,39,38,38,0,40.0,97.4,97.4,39,39,39,39,39,39,39,39,39,39,38,39,39,39,39,39,39,39,39,39,39,39,39,39,38,39,39,39,39,39,39,39,39,39,39,39,39,39,38,39
Mediterranean High Atlas juniper steppe,39,38,38,0,40.0,97.4,97.4,39,39,39,39,39,39,39,39,39,39,39,39,39,39,39,39,39,39,39,39,39,39,39,39,39,39,39,39,39,39,39,39,39,39,39,39,38,38,39,39
East African mangroves,39,39,39,0,40.0,100.0,100.0,39,39,39,39,39,39,39,39,39,39,39,39,39,39,39,39,39,39,39,39,39,39,39,39,39,39,39,39,39,39,39,39,39,39,39,39,39,39,39,39
Trobriand Islands rain forests,38,38,38,0,40.0,100.0,100.0,38,38,38,38,38,38,38,38,38,38,38,38,38,38,38,38,38,38,38,38,38,38,38,38,38,38,38,38,38,38,38,38,38,38,38,38,38,38,38,38
Nile Delta flooded savanna,38,34,34,0,40.0,89.5,89.5,38,38,38,38,38,38,38,38,38,38,38,38,38,38,38,38,38,38,38,38,38,38,38,38,38,38,38,38,38,38,38,38,38,38,38,38,34,34,38,38
Yarlung Zanbo arid steppe,37,37,37,0,40.0,100.0,100.0,37,37,37,37,37,37,37,37,37,37,37,37,37,37,37,37,37,37,37,37,37,37,37,37,37,37,37,37,37,37,37,37,37,37,37,37,37,37,37,37
Godavari-Krishna mangroves,37,35,35,0,40.0,94.6,94.6,37,37,37,37,37,37,37,37,37,37,37,37,37,37,37,37,37,37,37,37,37,37,37,37,37,37,37,37,37,37,37,37,37,37,37,37,35,35,37,37
Belizian pine savannas,36,35,35,0,40.0,97.2,97.2,36,36,36,36,36,36,36,36,36,36,36,36,36,36,36,36,36,36,36,36,36,36,36,36,36,36,36,36,36,36,36,36,36,36,36,36,35,35,36,36
Great Victoria desert,36,35,35,0,40.0,97.2,97.2,36,36,36,36,36,36,36,36,36,36,36,36,36,36,36,36,36,36,36,36,36,36,36,36,36,36,36,36,36,36,36,36,36,36,36,36,35,35,36,36
Motagua Valley thornscrub,35,30,30,0,40.0,85.7,85.7,35,35,35,35,35,35,35,35,35,35,35,35,35,35,35,35,35,35,35,35,35,35,35,35,35,35,35,35,35,35,35,35,35,35,35,35,30,30,35,35
Interior Yukon-Alaska alpine tundra,35,35,35,0,40.0,100.0,100.0,35,35,35,35,35,35,35,35,35,35,35,35,35,35,35,35,35,35,35,35,35,35,35,35,35,35,35,35,35,35,35,35,35,35,35,35,35,35,35,35
Red Sea mangroves,35,35,35,0,40.0,100.0,100.0,35,35,35,35,35,35,35,35,35,35,35,35,35,35,35,35,35,35,35,35,35,35,35,35,35,35,35,35,35,35,35,35,35,35,35,35,35,35,35,35
Samoan tropical moist forests,35,35,35,0,40.0,100.0,100.0,35,35,35,35,35,35,35,35,35,35,35,35,35,35,35,35,35,35,35,35,35,35,35,35,35,35,35,35,35,35,35,35,35,35,35,35,35,35,35,35
Northwest Hawai'i scrub,35,35,35,0,40.0,100.0,100.0,35,35,35,35,35,35,35,35,35,35,35,35,35,35,35,35,35,35,35,35,35,35,35,35,35,35,35,35,35,35,35,35,35,35,35,35,35,35,35,35
Orissa semi-evergreen forests,34,34,34,0,40.0,100.0,100.0,34,34,34,34,34,34,34,34,34,34,34,34,34,34,34,34,34,34,34,34,34,34,34,34,34,34,34,34,34,34,34,34,34,34,34,34,34,34,34,34
Great Sandy-Tanami desert,34,33,33,0,40.0,97.1,97.1,34,34,34,34,34,34,34,34,34,34,34,34,34,34,34,34,34,34,34,34,34,34,34,34,34,34,34,34,34,34,34,34,34,34,34,34,33,33,34,34
Qaidam Basin semi-desert,34,30,30,0,40.0,88.2,88.2,34,34,34,34,34,34,34,34,34,34,34,34,34,34,34,34,34,34,34,34,34,34,34,34,34,34,34,34,34,34,34,34,34,34,34,34,30,30,34,34
Taklimakan desert,34,34,34,0,40.0,100.0,100.0,34,34,34,34,34,34,34,34,34,34,34,34,34,34,34,34,34,34,34,34,34,34,34,34,34,34,34,34,34,34,34,34,34,34,34,34,34,34,34,34
Angolan wet miombo woodlands,34,34,34,0,40.0,100.0,100.0,34,34,34,34,34,34,34,34,34,34,34,34,34,34,34,34,34,34,34,34,34,34,34,34,34,34,34,34,34,34,34,34,34,34,34,34,34,34,34,34
Masai xeric grasslands and shrublands,34,6,6,0,8.0,17.6,17.6,7,7,7,7,7,7,7,34,7,7,7,7,7,7,7,7,7,7,7,7,7,7,7,7,7,34,34,34,34,34,34,7,7,7,7,34,6,6,7,7
Guianan Highlands moist forests,33,32,32,0,40.0,97.0,97.0,33,33,33,33,33,33,33,33,33,33,33,33,33,33,33,33,33,33,33,33,33,33,33,33,33,33,33,33,33,33,33,33,33,33,33,33,32,32,33,33
Norfolk Island subtropical forests,32,32,32,0,40.0,100.0,100.0,32,32,32,32,32,32,32,32,32,32,32,32,32,32,32,32,32,32,32,32,32,32,32,32,32,32,32,32,32,32,32,32,32,32,32,32,32,32,32,32
Cook Islands tropical moist forests,32,31,31,0,40.0,96.9,96.9,32,32,32,32,32,32,32,32,32,32,32,32,32,32,32,32,32,32,32,32,32,32,32,32,32,32,32,32,32,32,32,32,32,32,32,32,31,31,32,32
Aleutian Islands tundra,31,29,29,0,40.0,93.5,93.5,31,31,31,31,31,31,31,31,31,31,31,31,31,31,31,31,31,31,31,31,31,31,31,31,31,31,31,31,31,31,31,31,31,31,31,31,29,29,31,31
Leeward Islands moist forests,30,30,30,0,40.0,100.0,100.0,30,30,30,30,30,30,30,30,30,30,30,30,30,30,30,30,30,30,30,30,30,30,30,30,30,30,30,30,30,30,30,30,30,30,30,30,30,30,30,30
Da Hinggan-Dzhagdy Mountains conifer forests,30,30,30,0,40.0,100.0,100.0,30,30,30,30,30,30,30,30,30,30,30,30,30,30,30,30,30,30,30,30,30,30,30,30,30,30,30,30,30,30,30,30,30,30,30,30,30,30,30,30
Admiralty Islands lowland rain forests,30,28,28,0,40.0,93.3,93.3,30,30,30,30,30,30,30,30,30,30,30,30,30,30,30,30,30,30,30,30,30,30,30,30,30,30,30,30,30,30,30,30,30,30,30,30,28,28,30,30
West Saharan montane xeric woodlands,30,30,30,0,40.0,100.0,100.0,30,30,30,30,30,30,30,30,30,30,30,30,30,30,30,30,30,30,30,30,30,30,30,30,30,30,30,30,30,30,30,30,30,30,30,30,30,30,30,30
Rann of Kutch seasonal salt marsh,30,30,30,0,40.0,100.0,100.0,30,30,30,30,30,30,30,30,30,30,30,30,30,30,30,30,30,30,30,30,30,30,30,30,30,30,30,30,30,30,30,30,30,30,30,30,30,30,30,30
Sundaland heath forests,30,29,29,0,40.0,96.7,96.7,30,30,30,30,30,30,30,30,30,30,30,30,30,30,30,30,30,30,30,30,30,30,30,30,30,30,30,30,30,30,30,30,30,30,30,30,29,29,30,30
Sinú Valley dry forests,30,30,30,0,40.0,100.0,100.0,30,30,30,30,30,30,30,30,30,30,30,30,30,30,30,30,30,30,30,30,30,30,30,30,30,30,30,30,30,30,30,30,30,30,30,30,30,30,30,30
Midwest Canadian Shield forests,29,29,29,0,40.0,100.0,100.0,29,29,29,29,29,29,29,29,29,29,29,29,29,29,29,29,29,29,29,29,29,29,29,29,29,29,29,29,29,29,29,29,29,29,29,29,29,29,29,29
Jos Plateau forest-grassland,29,28,28,0,40.0,96.6,96.6,29,29,29,29,29,29,29,29,29,29,29,29,29,29,29,29,29,29,29,29,29,29,29,29,29,29,29,29,29,29,29,29,29,29,29,29,28,28,29,29
Northwestern Himalayan alpine shrub and meadows,29,28,28,0,40.0,96.6,96.6,29,29,29,29,29,29,29,29,29,29,29,29,29,29,29,29,29,29,29,29,29,29,29,29,29,29,29,29,29,29,29,29,29,29,29,29,28,28,29,29
Red River freshwater swamp forests,29,28,28,0,40.0,96.6,96.6,29,29,29,29,29,29,29,29,29,29,29,29,29,29,29,29,29,29,29,29,29,29,29,29,29,29,29,29,29,29,29,29,29,29,29,29,28,28,29,29
Kalahari Acacia woodlands,28,26,26,0,40.0,92.9,92.9,28,28,28,28,28,28,28,27,27,28,28,28,28,28,28,28,28,28,28,28,28,28,28,28,28,28,28,28,28,28,28,28,28,28,28,28,26,26,28,28
Cordillera Central páramo,27,26,26,0,40.0,96.3,96.3,27,27,27,27,27,27,27,26,26,27,27,27,27,27,27,27,27,27,27,27,27,27,27,27,27,27,27,27,27,27,27,27,27,27,27,27,26,26,27,27
Rock and Ice,26,26,26,0,40.0,100.0,100.0,26,26,26,26,26,26,26,26,26,26,26,26,26,26,26,26,26,26,26,26,26,26,26,26,26,26,26,26,26,26,26,26,26,26,26,26,26,26,26,26
Meseta Central matorral,26,25,25,0,40.0,96.2,96.2,26,26,26,26,26,26,26,26,26,26,26,26,26,26,26,26,26,26,26,26,26,26,26,26,26,26,26,26,26,26,26,26,26,26,26,26,25,25,26,26
Horn of Africa xeric bushlands,26,26,26,0,40.0,100.0,100.0,26,26,26,26,26,26,26,26,26,26,26,26,26,26,26,26,26,26,26,26,26,26,26,26,26,26,26,26,26,26,26,26,26,26,26,26,26,26,26,26
Eastern Anatolian deciduous forests,26,26,26,0,40.0,100.0,100.0,26,26,26,26,26,26,26,26,26,26,26,26,26,26,26,26,26,26,26,26,26,26,26,26,26,26,26,26,26,26,26,26,26,26,26,26,26,26,26,26
Marquesas tropical moist forests,25,24,24,0,40.0,96.0,96.0,25,25,25,25,25,25,25,25,25,25,25,25,25,25,25,25,25,25,25,25,25,25,25,25,25,25,25,25,25,25,25,25,25,25,25,25,24,24,25,25
Juan Fernández Islands temperate forests,25,25,25,0,40.0,100.0,100.0,25,25,25,25,25,25,25,25,25,25,25,25,25,25,25,25,25,25,25,25,25,25,25,25,25,25,25,25,25,25,25,25,25,25,25,25,25,25,25,25
Jamaican dry forests,24,23,23,0,40.0,95.8,95.8,24,24,24,24,24,24,24,24,24,24,24,24,24,24,24,24,24,24,24,24,24,24,24,24,24,24,24,24,24,24,24,24,24,24,24,24,23,23,24,24
Marianas tropical dry forests,24,24,24,0,40.0,100.0,100.0,24,24,24,24,24,24,24,24,24,24,24,24,24,24,24,24,24,24,24,24,24,24,24,24,24,24,24,24,24,24,24,24,24,24,24,24,24,24,24,24
Antipodes Subantarctic Islands tundra,24,24,24,0,40.0,100.0,100.0,24,24,24,24,24,24,24,24,24,24,24,24,24,24,24,24,24,24,24,24,24,24,24,24,24,24,24,24,24,24,24,24,24,24,24,24,24,24,24,24
Fernando de Noronha-Atol das Rocas moist forests,24,24,24,0,40.0,100.0,100.0,24,24,24,24,24,24,24,24,24,24,24,24,24,24,24,24,24,24,24,24,24,24,24,24,24,24,24,24,24,24,24,24,24,24,24,24,24,24,24,24
East Arabian fog shrublands and sand desert,24,24,24,0,40.0,100.0,100.0,24,24,24,24,24,24,24,24,24,24,24,24,24,24,24,24,24,24,24,24,24,24,24,24,24,24,24,24,24,24,24,24,24,24,24,24,24,24,24,24
Western Australian Mulga shrublands,24,23,24,0,40.0,95.8,100.0,23,24,24,24,24,24,24,24,24,24,24,24,24,24,24,24,24,24,24,24,24,24,24,24,24,24,24,24,24,24,24,24,24,24,24,24,24,24,24,24
Sundarbans mangroves,24,23,23,0,40.0,95.8,95.8,24,24,24,24,24,24,24,23,23,24,24,24,24,24,24,24,24,24,24,24,24,24,24,24,24,24,24,24,24,24,24,24,24,24,24,24,23,23,24,24
Al-Hajar montane woodlands and shrublands,24,22,22,0,40.0,91.7,91.7,24,24,24,24,24,24,24,24,24,24,24,24,24,24,24,24,24,24,24,24,24,24,24,24,24,24,24,24,24,24,24,24,24,24,24,24,22,22,24,24
Northern Cordillera forests,23,23,23,0,40.0,100.0,100.0,23,23,23,23,23,23,23,23,23,23,23,23,23,23,23,23,23,23,23,23,23,23,23,23,23,23,23,23,23,23,23,23,23,23,23,23,23,23,23,23
Veracruz dry forests,23,23,23,0,40.0,100.0,100.0,23,23,23,23,23,23,23,23,23,23,23,23,23,23,23,23,23,23,23,23,23,23,23,23,23,23,23,23,23,23,23,23,23,23,23,23,23,23,23,23
Syrian xeric grasslands and shrublands,23,22,22,0,40.0,95.7,95.7,23,23,23,23,23,23,23,23,23,23,23,23,23,23,23,23,23,23,23,23,23,23,23,23,23,23,23,23,23,23,23,23,23,23,23,23,22,22,23,23
Westland temperate forests,22,22,22,0,40.0,100.0,100.0,22,22,22,22,22,22,22,22,22,22,22,22,22,22,22,22,22,22,22,22,22,22,22,22,22,22,22,22,22,22,22,22,22,22,22,22,22,22,22,22
Kazakh upland steppe,22,22,22,0,40.0,100.0,100.0,22,22,22,22,22,22,22,22,22,22,22,22,22,22,22,22,22,22,22,22,22,22,22,22,22,22,22,22,22,22,22,22,22,22,22,22,22,22,22,22
Hawai'i tropical low shrublands,21,20,20,0,40.0,95.2,95.2,21,21,21,21,21,21,21,21,21,21,21,21,21,21,21,21,21,21,21,21,21,21,21,21,21,21,21,21,21,21,21,21,21,21,21,21,20,20,21,21
Northern Anatolian conifer and deciduous forests,20,20,20,0,40.0,100.0,100.0,20,20,20,20,20,20,20,20,20,20,20,20,20,20,20,20,20,20,20,20,20,20,20,20,20,20,20,20,20,20,20,20,20,20,20,20,20,20,20,20
Australian Alps montane grasslands,20,20,20,0,40.0,100.0,100.0,20,20,20,20,20,20,20,20,20,20,20,20,20,20,20,20,20,20,20,20,20,20,20,20,20,20,20,20,20,20,20,20,20,20,20,20,20,20,20,20
Marajó várzea,20,20,20,0,40.0,100.0,100.0,20,20,20,20,20,20,20,20,20,20,20,20,20,20,20,20,20,20,20,20,20,20,20,20,20,20,20,20,20,20,20,20,20,20,20,20,20,20,20,20
Ogilvie-MacKenzie alpine tundra,20,20,20,0,40.0,100.0,100.0,20,20,20,20,20,20,20,20,20,20,20,20,20,20,20,20,20,20,20,20,20,20,20,20,20,20,20,20,20,20,20,20,20,20,20,20,20,20,20,20
Society Islands tropical moist forests,19,16,16,0,40.0,84.2,84.2,19,19,19,19,19,19,19,17,17,19,19,19,19,19,19,19,19,19,19,19,19,19,19,19,19,19,19,19,19,19,19,19,19,19,19,19,16,16,19,19
Namaqualand-Richtersveld steppe,19,19,19,0,40.0,100.0,100.0,19,19,19,19,19,19,19,19,19,19,19,19,19,19,19,19,19,19,19,19,19,19,19,19,19,19,19,19,19,19,19,19,19,19,19,19,19,19,19,19
Kamchatka tundra,18,18,18,0,40.0,100.0,100.0,18,18,18,18,18,18,18,18,18,18,18,18,18,18,18,18,18,18,18,18,18,18,18,18,18,18,18,18,18,18,18,18,18,18,18,18,18,18,18,18
Emin Valley steppe,18,18,18,0,40.0,100.0,100.0,18,18,18,18,18,18,18,18,18,18,18,18,18,18,18,18,18,18,18,18,18,18,18,18,18,18,18,18,18,18,18,18,18,18,18,18,18,18,18,18
Pilbara shrublands,18,18,18,0,40.0,100.0,100.0,18,18,18,18,18,18,18,18,18,18,18,18,18,18,18,18,18,18,18,18,18,18,18,18,18,18,18,18,18,18,18,18,18,18,18,18,18,18,18,18
Nebraska Sand Hills mixed grasslands,17,17,17,0,40.0,100.0,100.0,17,17,17,17,17,17,17,17,17,17,17,17,17,17,17,17,17,17,17,17,17,17,17,17,17,17,17,17,17,17,17,17,17,17,17,17,17,17,17,17
Zambezian evergreen dry forests,17,17,17,0,40.0,100.0,100.0,17,17,17,17,17,17,17,17,17,17,17,17,17,17,17,17,17,17,17,17,17,17,17,17,17,17,17,17,17,17,17,17,17,17,17,17,17,17,17,17
Central Anatolian steppe,17,17,17,0,40.0,100.0,100.0,17,17,17,17,17,17,17,17,17,17,17,17,17,17,17,17,17,17,17,17,17,17,17,17,17,17,17,17,17,17,17,17,17,17,17,17,17,17,17,17
Lesser Antillean dry forests,17,17,17,0,40.0,100.0,100.0,17,17,17,17,17,17,17,17,17,17,17,17,17,17,17,17,17,17,17,17,17,17,17,17,17,17,17,17,17,17,17,17,17,17,17,17,17,17,17,17
East Central Texas forests,17,16,16,0,40.0,94.1,94.1,17,17,17,17,17,17,17,17,17,17,17,17,17,17,17,17,17,17,17,17,17,17,17,17,17,17,17,17,17,17,17,17,17,17,17,17,16,16,17,17
Northern New Guinea montane rain forests,16,16,16,0,40.0,100.0,100.0,16,16,16,16,16,16,16,16,16,16,16,16,16,16,16,16,16,16,16,16,16,16,16,16,16,16,16,16,16,16,16,16,16,16,16,16,16,16,16,16
Vanuatu rain forests,16,15,15,0,40.0,93.8,93.8,16,16,16,16,16,16,16,16,16,16,16,16,16,16,16,16,16,16,16,16,16,16,16,16,16,16,16,16,16,16,16,16,16,16,16,16,15,15,16,16
Ozark Mountain forests,15,13,13,0,40.0,86.7,86.7,15,15,15,15,15,15,15,14,14,15,15,15,15,15,15,15,15,15,15,15,15,15,15,15,15,15,15,15,15,15,15,15,15,15,15,15,13,13,15,15
Southwest Borneo freshwater swamp forests,15,15,15,0,40.0,100.0,100.0,15,15,15,15,15,15,15,15,15,15,15,15,15,15,15,15,15,15,15,15,15,15,15,15,15,15,15,15,15,15,15,15,15,15,15,15,15,15,15,15
Saharan halophytics,15,14,14,0,40.0,93.3,93.3,15,15,15,15,15,15,15,15,15,15,15,15,15,15,15,15,15,15,15,15,15,15,15,15,15,15,15,15,15,15,15,15,15,15,15,15,14,14,15,15
Cuban cactus scrub,14,12,12,0,40.0,85.7,85.7,14,14,14,14,14,14,14,12,12,14,14,14,14,14,14,14,14,14,14,14,14,14,14,14,14,14,14,14,14,14,14,14,14,14,14,14,12,12,14,14
Gurupa várzea,14,13,13,0,40.0,92.9,92.9,14,14,14,14,14,14,14,14,14,14,14,14,14,14,14,14,14,14,14,14,14,14,14,14,14,14,14,14,14,14,14,14,14,14,14,14,13,13,14,14
Yellow Sea saline meadow,13,13,13,0,40.0,100.0,100.0,13,13,13,13,13,13,13,13,13,13,13,13,13,13,13,13,13,13,13,13,13,13,13,13,13,13,13,13,13,13,13,13,13,13,13,13,13,13,13,13
Pamir alpine desert and tundra,13,12,12,0,40.0,92.3,92.3,13,13,13,13,13,13,13,13,13,13,13,13,13,13,13,13,13,13,13,13,13,13,13,13,13,13,13,13,13,13,13,13,13,13,13,13,12,12,13,13
Tongan tropical moist forests,13,12,12,0,40.0,92.3,92.3,13,13,13,13,13,13,13,13,13,13,13,13,13,13,13,13,13,13,13,13,13,13,13,13,13,13,13,13,13,13,13,13,13,13,13,13,12,12,13,13
Sayan Intermontane steppe,13,13,13,0,40.0,100.0,100.0,13,13,13,13,13,13,13,13,13,13,13,13,13,13,13,13,13,13,13,13,13,13,13,13,13,13,13,13,13,13,13,13,13,13,13,13,13,13,13,13
Northeast Congolian lowland forests,13,13,13,0,40.0,100.0,100.0,13,13,13,13,13,13,13,13,13,13,13,13,13,13,13,13,13,13,13,13,13,13,13,13,13,13,13,13,13,13,13,13,13,13,13,13,13,13,13,13
Palau tropical moist forests,12,12,12,0,40.0,100.0,100.0,12,12,12,12,12,12,12,12,12,12,12,12,12,12,12,12,12,12,12,12,12,12,12,12,12,12,12,12,12,12,12,12,12,12,12,12,12,12,12,12
Trinidad and Tobago dry forest,12,12,12,0,40.0,100.0,100.0,12,12,12,12,12,12,12,12,12,12,12,12,12,12,12,12,12,12,12,12,12,12,12,12,12,12,12,12,12,12,12,12,12,12,12,12,12,12,12,12
Western Himalayan alpine shrub and meadows,12,12,12,0,40.0,100.0,100.0,12,12,12,12,12,12,12,12,12,12,12,12,12,12,12,12,12,12,12,12,12,12,12,12,12,12,12,12,12,12,12,12,12,12,12,12,12,12,12,12
Lord Howe Island subtropical forests,12,12,12,0,40.0,100.0,100.0,12,12,12,12,12,12,12,12,12,12,12,12,12,12,12,12,12,12,12,12,12,12,12,12,12,12,12,12,12,12,12,12,12,12,12,12,12,12,12,12
Red Sea coastal desert,12,11,11,0,40.0,91.7,91.7,12,12,12,12,12,12,12,11,11,12,12,12,12,12,12,12,12,12,12,12,12,12,12,12,12,12,12,12,12,12,12,12,12,12,12,12,11,11,12,12
New Zealand South Island temperate forests,12,11,11,0,40.0,91.7,91.7,12,12,12,12,12,12,12,12,12,12,12,12,12,12,12,12,12,12,12,12,12,12,12,12,12,12,12,12,12,12,12,12,12,12,12,12,11,11,12,12
New Caledonia dry forests,12,12,12,0,40.0,100.0,100.0,12,12,12,12,12,12,12,12,12,12,12,12,12,12,12,12,12,12,12,12,12,12,12,12,12,12,12,12,12,12,12,12,12,12,12,12,12,12,12,12
Northwest Territories taiga,11,10,10,0,40.0,90.9,90.9,11,11,11,11,11,11,11,11,11,11,11,11,11,11,11,11,11,11,11,11,11,11,11,11,11,11,11,11,11,11,11,11,11,11,11,11,10,10,11,11
Queen Charlotte Islands conifer forests,11,11,11,0,40.0,100.0,100.0,11,11,11,11,11,11,11,11,11,11,11,11,11,11,11,11,11,11,11,11,11,11,11,11,11,11,11,11,11,11,11,11,11,11,11,11,11,11,11,11
South Siberian forest steppe,11,11,11,0,40.0,100.0,100.0,11,11,11,11,11,11,11,11,11,11,11,11,11,11,11,11,11,11,11,11,11,11,11,11,11,11,11,11,11,11,11,11,11,11,11,11,11,11,11,11
Christmas and Cocos Islands tropical forests,10,10,10,0,40.0,100.0,100.0,10,10,10,10,10,10,10,10,10,10,10,10,10,10,10,10,10,10,10,10,10,10,10,10,10,10,10,10,10,10,10,10,10,10,10,10,10,10,10,10
Ogasawara subtropical moist forests,10,9,9,0,40.0,90.0,90.0,10,10,10,10,10,10,10,10,10,10,10,10,10,10,10,10,10,10,10,10,10,10,10,10,10,10,10,10,10,10,10,10,10,10,10,10,9,9,10,10
Nicobar Islands rain forests,10,10,10,0,40.0,100.0,100.0,10,10,10,10,10,10,10,10,10,10,10,10,10,10,10,10,10,10,10,10,10,10,10,10,10,10,10,10,10,10,10,10,10,10,10,10,10,10,10,10
Somali montane xeric woodlands,9,9,9,0,40.0,100.0,100.0,9,9,9,9,9,9,9,9,9,9,9,9,9,9,9,9,9,9,9,9,9,9,9,9,9,9,9,9,9,9,9,9,9,9,9,9,9,9,9,9
Cuban pine forests,9,9,9,0,40.0,100.0,100.0,9,9,9,9,9,9,9,9,9,9,9,9,9,9,9,9,9,9,9,9,9,9,9,9,9,9,9,9,9,9,9,9,9,9,9,9,9,9,9,9
Nihonkai evergreen forests,9,9,9,0,40.0,100.0,100.0,9,9,9,9,9,9,9,9,9,9,9,9,9,9,9,9,9,9,9,9,9,9,9,9,9,9,9,9,9,9,9,9,9,9,9,9,9,9,9,9
Naracoorte woodlands,9,9,9,0,40.0,100.0,100.0,9,9,9,9,9,9,9,9,9,9,9,9,9,9,9,9,9,9,9,9,9,9,9,9,9,9,9,9,9,9,9,9,9,9,9,9,9,9,9,9
North Deccan dry deciduous forests,9,9,9,0,40.0,100.0,100.0,9,9,9,9,9,9,9,9,9,9,9,9,9,9,9,9,9,9,9,9,9,9,9,9,9,9,9,9,9,9,9,9,9,9,9,9,9,9,9,9
Eastern Canadian Shield taiga,9,8,9,0,40.0,88.9,100.0,8,9,9,9,9,9,9,9,9,9,9,9,9,9,9,9,9,9,9,9,9,9,9,9,9,9,9,9,9,9,9,9,9,9,9,9,9,9,9,9
Guayaquil flooded grasslands,8,8,8,0,40.0,100.0,100.0,8,8,8,8,8,8,8,8,8,8,8,8,8,8,8,8,8,8,8,8,8,8,8,8,8,8,8,8,8,8,8,8,8,8,8,8,8,8,8,8
North Tibetan Plateau-Kunlun Mountains alpine desert,8,8,8,0,40.0,100.0,100.0,8,8,8,8,8,8,8,8,8,8,8,8,8,8,8,8,8,8,8,8,8,8,8,8,8,8,8,8,8,8,8,8,8,8,8,8,8,8,8,8
Sayan alpine meadows and tundra,8,8,8,0,40.0,100.0,100.0,8,8,8,8,8,8,8,8,8,8,8,8,8,8,8,8,8,8,8,8,8,8,8,8,8,8,8,8,8,8,8,8,8,8,8,8,8,8,8,8
Copper Plateau taiga,8,8,8,0,40.0,100.0,100.0,8,8,8,8,8,8,8,8,8,8,8,8,8,8,8,8,8,8,8,8,8,8,8,8,8,8,8,8,8,8,8,8,8,8,8,8,8,8,8,8
Helanshan montane conifer forests,8,8,8,0,40.0,100.0,100.0,8,8,8,8,8,8,8,8,8,8,8,8,8,8,8,8,8,8,8,8,8,8,8,8,8,8,8,8,8,8,8,8,8,8,8,8,8,8,8,8
Muskwa-Slave Lake taiga,8,8,8,0,40.0,100.0,100.0,8,8,8,8,8,8,8,8,8,8,8,8,8,8,8,8,8,8,8,8,8,8,8,8,8,8,8,8,8,8,8,8,8,8,8,8,8,8,8,8
Carnarvon xeric shrublands,8,7,7,0,40.0,87.5,87.5,8,8,8,8,8,8,8,8,8,8,8,8,8,8,8,8,8,8,8,8,8,8,8,8,8,8,8,8,8,8,8,8,8,8,8,8,7,7,8,8
Papuan Central Range sub-alpine grasslands,8,8,8,0,40.0,100.0,100.0,8,8,8,8,8,8,8,8,8,8,8,8,8,8,8,8,8,8,8,8,8,8,8,8,8,8,8,8,8,8,8,8,8,8,8,8,8,8,8,8
Carolines tropical moist forests,7,7,7,0,40.0,100.0,100.0,7,7,7,7,7,7,7,7,7,7,7,7,7,7,7,7,7,7,7,7,7,7,7,7,7,7,7,7,7,7,7,7,7,7,7,7,7,7,7,7
Hawai'i tropical high shrublands,7,7,7,0,40.0,100.0,100.0,7,7,7,7,7,7,7,7,7,7,7,7,7,7,7,7,7,7,7,7,7,7,7,7,7,7,7,7,7,7,7,7,7,7,7,7,7,7,7,7
St. Helena scrub and woodlands,7,7,7,0,40.0,100.0,100.0,7,7,7,7,7,7,7,7,7,7,7,7,7,7,7,7,7,7,7,7,7,7,7,7,7,7,7,7,7,7,7,7,7,7,7,7,7,7,7,7
Gibson desert,7,7,7,0,40.0,100.0,100.0,7,7,7,7,7,7,7,7,7,7,7,7,7,7,7,7,7,7,7,7,7,7,7,7,7,7,7,7,7,7,7,7,7,7,7,7,7,7,7,7
Ordos Plateau steppe,7,6,6,0,40.0,85.7,85.7,7,7,7,7,7,7,7,7,7,7,7,7,7,7,7,7,7,7,7,7,7,7,7,7,7,7,7,7,7,7,7,7,7,7,7,7,6,6,7,7
New Guinea mangroves,6,6,6,0,40.0,100.0,100.0,6,6,6,6,6,6,6,6,6,6,6,6,6,6,6,6,6,6,6,6,6,6,6,6,6,6,6,6,6,6,6,6,6,6,6,6,6,6,6,6
Victoria Plains tropical savanna,6,6,6,0,40.0,100.0,100.0,6,6,6,6,6,6,6,6,6,6,6,6,6,6,6,6,6,6,6,6,6,6,6,6,6,6,6,6,6,6,6,6,6,6,6,6,6,6,6,6
Altai alpine meadow and tundra,6,6,6,0,40.0,100.0,100.0,6,6,6,6,6,6,6,6,6,6,6,6,6,6,6,6,6,6,6,6,6,6,6,6,6,6,6,6,6,6,6,6,6,6,6,6,6,6,6,6
Ascension scrub and grasslands,6,5,5,0,40.0,83.3,83.3,6,6,6,6,6,6,6,6,6,6,6,6,6,6,6,6,6,6,6,6,6,6,6,6,6,6,6,6,6,6,6,6,6,6,6,6,5,5,6,6
Kazakh semi-desert,6,4,4,0,40.0,66.7,66.7,4,4,4,4,4,4,4,6,4,4,4,4,4,4,4,4,4,4,4,4,4,4,4,4,4,6,6,6,6,6,6,4,4,4,4,6,4,4,4,4
Baluchistan xeric woodlands,6,6,6,0,40.0,100.0,100.0,6,6,6,6,6,6,6,6,6,6,6,6,6,6,6,6,6,6,6,6,6,6,6,6,6,6,6,6,6,6,6,6,6,6,6,6,6,6,6,6
Madagascar mangroves,5,4,4,0,40.0,80.0,80.0,5,5,5,5,5,5,5,5,5,5,5,5,5,5,5,5,5,5,5,5,5,5,5,5,5,5,5,5,5,5,5,5,5,5,5,5,4,4,5,5
Orinoco Delta swamp forests,4,4,4,0,40.0,100.0,100.0,4,4,4,4,4,4,4,4,4,4,4,4,4,4,4,4,4,4,4,4,4,4,4,4,4,4,4,4,4,4,4,4,4,4,4,4,4,4,4,4
Qilian Mountains subalpine meadows,4,4,4,0,40.0,100.0,100.0,4,4,4,4,4,4,4,4,4,4,4,4,4,4,4,4,4,4,4,4,4,4,4,4,4,4,4,4,4,4,4,4,4,4,4,4,4,4,4,4
Fiordland temperate forests,4,4,4,0,40.0,100.0,100.0,4,4,4,4,4,4,4,4,4,4,4,4,4,4,4,4,4,4,4,4,4,4,4,4,4,4,4,4,4,4,4,4,4,4,4,4,4,4,4,4
Southeast US mixed woodlands and savannas,4,4,4,0,40.0,100.0,100.0,4,4,4,4,4,4,4,4,4,4,4,4,4,4,4,4,4,4,4,4,4,4,4,4,4,4,4,4,4,4,4,4,4,4,4,4,4,4,4,4
Eastern Congolian swamp forests,4,4,4,0,40.0,100.0,100.0,4,4,4,4,4,4,4,4,4,4,4,4,4,4,4,4,4,4,4,4,4,4,4,4,4,4,4,4,4,4,4,4,4,4,4,4,4,4,4,4
Bermuda subtropical conifer forests,4,4,4,0,40.0,100.0,100.0,4,4,4,4,4,4,4,4,4,4,4,4,4,4,4,4,4,4,4,4,4,4,4,4,4,4,4,4,4,4,4,4,4,4,4,4,4,4,4,4
Sumatran freshwater swamp forests,3,3,3,0,40.0,100.0,100.0,3,3,3,3,3,3,3,3,3,3,3,3,3,3,3,3,3,3,3,3,3,3,3,3,3,3,3,3,3,3,3,3,3,3,3,3,3,3,3,3
Nullarbor Plains xeric shrublands,3,3,3,0,40.0,100.0,100.0,3,3,3,3,3,3,3,3,3,3,3,3,3,3,3,3,3,3,3,3,3,3,3,3,3,3,3,3,3,3,3,3,3,3,3,3,3,3,3,3
Canadian Low Arctic tundra,2,1,1,0,39.0,50.0,50.0,2,2,2,2,2,2,2,2,2,2,2,2,2,2,2,2,2,2,2,2,2,2,2,2,2,2,2,2,2,2,2,2,2,2,2,2,1,1,2,2
Canadian High Arctic tundra,2,2,2,0,40.0,100.0,100.0,2,2,2,2,2,2,2,2,2,2,2,2,2,2,2,2,2,2,2,2,2,2,2,2,2,2,2,2,2,2,2,2,2,2,2,2,2,2,2,2
Itigi-Sumbu thicket,2,2,2,0,40.0,100.0,100.0,2,2,2,2,2,2,2,2,2,2,2,2,2,2,2,2,2,2,2,2,2,2,2,2,2,2,2,2,2,2,2,2,2,2,2,2,2,2,2,2
Okhotsk-Manchurian taiga,2,2,2,0,40.0,100.0,100.0,2,2,2,2,2,2,2,2,2,2,2,2,2,2,2,2,2,2,2,2,2,2,2,2,2,2,2,2,2,2,2,2,2,2,2,2,2,2,2,2
Kamchatka taiga,2,2,2,0,40.0,100.0,100.0,2,2,2,2,2,2,2,2,2,2,2,2,2,2,2,2,2,2,2,2,2,2,2,2,2,2,2,2,2,2,2,2,2,2,2,2,2,2,2,2
Veracruz montane forests,2,2,2,0,40.0,100.0,100.0,2,2,2,2,2,2,2,2,2,2,2,2,2,2,2,2,2,2,2,2,2,2,2,2,2,2,2,2,2,2,2,2,2,2,2,2,2,2,2,2
Araya and Paria xeric scrub,2,2,2,0,40.0,100.0,100.0,2,2,2,2,2,2,2,2,2,2,2,2,2,2,2,2,2,2,2,2,2,2,2,2,2,2,2,2,2,2,2,2,2,2,2,2,2,2,2,2
Madagascar ericoid thickets,2,2,2,0,40.0,100.0,100.0,2,2,2,2,2,2,2,2,2,2,2,2,2,2,2,2,2,2,2,2,2,2,2,2,2,2,2,2,2,2,2,2,2,2,2,2,2,2,2,2
Scotia Sea Islands tundra,2,2,2,0,40.0,100.0,100.0,2,2,2,2,2,2,2,2,2,2,2,2,2,2,2,2,2,2,2,2,2,2,2,2,2,2,2,2,2,2,2,2,2,2,2,2,2,2,2,2
Zambezian coastal flooded savanna,2,2,2,0,40.0,100.0,100.0,2,2,2,2,2,2,2,2,2,2,2,2,2,2,2,2,2,2,2,2,2,2,2,2,2,2,2,2,2,2,2,2,2,2,2,2,2,2,2,2
Patía valley dry forests,1,1,1,0,40.0,100.0,100.0,1,1,1,1,1,1,1,1,1,1,1,1,1,1,1,1,1,1,1,1,1,1,1,1,1,1,1,1,1,1,1,1,1,1,1,1,1,1,1,1
East Sahara Desert,1,1,1,0,40.0,100.0,100.0,1,1,1,1,1,1,1,1,1,1,1,1,1,1,1,1,1,1,1,1,1,1,1,1,1,1,1,1,1,1,1,1,1,1,1,1,1,1,1,1
Enriquillo wetlands,1,1,1,0,40.0,100.0,100.0,1,1,1,1,1,1,1,1,1,1,1,1,1,1,1,1,1,1,1,1,1,1,1,1,1,1,1,1,1,1,1,1,1,1,1,1,1,1,1,1
West Sahara desert,1,1,1,0,40.0,100.0,100.0,1,1,1,1,1,1,1,1,1,1,1,1,1,1,1,1,1,1,1,1,1,1,1,1,1,1,1,1,1,1,1,1,1,1,1,1,1,1,1,1
Tigris-Euphrates alluvial salt marsh,1,1,1,0,40.0,100.0,100.0,1,1,1,1,1,1,1,1,1,1,1,1,1,1,1,1,1,1,1,1,1,1,1,1,1,1,1,1,1,1,1,1,1,1,1,1,1,1,1,1
Tubuai tropical moist forests,1,1,1,0,40.0,100.0,100.0,1,1,1,1,1,1,1,1,1,1,1,1,1,1,1,1,1,1,1,1,1,1,1,1,1,1,1,1,1,1,1,1,1,1,1,1,1,1,1,1
Tristan Da Cunha-Gough Islands shrub and grasslands,1,1,1,0,40.0,100.0,100.0,1,1,1,1,1,1,1,1,1,1,1,1,1,1,1,1,1,1,1,1,1,1,1,1,1,1,1,1,1,1,1,1,1,1,1,1,1,1,1,1
Yapen rain forests,1,1,1,0,40.0,100.0,100.0,1,1,1,1,1,1,1,1,1,1,1,1,1,1,1,1,1,1,1,1,1,1,1,1,1,1,1,1,1,1,1,1,1,1,1,1,1,1,1,1
Chimalapas montane forests,1,1,1,0,40.0,100.0,100.0,1,1,1,1,1,1,1,1,1,1,1,1,1,1,1,1,1,1,1,1,1,1,1,1,1,1,1,1,1,1,1,1,1,1,1,1,1,1,1,1
Makgadikgadi halophytics,1,1,1,0,40.0,100.0,100.0,1,1,1,1,1,1,1,1,1,1,1,1,1,1,1,1,1,1,1,1,1,1,1,1,1,1,1,1,1,1,1,1,1,1,1,1,1,1,1,1
Maracaibo dry forests,1,1,1,0,40.0,100.0,100.0,1,1,1,1,1,1,1,1,1,1,1,1,1,1,1,1,1,1,1,1,1,1,1,1,1,1,1,1,1,1,1,1,1,1,1,1,1,1,1,1
Rwenzori-Virunga montane moorlands,1,1,1,0,40.0,100.0,100.0,1,1,1,1,1,1,1,1,1,1,1,1,1,1,1,1,1,1,1,1,1,1,1,1,1,1,1,1,1,1,1,1,1,1,1,1,1,1,1,1
Southern Hudson Bay taiga,1,1,1,0,40.0,100.0,100.0,1,1,1,1,1,1,1,1,1,1,1,1,1,1,1,1,1,1,1,1,1,1,1,1,1,1,1,1,1,1,1,1,1,1,1,1,1,1,1,1
Ile Europa and Bassas da India xeric scrub,1,1,1,0,40.0,100.0,100.0,1,1,1,1,1,1,1,1,1,1,1,1,1,1,1,1,1,1,1,1,1,1,1,1,1,1,1,1,1,1,1,1,1,1,1,1,1,1,1,1
Luzon montane rain forests,1,1,1,0,40.0,100.0,100.0,1,1,1,1,1,1,1,1,1,1,1,1,1,1,1,1,1,1,1,1,1,1,1,1,1,1,1,1,1,1,1,1,1,1,1,1,1,1,1,1
Kuh Rud and Eastern Iran montane woodlands,1,1,1,0,40.0,100.0,100.0,1,1,1,1,1,1,1,1,1,1,1,1,1,1,1,1,1,1,1,1,1,1,1,1,1,1,1,1,1,1,1,1,1,1,1,1,1,1,1,1
Tarim Basin deciduous forests and steppe,1,1,1,0,40.0,100.0,100.0,1,1,1,1,1,1,1,1,1,1,1,1,1,1,1,1,1,1,1,1,1,1,1,1,1,1,1,1,1,1,1,1,1,1,1,1,1,1,1,1
